trajectory_id,p_t,v_t,u_t,p_next,v_next,margin
0,-0.1666769905434342,-0.7385693915175979,0.3753057054212088,-0.23622441688822354,-0.6954742634478932,1.8333230094565658
0,-0.23622441688822354,-0.6954742634478932,0.41827153024275204,-0.30122765583615135,-0.6500323894792781,1.7637755831117765
0,-0.30122765583615135,-0.6500323894792781,0.46610900055332183,-0.3613893253979193,-0.6016166956176793,1.6987723441638487
0,-0.3613893253979193,-0.6016166956176793,0.36853931284537156,-0.41785186476204533,-0.5646253936412603,1.6386106746020808
0,-0.41785186476204533,-0.5646253936412603,0.38651975014647083,-0.47056441879653516,-0.5271255403448981,1.5821481352379547
0,-0.47056441879653516,-0.5271255403448981,0.29372854657757297,-0.5205694740508299,-0.5000505525429471,1.5294355812034648
0,-0.5205694740508299,-0.5000505525429471,0.1374353461156183,-0.5695154841924112,-0.4894601014158129,1.4794305259491702
0,-0.5695154841924112,-0.4894601014158129,0.46386329256787817,-0.614190087347828,-0.4467460315541678,1.430484515807589
0,-0.614190087347828,-0.4467460315541678,0.3886225273764168,-0.6554326491315954,-0.4124256178376738,1.3858099126521721
0,-0.6554326491315954,-0.4124256178376738,-0.0008029848731247458,-0.6972012245943681,-0.41768575462772684,1.3445673508684046
0,-0.6972012245943681,-0.41768575462772684,-0.22550420874701094,-0.7417507363777341,-0.44549511783366075,1.3027987754056318
0,-0.7417507363777341,-0.44549511783366075,-0.0586355242455025,-0.7873858583321054,-0.4563512195437124,1.258249263622266
0,-0.7873858583321054,-0.4563512195437124,-0.11292422561016294,-0.8346378315677282,-0.47251973235622796,1.2126141416678946
0,-0.8346378315677282,-0.47251973235622796,-0.09939477467899811,-0.8833449640662105,-0.4870713249848232,1.1653621684322717
0,-0.8833449640662105,-0.4870713249848232,0.03772078478133255,-0.9321037303057204,-0.4875876623950977,1.1166550359337895
0,-0.9321037303057204,-0.4875876623950977,-0.35688762526122997,-0.9848405705099598,-0.5273684020423938,1.0678962696942795
0,-0.9848405705099598,-0.5273684020423938,-0.00408027283779161,-1.0379382330513478,-0.5309766254138814,1.0151594294900401
0,-1.0379382330513478,-0.5309766254138814,-0.1316909251513724,-1.092630009138844,-0.5469177608749602,0.9620617669486522
0,-1.092630009138844,-0.5469177608749602,-0.023907035625140252,-1.1477658432326048,-0.5513583409376078,0.9073699908611561
0,-1.1477658432326048,-0.5513583409376078,0.16886011544124668,-1.2013560220522796,-0.5359017881967483,0.8522341567673952
1,-0.29804804258360873,-0.7930396277302052,-0.20857797056829708,-0.3789435501967101,-0.8089550761310139,1.7019519574163913
1,-0.3789435501967101,-0.8089550761310139,-0.2582596959259662,-0.4619899530184638,-0.830464028217537,1.62105644980329
1,-0.4619899530184638,-0.830464028217537,-0.16059601027594006,-0.5462462153256934,-0.8425626230722959,1.5380100469815363
1,-0.5462462153256934,-0.8425626230722959,-0.14100740200766998,-0.6315579054899061,-0.8531169016421268,1.4537537846743067
1,-0.6315579054899061,-0.8531169016421268,-0.21904827854725514,-0.7187307966367138,-0.8717289114680766,1.368442094510094
1,-0.7187307966367138,-0.8717289114680766,-0.2098559407442017,-0.8076552795170449,-0.88924482880331,1.2812692033632862
1,-0.8076552795170449,-0.88924482880331,-0.06238789630779157,-0.8968167143362465,-0.891614348192017,1.1923447204829551
1,-0.8968167143362465,-0.891614348192017,-0.06854616323189823,-0.9862513660752499,-0.8943465173900339,1.1031832856637536
1,-0.9862513660752499,-0.8943465173900339,-0.009030236152759066,-1.0753128527542688,-0.8906148667901885,1.0137486339247501
1,-1.0753128527542688,-0.8906148667901885,-0.23091351305635832,-1.1661629272162604,-0.9085007446199159,0.9246871472457312
1,-1.1661629272162604,-0.9085007446199159,-0.20237063017915796,-1.2583776727267018,-0.9221474551044151,0.8338370727837396
1,-1.2583776727267018,-0.9221474551044151,-0.29523351523220565,-1.3527371917585091,-0.943595190318074,0.7416223272732982
1,-1.3527371917585091,-0.943595190318074,-0.15869707456493315,-1.4476860631218114,-0.9494887136330225,0.6472628082414909
1,-1.4476860631218114,-0.9494887136330225,-0.1010565394741286,-1.5424881988322503,-0.9480213571043902,0.5523139368781886
1,-1.5424881988322503,-0.9480213571043902,0.016007706179423917,-1.6358274095521879,-0.9333921071993752,0.4575118011677497
1,-1.6358274095521879,-0.9333921071993752,0.08387156071484689,-1.726917316799644,-0.9108990724745629,0.36417259044781214
1,-1.726917316799644,-0.9108990724745629,0.05691693767931122,-1.8159476946053177,-0.8903037780567351,0.2730826832003559
1,-1.8159476946053177,-0.8903037780567351,0.1000103623272374,-1.9024122931777363,-0.8646459857241867,0.18405230539468231
1,-1.9024122931777363,-0.8646459857241867,0.06749195335825921,-1.9865880197178796,-0.8417572654014319,0.0975877068222637
1,-1.9865880197178796,-0.8417572654014319,0.11400580714073391,-2.0,0.0,0.013411980282120428
2,1.5952615192164679,-0.9100553985000666,0.28772428065995737,1.508336394725595,-0.8692512449087276,0.40473848078353214
2,1.508336394725595,-0.8692512449087276,0.47133398701859497,1.4273576828729675,-0.8097871185262755,0.491663605274405
2,1.4273576828729675,-0.8097871185262755,0.5,1.352588970599107,-0.7476871227386043,0.5726423171270325
2,1.352588970599107,-0.7476871227386043,0.5,1.2839969667271243,-0.685920038719828,0.647411029400893
2,1.2839969667271243,-0.685920038719828,0.5,1.2215448189555054,-0.6245214777161885,0.7160030332728757
2,1.2215448189555054,-0.6245214777161885,0.3790807215665427,1.1639829766210006,-0.5756184233450485,0.7784551810444946
2,1.1639829766210006,-0.5756184233450485,0.442063092027059,1.1119201964685812,-0.5206278015241949,0.8360170233789994
2,1.1119201964685812,-0.5206278015241949,0.41928493093660213,1.0650922358955544,-0.4682796057302678,0.8880798035314188
2,1.0650922358955544,-0.4682796057302678,0.36115136660126074,1.022882781641322,-0.42209454254232387,0.9349077641044456
2,1.022882781641322,-0.42209454254232387,0.45694758688219206,0.986221494392609,-0.3666128724871302,0.977117218358678
2,0.986221494392609,-0.3666128724871302,0.39271174267440023,0.954425266872197,-0.31796227520412024,1.013778505607391
2,0.954425266872197,-0.31796227520412024,0.4307281628753938,0.9278426924150576,-0.26582574457139374,1.0455747331278031
2,0.9278426924150576,-0.26582574457139374,0.2552217260561342,0.9046860844793242,-0.23156607935733364,1.0721573075849424
2,0.9046860844793242,-0.23156607935733364,-0.021192755858159107,0.8821753236712724,-0.22510760808051855,1.0953139155206757
2,0.8821753236712724,-0.22510760808051855,0.0928814242266387,0.8614544486731592,-0.20720874998113173,1.1178246763287276
2,0.8614544486731592,-0.20720874998113173,-0.01215918432564185,0.8414671475694157,-0.19987301103743532,1.1385455513268408
2,0.8414671475694157,-0.19987301103743532,0.1674966561652788,0.8240097121573071,-0.17457435412108535,1.1585328524305845
2,0.8240097121573071,-0.17457435412108535,0.31255729326956705,0.810521179808025,-0.13488532349282148,1.1759902878426929
2,0.810521179808025,-0.13488532349282148,0.38927854404558776,0.80175171432186,-0.08769465486164965,1.189478820191975
2,0.80175171432186,-0.08769465486164965,0.34409654624360564,0.797234321963208,-0.04517392358652029,1.19824828567814
3,-1.2069561578376158,0.15785882311208788,0.13960610063149292,-1.1903437050638153,0.1661245277380044,0.7930438421623842
3,-1.1903437050638153,0.1661245277380044,0.4347160553715713,-1.169977149627019,0.2036655543679624,0.8096562949361847
3,-1.169977149627019,0.2036655543679624,0.5,-1.145247610941342,0.2472953868567685,0.830022850372981
3,-1.145247610941342,0.2472953868567685,0.5,-1.1162114081594228,0.29036202781919296,0.8547523890586579
3,-1.1162114081594228,0.29036202781919296,0.47806002468729336,-1.0831522654585102,0.33059142700912564,0.8837885918405772
3,-1.0831522654585102,0.33059142700912564,0.38960870475460485,-1.0470232625787086,0.3612900287980169,0.9168477345414898
3,-1.0470232625787086,0.3612900287980169,0.3650161863526685,-1.0081328532745717,0.38890409304136975,0.9529767374212914
3,-1.0081328532745717,0.38890409304136975,0.32999811255623046,-0.9668912592494562,0.41241594025115513,0.9918671467254283
3,-0.9668912592494562,0.41241594025115513,0.06847798350815448,-0.9259678883061158,0.4092337094334037,1.033108740750544
3,-0.9259678883061158,0.4092337094334037,0.20458133898226438,-0.8840185042532333,0.41949384052882466,1.0740321116938842
3,-0.8840185042532333,0.41949384052882466,0.23432585981029905,-0.8407743130560358,0.4324419119719743,1.1159814957467669
3,-0.8407743130560358,0.4324419119719743,0.20633806154651474,-0.7965423488386637,0.44231964217372094,1.159225686943964
3,-0.7965423488386637,0.44231964217372094,0.2287215154524433,-0.7511164407651815,0.454259080734822,1.2034576511613362
3,-0.7511164407651815,0.454259080734822,0.06339073725932537,-0.7061642726458548,0.4495216811932664,1.2488835592348186
3,-0.7061642726458548,0.4495216811932664,0.1886804686347475,-0.6604183806407588,0.4574589200509601,1.2938357273541452
3,-0.6604183806407588,0.4574589200509601,0.15086332364510166,-0.6142528963341696,0.4616548430658921,1.3395816193592411
3,-0.6142528963341696,0.4616548430658921,-0.10040748928880297,-0.5701647653752808,0.44088130958888755,1.3857471036658304
3,-0.5701647653752808,0.44088130958888755,-0.21135936294255114,-0.5292088093851421,0.4095595599013865,1.4298352346247192
3,-0.5292088093851421,0.4095595599013865,-0.18126017583453977,-0.49101432834981146,0.3819448103533069,1.4707911906148579
3,-0.49101432834981146,0.3819448103533069,-0.2242339323075921,-0.45594630992943397,0.35068018420377484,1.5089856716501886
4,1.0918460640225551,0.5369991496426461,-0.4333877362302525,1.1414339380330119,0.49587874010456634,0.9081539359774449
4,1.1414339380330119,0.49587874010456634,-0.4139760216046903,1.1871188161952886,0.45684878162276776,0.8585660619669881
4,1.1871188161952886,0.45684878162276776,-0.4774800941921626,1.2282712143595704,0.4115239816428192,0.8128811838047114
4,1.2282712143595704,0.4115239816428192,-0.5,1.2646757540673035,0.3640453970773308,0.7717287856404296
4,1.2646757540673035,0.3640453970773308,-0.40839398275729955,1.2972573227470143,0.3258156867971089,0.7353242459326965
4,1.2972573227470143,0.3258156867971089,-0.4638423448219953,1.3254573893309518,0.28200066583937583,0.7027426772529857
4,1.3254573893309518,0.28200066583937583,-0.4481045210681404,1.349434103253962,0.23976713923010257,0.6745426106690482
4,1.349434103253962,0.23976713923010257,-0.5,1.368667307018794,0.19233203764832046,0.6505658967460379
4,1.368667307018794,0.19233203764832046,-0.42634587199972235,1.3838962340160519,0.1522892699725787,0.631332692981206
4,1.3838962340160519,0.1522892699725787,-0.41229387174730536,1.3952595589266021,0.11363324910550301,0.6161037659839481
4,1.3952595589266021,0.11363324910550301,-0.46917848442952714,1.4021868550677818,0.06927296141179803,0.6047404410733979
4,1.4021868550677818,0.06927296141179803,-0.5,1.4043716442556653,0.021847891878834118,0.5978131449322182
4,1.4043716442556653,0.021847891878834118,-0.20792762970084966,1.4047378310144358,0.0036618675877050054,0.5956283557443347
4,1.4047378310144358,0.0036618675877050054,-0.05484115992664926,1.4048164221115744,0.0007859109713863627,0.5952621689855642
4,1.4048164221115744,0.0007859109713863627,0.13990290168065211,1.4065547584730782,0.017383363615038866,0.5951835778884256
4,1.4065547584730782,0.017383363615038866,0.005469693574092355,1.4086054246096789,0.020506661366006405,0.5934452415269218
4,1.4086054246096789,0.020506661366006405,0.14919351911250212,1.4124023734657378,0.03796948856059043,0.5913945753903211
4,1.4124023734657378,0.03796948856059043,0.03275748363507079,1.4167739473633092,0.04371573897571325,0.5875976265342622
4,1.4167739473633092,0.04371573897571325,0.2311744105033986,1.423696955577358,0.06923008214048856,0.5832260526366908
4,1.423696955577358,0.06923008214048856,-0.03295176231414282,1.4305152354513928,0.06818279874034884,0.576303044422642
5,1.5276579683436058,-0.5878618792693981,-0.4271059406088421,1.4651880291708679,-0.6246993917273784,0.4723420316563942
5,1.4651880291708679,-0.6246993917273784,-0.4957940929170389,1.3985132427544322,-0.666747864164356,0.5348119708291321
5,1.3985132427544322,-0.666747864164356,-0.42457881306840206,1.328529727980356,-0.6998351477407605,0.6014867572455678
5,1.328529727980356,-0.6998351477407605,-0.3860033672283604,1.2557934696572608,-0.7273625832309526,0.6714702720196439
5,1.2557934696572608,-0.7273625832309526,-0.2994416365689061,1.1813276989598824,-0.7446577069737831,0.7442065303427392
5,1.1813276989598824,-0.7446577069737831,-0.4118227775135073,1.1041374919404903,-0.7719020701939205,0.8186723010401176
5,1.1041374919404903,-0.7719020701939205,-0.5,1.0234839132830567,-0.8065357865743357,0.8958625080595097
5,1.0234839132830567,-0.8065357865743357,-0.5,0.939517089659858,-0.839668236231986,0.9765160867169433
5,0.939517089659858,-0.839668236231986,-0.438500242573099,0.8529851234508042,-0.8653196620905375,1.0604829103401419
5,0.8529851234508042,-0.8653196620905375,-0.4394116314534815,0.7639749104302219,-0.890102130205823,1.1470148765491959
5,0.7639749104302219,-0.890102130205823,-0.21364831601961315,0.6748159027358452,-0.8915900769437666,1.236025089569778
5,0.6748159027358452,-0.8915900769437666,-0.23273611419925858,0.5853024473211341,-0.8951345541471109,1.3251840972641546
5,0.5853024473211341,-0.8951345541471109,-0.23286143834339268,0.49539906547197937,-0.8990338184915473,1.4146975526788659
5,0.49539906547197937,-0.8990338184915473,0.07922907476429736,0.4081695379915594,-0.8722952748041995,1.5046009345280207
5,0.4081695379915594,-0.8722952748041995,-0.07772381272858003,0.32188703565413596,-0.8628250233742345,1.5918304620084407
5,0.32188703565413596,-0.8628250233742345,-0.27047084685489287,0.23449670005773007,-0.8739033559640588,1.678112964345864
5,0.23449670005773007,-0.8739033559640588,-0.14185709602599042,0.1471949449972543,-0.8730175506047577,1.76550329994227
5,0.1471949449972543,-0.8730175506047577,-0.18262998200281114,0.05944225441543663,-0.8775269058181767,1.8528050550027457
5,0.05944225441543663,-0.8775269058181767,-0.21393124318310214,-0.02919978466154184,-0.8864203907697846,1.9405577455845633
5,-0.02919978466154184,-0.8864203907697846,-0.05681418877529715,-0.1172780470661949,-0.8807826240465304,1.970800215338458
6,-1.0808684634709729,0.1047927251833427,0.32063273063764497,-1.0678636695178103,0.13004793953162586,0.9191315365290271
6,-1.0678636695178103,0.13004793953162586,0.3147130802667814,-1.0524128138902853,0.15450855627525031,0.9321363304821897
6,-1.0524128138902853,0.15450855627525031,0.5,-1.0326863781045794,0.19726435785705945,0.9475871861097147
6,-1.0326863781045794,0.19726435785705945,0.5,-1.0087224480314558,0.23963930073123632,0.9673136218954206
6,-1.0087224480314558,0.23963930073123632,0.5,-0.9805661782896437,0.28156269741812145,0.9912775519685442
6,-0.9805661782896437,0.28156269741812145,0.36866468685392423,-0.9495820030105664,0.3098417527907731,1.0194338217103565
6,-0.9495820030105664,0.3098417527907731,0.04313855775468939,-0.9190677010416883,0.30514301968878016,1.0504179969894336
6,-0.9190677010416883,0.30514301968878016,-0.06030781522023419,-0.8900677274073513,0.2899997363433701,1.0809322989583117
6,-0.8900677274073513,0.2899997363433701,-0.13087370291359657,-0.8632851753459231,0.2678255206142816,1.1099322725926486
6,-0.8632851753459231,0.2678255206142816,-0.12588434408814408,-0.8386593758823627,0.24625799463560374,1.136714824654077
6,-0.8386593758823627,0.24625799463560374,-0.21071337667276208,-0.8170271401648154,0.21632235717547327,1.1613406241176372
6,-0.8170271401648154,0.21632235717547327,-0.2580602841789371,-0.7988441002385848,0.18183039926230646,1.1829728598351847
6,-0.7988441002385848,0.18183039926230646,-0.0934197804580878,-0.782444562306363,0.16399537932221778,1.2011558997614151
6,-0.782444562306363,0.16399537932221778,-0.1641890561239001,-0.7685272427040643,0.13917319602298678,1.217555437693637
6,-0.7685272427040643,0.13917319602298678,0.11897280232687613,-0.754248793484695,0.14278449219369294,1.2314727572959359
6,-0.754248793484695,0.14278449219369294,0.05516974173858824,-0.7402476760136043,0.1400111747109071,1.2457512065153051
6,-0.7402476760136043,0.1400111747109071,0.013414647040681828,-0.7269385572750545,0.1330911873854976,1.2597523239863957
6,-0.7269385572750545,0.1330911873854976,-0.15809650573764472,-0.7160315116754628,0.10907045599591805,1.2730614427249454
6,-0.7160315116754628,0.10907045599591805,0.026499202025403817,-0.7056696321706036,0.1036187950485915,1.2839684883245372
6,-0.7056696321706036,0.1036187950485915,-0.08876693781975621,-0.6970013782361326,0.08668253934470964,1.2943303678293963
9,-1.4475387082151707,0.8378882658893896,-0.13161430829909693,-1.3663143306555177,0.81224377559653,0.5524612917848293
9,-1.3663143306555177,0.81224377559653,-0.10160465067616822,-1.287413736705107,0.789005939504107,0.6336856693444823
9,-1.287413736705107,0.789005939504107,-0.5,-1.2148764629792785,0.7253727372582844,0.7125862632948929
9,-1.2148764629792785,0.7253727372582844,-0.5,-1.1486510199425344,0.6622544303674408,0.7851235370207215
9,-1.1486510199425344,0.6622544303674408,-0.41121942803924344,-1.0877936426477055,0.6085737729482881,0.8513489800574656
9,-1.0877936426477055,0.6085737729482881,-0.5,-1.0331499051881876,0.546437374595178,0.9122063573522945
9,-1.0331499051881876,0.546437374595178,-0.45255209738863555,-0.9841833629512279,0.4896654223695969,0.9668500948118124
9,-0.9841833629512279,0.4896654223695969,-0.2826354229557363,-0.9391404368072078,0.4504292614402008,1.015816637048772
9,-0.9391404368072078,0.4504292614402008,-0.15332863069115577,-0.8966976050829198,0.42442831724287966,1.0608595631927922
9,-0.8966976050829198,0.42442831724287966,-0.036377702593056574,-0.8556690210800242,0.410285840028956,1.1033023949170802
9,-0.8556690210800242,0.410285840028956,0.1788604000374971,-0.8138964469891659,0.41772574090858294,1.1443309789199758
9,-0.8138964469891659,0.41772574090858294,0.2818046011269709,-0.7703662699872399,0.43530177001925996,1.1861035530108341
9,-0.7703662699872399,0.43530177001925996,0.38504101383958295,-0.7240695527881092,0.4629671719913062,1.2296337300127602
9,-0.7240695527881092,0.4629671719913062,0.2599692651881438,-0.676288640464121,0.47780912323988334,1.2759304472118909
9,-0.676288640464121,0.47780912323988334,0.41785438826656085,-0.6254526642415641,0.5083597622255689,1.3237113595358792
9,-0.6254526642415641,0.5083597622255689,0.5,-0.5707637482513658,0.5468891599019828,1.374547335758436
9,-0.5707637482513658,0.5468891599019828,0.39308663810595956,-0.5133200137579192,0.5744373449344655,1.4292362517486343
9,-0.5133200137579192,0.5744373449344655,0.39579461894230805,-0.45309775197080654,0.6022226178711272,1.4866799862420808
9,-0.45309775197080654,0.6022226178711272,0.5,-0.38904922873657216,0.6404852323423439,1.5469022480291934
9,-0.38904922873657216,0.6404852323423439,0.40781720633764174,-0.3220994064912012,0.6694982224537094,1.610950771263428
10,1.8649314370639525,0.9950175691491474,0.0970725953693935,1.963474891710464,0.985434546465116,0.13506856293604752
10,1.963474891710464,0.985434546465116,0.21000553425981106,2.0,0.0,0.036525108289535924
10,2.0,0.0,0.26804043185451754,2.0,0.0,0.0
10,2.0,0.0,0.5,2.0,0.0,0.0
10,2.0,0.0,0.28199666787759503,2.0,0.0,0.0
10,2.0,0.0,0.4548092790505096,2.0,0.0,0.0
10,2.0,0.0,0.2664183638547675,2.0,0.0,0.0
10,2.0,0.0,0.10445841587824795,2.0,0.0,0.0
10,2.0,0.0,0.11789117184188325,2.0,0.0,0.0
10,2.0,0.0,-0.1349908056207419,1.9980446499475462,-0.019553500524537616,0.0
10,1.9980446499475462,-0.019553500524537616,-0.1260859175539083,1.9942256218201906,-0.03819028127355676,0.0019553500524538414
10,1.9942256218201906,-0.03819028127355676,0.10171104926649285,1.9908265291927207,-0.03399092627469864,0.005774378179809414
10,1.9908265291927207,-0.03399092627469864,0.20434026557219764,1.988876825546322,-0.019497036463987115,0.00917347080727926
10,1.988876825546322,-0.019497036463987115,0.07250146284259532,1.9870590465319447,-0.018177790143773378,0.011123174453677942
10,1.9870590465319447,-0.018177790143773378,0.17498572421691416,1.9863999137086354,-0.006591328233091,0.01294095346805535
10,1.9863999137086354,-0.006591328233091,0.009878014652240474,1.985248629779793,-0.01151283928842391,0.013600086291364555
10,1.985248629779793,-0.01151283928842391,-0.16529909869155288,1.9818548003433085,-0.0339382943648448,0.014751370220206894
10,1.9818548003433085,-0.0339382943648448,-0.267538706847841,1.9752012408168416,-0.06653559526466885,0.01814519965669148
10,1.9752012408168416,-0.06653559526466885,-0.35730967141475,1.9644024522224746,-0.10798788594366954,0.024798759183158436
10,1.9644024522224746,-0.10798788594366954,-0.4058928816577235,1.948995516190386,-0.15406936032088514,0.03559754777752544
12,1.2463049108562223,-0.7217713154341205,0.2558295279874079,1.177951006413752,-0.6835390444247028,0.7536950891437777
12,1.177951006413752,-0.6835390444247028,0.4221291713071639,1.1150850829731669,-0.62865923440585,0.8220489935862481
12,1.1150850829731669,-0.62865923440585,0.38585983861497886,1.0573028773573345,-0.5778220561583237,0.8849149170268331
12,1.0573028773573345,-0.5778220561583237,0.36873162664994624,1.0043934006198234,-0.5290947673751111,0.9426971226426655
12,1.0043934006198234,-0.5290947673751111,0.47226923332992915,0.95735101274259,-0.47042387877233316,0.9956065993801766
12,0.95735101274259,-0.47042387877233316,0.5,0.9163937287864418,-0.4095728395614825,1.0426489872574098
12,0.9163937287864418,-0.4095728395614825,0.5,0.8814607706420919,-0.3493295814434987,1.0836062712135583
12,0.8814607706420919,-0.3493295814434987,0.5,0.8524961397541543,-0.2896463088793771,1.118539229357908
12,0.8524961397541543,-0.2896463088793771,0.5,0.8294501587248776,-0.2304598102927665,1.1475038602458456
12,0.8294501587248776,-0.2304598102927665,0.34261475082192716,0.8107068898727233,-0.18743268852154246,1.1705498412751223
12,0.8107068898727233,-0.18743268852154246,0.3429684218421881,0.7962449771262611,-0.14461912746462297,1.1892931101272768
12,0.7962449771262611,-0.14461912746462297,0.49263532791807424,0.787540601459016,-0.08704375667245066,1.203755022873739
12,0.787540601459016,-0.08704375667245066,0.4297159497346506,0.7839447428684269,-0.03595858590589201,1.212459398540984
12,0.7839447428684269,-0.03595858590589201,0.411171219067927,0.7852625326184799,0.013177897500530014,1.2160552571315733
12,0.7852625326184799,0.013177897500530014,0.45679150222021037,0.7919479768758281,0.0668544425734817,1.21473746738152
12,0.7919479768758281,0.0668544425734817,0.22770593186368393,0.8017037075379664,0.0975573066213828,1.2080520231241718
12,0.8017037075379664,0.0975573066213828,0.2206226178821767,0.8144509628812806,0.1274725534331421,1.1982962924620337
12,0.8144509628812806,0.1274725534331421,0.36273611606260836,0.8315998553830787,0.17148892501798024,1.1855490371187194
12,0.8315998553830787,0.17148892501798024,0.23545150135076617,0.8518557372965735,0.20255881913494833,1.1684001446169212
12,0.8518557372965735,0.20255881913494833,0.07605540373800729,0.8736035719573368,0.2174783466076338,1.1481442627034264
13,-0.9065520604211512,0.6701449185302002,-0.427285766602005,-0.8452606970079013,0.6129136341324992,1.0934479395788488
13,-0.8452606970079013,0.6129136341324992,-0.403123007666017,-0.7893583315645827,0.5590236544331864,1.1547393029920987
13,-0.7893583315645827,0.5590236544331864,-0.434365325581215,-0.7390683554538401,0.5028997611074262,1.2106416684354173
13,-0.7390683554538401,0.5028997611074262,-0.4385776554953237,-0.6943400862873651,0.44728269166474943,1.2609316445461598
13,-0.6943400862873651,0.44728269166474943,-0.5,-0.6556986799390884,0.3864140634827675,1.3056599137126348
13,-0.6556986799390884,0.3864140634827675,-0.20174681512697457,-0.6200719509387611,0.3562672900032732,1.3443013200609117
13,-0.6200719509387611,0.3562672900032732,-0.48106805025358107,-0.5902029565966206,0.298689943421405,1.379928049061239
13,-0.5902029565966206,0.298689943421405,-0.5,-0.5662075942248469,0.23995362371773657,1.4097970434033793
13,-0.5662075942248469,0.23995362371773657,-0.4534770417633761,-0.5475577208945611,0.18649873330285743,1.433792405775153
13,-0.5475577208945611,0.18649873330285743,-0.49994649459558715,-0.5346706700730094,0.1288705082155173,1.4524422791054388
13,-0.5346706700730094,0.1288705082155173,-0.5,-0.5275100379236602,0.07160632149349107,1.4653293299269907
13,-0.5275100379236602,0.07160632149349107,-0.41277057484398894,-0.525180730824259,0.023293070994012753,1.4724899620763399
13,-0.525180730824259,0.023293070994012753,-0.46730555911017607,-0.5282193755841139,-0.030386447598549374,1.474819269175741
13,-0.5282193755841139,-0.030386447598549374,-0.5,-0.5369531225069357,-0.087337469228218,1.471780624415886
13,-0.5369531225069357,-0.087337469228218,-0.4953788246540101,-0.551332471357919,-0.1437934885098323,1.4630468774930643
13,-0.551332471357919,-0.1437934885098323,-0.5,-0.5713947357592319,-0.20062264401313035,1.4486675286420811
13,-0.5713947357592319,-0.20062264401313035,-0.5,-0.5971244618545889,-0.25729726095356953,1.428605264240768
13,-0.5971244618545889,-0.25729726095356953,-0.4143388200804753,-0.627642225119503,-0.30517763264914055,1.4028755381454112
13,-0.627642225119503,-0.30517763264914055,-0.4109895931811671,-0.6628906943682807,-0.35248469248777753,1.3723577748804971
13,-0.6628906943682807,-0.35248469248777753,-0.29423876358098505,-0.7016712900264461,-0.3878059565816539,1.3371093056317194
15,1.3236560003973068,0.36524331276741884,0.26591602250433366,1.363018906703121,0.39362906305814255,0.6763439996026932
15,1.363018906703121,0.39362906305814255,0.15985370638904872,1.4040708924031848,0.4105198570006372,0.6369810932968789
15,1.4040708924031848,0.4105198570006372,0.047645676302000534,1.4456083896451615,0.41537497241976684,0.5959291075968152
15,1.4456083896451615,0.41537497241976684,-0.015014690807618941,1.4869351499323304,0.41326760287168934,0.5543916103548385
15,1.4869351499323304,0.41326760287168934,0.07555840759178857,1.5288948588070053,0.4195970887467493,0.5130648500676696
15,1.5288948588070053,0.4195970887467493,0.031839204603692606,1.570975831056411,0.4208097224940573,0.47110514119299474
15,1.570975831056411,0.4208097224940573,-0.10888267578288058,1.6117020681073575,0.4072623705094638,0.42902416894358897
15,1.6117020681073575,0.4072623705094638,0.1040702081361422,1.6531548370813485,0.4145276897399087,0.3882979318926425
15,1.6531548370813485,0.4145276897399087,-0.1878311236800006,1.6923403664595442,0.3918552937819586,0.34684516291865153
15,1.6923403664595442,0.3918552937819586,-0.05471488534927424,1.730555860281759,0.38215493822214835,0.3076596335404558
15,1.730555860281759,0.38215493822214835,-0.1594671270657667,1.7667063312336309,0.36150470951871916,0.269444139718241
15,1.7667063312336309,0.36150470951871916,-0.12092539154986379,1.8011460228857221,0.34439691652091275,0.23329366876636914
15,1.8011460228857221,0.34439691652091275,-0.10512455801432456,1.8340008953511489,0.32854872465426704,0.19885397711427788
15,1.8340008953511489,0.32854872465426704,0.1216719261190677,1.8675086251876747,0.3350772983652574,0.16599910464885115
15,1.8675086251876747,0.3350772983652574,0.21613628398948248,1.90256193995694,0.35053314769265376,0.1324913748123253
15,1.90256193995694,0.35053314769265376,0.1678116993058099,1.9386163393559004,0.36054399398960485,0.09743806004305999
15,1.9386163393559004,0.36054399398960485,0.4213924566546869,1.9781528259171433,0.39536486561242856,0.061383660644099614
15,1.9781528259171433,0.39536486561242856,0.1689292060427029,2.0,0.0,0.021847174082856746
15,2.0,0.0,0.09000198190726046,2.0,0.0,0.0
15,2.0,0.0,0.23803862346630322,2.0,0.0,0.0
16,1.2577019897331958,-0.5061037159776764,-0.020543442924672917,1.2077392438273575,-0.4996274590583818,0.7422980102668042
16,1.2077392438273575,-0.4996274590583818,0.08757749823202386,1.1595578894873693,-0.48181354339988297,0.7922607561726425
16,1.1595578894873693,-0.48181354339988297,-0.13713365888820978,1.1109396816837116,-0.4861820780365762,0.8404421105126307
16,1.1109396816837116,-0.4861820780365762,-0.3352149968769848,1.059960225745011,-0.5097945593870061,0.8890603183162884
16,1.059960225745011,-0.5097945593870061,-0.44167357098264914,1.005636255438716,-0.5432397030629488,0.9400397742549891
16,1.005636255438716,-0.5432397030629488,-0.20204139130255078,0.9504581742699174,-0.5517808116879855,0.9943637445612841
16,0.9504581742699174,-0.5517808116879855,-0.2066149282348266,0.894427439670595,-0.560307345993224,1.0495418257300826
16,0.894427439670595,-0.560307345993224,-0.22678716453026354,0.8373808053419116,-0.5704663432868339,1.105572560329405
16,0.8373808053419116,-0.5704663432868339,-0.2511194524467136,0.7791068046428156,-0.5827400069909606,1.1626191946580884
16,0.7791068046428156,-0.5827400069909606,-0.351680058687568,0.7186253189013891,-0.6048148574142642,1.2208931953571844
16,0.7186253189013891,-0.6048148574142642,-0.42788073504109275,0.6552066041427099,-0.6341871475867917,1.2813746810986109
16,0.6552066041427099,-0.6341871475867917,-0.11993886533462494,0.5919648238698476,-0.6324178027286237,1.3447933958572902
16,0.5919648238698476,-0.6324178027286237,-0.28359955752282284,0.5272278530535659,-0.6473697081628167,1.4080351761301524
16,0.5272278530535659,-0.6473697081628167,-0.07947771163813158,0.4630204417398852,-0.642074113136807,1.472772146946434
16,0.4630204417398852,-0.642074113136807,-0.13059236272726285,0.39876489296518636,-0.6425554877469887,1.5369795582601147
16,0.39876489296518636,-0.6425554877469887,-0.09047096798878054,0.3347964571542878,-0.6396843581089854,1.6012351070348136
16,0.3347964571542878,-0.6396843581089854,-0.06967143592130602,0.27124163458359496,-0.635548225706928,1.6652035428457121
16,0.27124163458359496,-0.635548225706928,-0.23158767611138487,0.2063898290331836,-0.6485180555041135,1.7287583654164052
16,0.2063898290331836,-0.6485180555041135,-0.2588183851891403,0.1399016287870077,-0.6648820024617588,1.7936101709668164
16,0.1399016287870077,-0.6648820024617588,-0.15045641550041317,0.07279289975189472,-0.6710872903511298,1.8600983712129924
17,0.6977779621420774,0.019624810502018253,0.1584941351359992,0.7021125545673916,0.04334592425314227,1.3022220378579226
17,0.7021125545673916,0.04334592425314227,0.002344752210903689,0.7072567034604443,0.05144148893052683,1.2978874454326084
17,0.7072567034604443,0.05144148893052683,-0.012186853791417512,0.713065264603772,0.05808561143327631,1.2927432965395558
17,0.713065264603772,0.05808561143327631,-0.03233276541727968,0.7193370804978079,0.06271815894035898,1.286934735396228
17,0.7193370804978079,0.06271815894035898,-0.2640452706991291,0.7237555709784493,0.0441849048064152,1.2806629195021921
17,0.7237555709784493,0.0441849048064152,-0.3711537918306052,0.725253523084005,0.014979521055557391,1.2762444290215507
17,0.725253523084005,0.014979521055557391,-0.3422244450236833,0.7241231133313604,-0.011304097526446854,1.274746476915995
17,0.7241231133313604,-0.011304097526446854,-0.47099844943347974,0.7190769108622709,-0.050462024690895335,1.2758768866686396
17,0.7190769108622709,-0.050462024690895335,-0.4162845815699192,0.7106646549000106,-0.08412255962260284,1.2809230891377292
17,0.7106646549000106,-0.08412255962260284,-0.4360534407786265,0.6986935599059017,-0.11971094994109031,1.2893353450999894
17,0.6986935599059017,-0.11971094994109031,-0.4489113743849252,0.683042849045497,-0.15650710860404732,1.3013064400940983
17,0.683042849045497,-0.15650710860404732,-0.38851533461634513,0.6643270224315104,-0.18715826613986475,1.316957150954503
17,0.6643270224315104,-0.18715826613986475,-0.4043184813079405,0.6423972145455493,-0.21929807885961128,1.3356729775684895
17,0.6423972145455493,-0.21929807885961128,-0.47886104045461814,0.6165184373101661,-0.2587877723538323,1.3576027854544508
17,0.6165184373101661,-0.2587877723538323,-0.3979220828181883,0.5875156955071554,-0.2900274180301064,1.383481562689834
17,0.5875156955071554,-0.2900274180301064,-0.4669753499137502,0.5547075356124648,-0.32808159894690675,1.4124843044928446
17,0.5547075356124648,-0.32808159894690675,-0.4156750014451325,0.5186204327563946,-0.3608710285607014,1.4452924643875353
17,0.5186204327563946,-0.3608710285607014,-0.3026381602340116,0.4803910935201319,-0.3822933923626271,1.4813795672436054
17,0.4803910935201319,-0.3822933923626271,-0.2459725982928621,0.4405769625917533,-0.39814130928378566,1.5196089064798681
17,0.4405769625917533,-0.39814130928378566,0.03241548696536034,0.40194194015854623,-0.38635022433207056,1.5594230374082467
18,-0.04083166068043553,-0.6168872010156563,0.3178249143816154,-0.09883656497740187,-0.5800490429696633,1.9591683393195645
18,-0.09883656497740187,-0.5800490429696633,0.15363137150071574,-0.1549575808669547,-0.561210158895528,1.901163435022598
18,-0.1549575808669547,-0.561210158895528,0.07686567106436001,-0.2100814870550061,-0.5512390618805141,1.8450424191330452
18,-0.2100814870550061,-0.5512390618805141,0.1164207378641855,-0.2639117165154022,-0.5383022946039611,1.789918512944994
18,-0.2639117165154022,-0.5383022946039611,-0.07637679644128467,-0.3184739832499271,-0.5456226673452491,1.7360882834845979
18,-0.3184739832499271,-0.5456226673452491,-0.11776292308434042,-0.374243118785119,-0.5576913553519189,1.681526016750073
18,-0.374243118785119,-0.5576913553519189,0.3247629899958837,-0.42684251924967814,-0.5259940046455914,1.625756881214881
18,-0.42684251924967814,-0.5259940046455914,0.39814345517260896,-0.4756484465126736,-0.4880592726299543,1.573157480750322
18,-0.4756484465126736,-0.4880592726299543,0.5,-0.519748406356281,-0.4409995984360739,1.5243515534873264
18,-0.519748406356281,-0.4409995984360739,0.38583182055683146,-0.5603880465411702,-0.4063964018488929,1.480251593643719
18,-0.5603880465411702,-0.4063964018488929,0.49087324789182357,-0.5965915678349484,-0.3620352129377808,1.4396119534588299
18,-0.5965915678349484,-0.3620352129377808,0.4574750555260503,-0.6287673721749722,-0.3217580434002391,1.4034084321650515
18,-0.6287673721749722,-0.3217580434002391,0.5,-0.6565489509831265,-0.27781578808154217,1.3712326278250278
18,-0.6565489509831265,-0.27781578808154217,0.4133954271172619,-0.6808543863885268,-0.2430543540540031,1.3434510490168736
18,-0.6808543863885268,-0.2430543540540031,0.23601422736929836,-0.703493642964467,-0.22639256575940228,1.3191456136114732
18,-0.703493642964467,-0.22639256575940228,0.12026530907258562,-0.725642656677778,-0.22149013713311066,1.296506357035533
18,-0.725642656677778,-0.22149013713311066,0.08031694898268402,-0.7477092077238457,-0.2206655104606766,1.274357343322222
18,-0.7477092077238457,-0.2206655104606766,-0.019219816471601175,-0.770692645377464,-0.22983437653618172,1.2522907922761544
18,-0.770692645377464,-0.22983437653618172,-0.19152793584867558,-0.7963117806499365,-0.2561913527247252,1.2293073546225362
18,-0.7963117806499365,-0.2561913527247252,-0.180922189841326,-0.8244414962433054,-0.2812971559336895,1.2036882193500635
19,-1.6862458518463228,-0.2567289397847772,0.09681427782179597,-1.710668656178875,-0.24422804332552242,0.3137541481536772
19,-1.710668656178875,-0.24422804332552242,0.30107534769403643,-1.7317703478347846,-0.21101691655909538,0.2893313438211249
19,-1.7317703478347846,-0.21101691655909538,0.11097023533195546,-1.751442412838271,-0.19672065003486405,0.26822965216521544
19,-1.751442412838271,-0.19672065003486405,0.07017674358482075,-1.77007187526181,-0.1862946242353895,0.24855758716172893
19,-1.77007187526181,-0.1862946242353895,0.14617861690921713,-1.786877026260992,-0.16805150999181923,0.2299281247381899
19,-1.786877026260992,-0.16805150999181923,0.0015060655826281966,-1.8032896870675204,-0.1641266080652834,0.2131229737390079
19,-1.8032896870675204,-0.1641266080652834,-0.025917676859642524,-1.8195623895818782,-0.16272702514357795,0.19671031293247965
19,-1.8195623895818782,-0.16272702514357795,-0.02916186239695279,-1.835705183939302,-0.16142794357423637,0.18043761041812179
19,-1.835705183939302,-0.16142794357423637,-0.0004344972121101097,-1.8514089339530717,-0.15703750013769788,0.16429481606069807
19,-1.8514089339530717,-0.15703750013769788,-0.04191633483729626,-1.867069077056094,-0.15660143103022328,0.1485910660469283
19,-1.867069077056094,-0.15660143103022328,-0.08103416065667371,-1.883055996250925,-0.1598691919483091,0.13293092294390596
19,-1.883055996250925,-0.1598691919483091,-0.015693990569451338,-1.8986937521880882,-0.15637755937163178,0.11694400374907499
19,-1.8986937521880882,-0.15637755937163178,0.2629318506337396,-1.9111776771828193,-0.1248392499473111,0.10130624781191178
19,-1.9111776771828193,-0.1248392499473111,0.4938725290406753,-1.9181959909125417,-0.07018313729722467,0.08882232281718072
19,-1.9181959909125417,-0.07018313729722467,0.39806657899152703,-1.9207140653032504,-0.025180743907086266,0.08180400908745833
19,-1.9207140653032504,-0.025180743907086266,0.32480002629244137,-1.919467914850718,0.0124615045253222,0.0792859346967496
19,-1.919467914850718,0.0124615045253222,0.41787915166583456,-1.9135294591232008,0.059384557275173736,0.0805320851492819
19,-1.9135294591232008,0.059384557275173736,0.5,-1.902089865962578,0.1143959316062278,0.08647054087679917
19,-1.902089865962578,0.1143959316062278,0.4266140861209735,-1.8859116347287421,0.1617823123383587,0.09791013403742199
19,-1.8859116347287421,0.1617823123383587,0.21519893755464542,-1.8671492095252469,0.18762425203495303,0.11408836527125787
20,-0.8971463612554724,0.5386850594214294,-0.47232641714780255,-0.8492164946496371,0.4792986660583529,1.1028536387445276
20,-0.8492164946496371,0.4792986660583529,-0.47194027954440604,-0.8071441140510088,0.4207238059862827,1.150783505350363
20,-0.8071441140510088,0.4207238059862827,-0.4826795791198793,-0.7709632855260303,0.3618082852497853,1.1928558859489913
20,-0.7709632855260303,0.3618082852497853,-0.3625263028208401,-0.7394037445202093,0.31559541005821007,1.2290367144739696
20,-0.7394037445202093,0.31559541005821007,-0.15362268460421166,-0.7103264486623413,0.2907729585786806,1.2605962554797907
20,-0.7103264486623413,0.2907729585786806,0.011446951857984916,-0.682052506363201,0.28273942299140253,1.2896735513376587
20,-0.682052506363201,0.28273942299140253,0.06801664639997254,-0.6540012822027188,0.28051224160482197,1.317947493636799
20,-0.6540012822027188,0.28051224160482197,0.08141908323794858,-0.6260264322749565,0.27974849927762346,1.3459987177972812
20,-0.6260264322749565,0.27974849927762346,0.24639838390155114,-0.5964646912891473,0.29561740985809243,1.3739735677250435
20,-0.5964646912891473,0.29561740985809243,-0.05910045778042941,-0.5683686023337404,0.2809608895540681,1.4035353087108526
20,-0.5683686023337404,0.2809608895540681,-0.1387691891138087,-0.5425044267109074,0.2586417562283308,1.4316313976662596
20,-0.5425044267109074,0.2586417562283308,-0.3706229141215973,-0.5211542696049294,0.21350157105977943,1.4574955732890926
20,-0.5211542696049294,0.21350157105977943,-0.5,-0.5055633433262114,0.15590926278717973,1.4788457303950706
20,-0.5055633433262114,0.15590926278717973,-0.5,-0.49568682303272626,0.09876520293485165,1.4944366566737886
20,-0.49568682303272626,0.09876520293485165,-0.5,-0.4914943577034325,0.041924653292937576,1.5043131769672737
20,-0.4914943577034325,0.041924653292937576,-0.5,-0.49297025564153596,-0.014758979381034279,1.5085056422965675
20,-0.49297025564153596,-0.014758979381034279,-0.5,-0.5001128601950756,-0.07142604553539661,1.507029744358464
20,-0.5001128601950756,-0.07142604553539661,-0.3889774816541478,-0.5118108613816797,-0.1169800118660414,1.4998871398049243
20,-0.5118108613816797,-0.1169800118660414,-0.5,-0.5291715344160743,-0.17360673034394547,1.4881891386183201
20,-0.5291715344160743,-0.17360673034394547,-0.36522436724936785,-0.5508364775839995,-0.21664943167925066,1.4708284655839257
21,-0.987613058140349,-0.6528131768451957,0.04483991914282115,-1.0525421906047463,-0.6492913246439733,1.012386941859651
21,-1.0525421906047463,-0.6492913246439733,0.05318045754744452,-1.1169956547695228,-0.6445346416477655,0.9474578093952537
21,-1.1169956547695228,-0.6445346416477655,0.31421303120827093,-1.1783142747097783,-0.6131861994025553,0.8830043452304772
21,-1.1783142747097783,-0.6131861994025553,0.5,-1.234634338508016,-0.5632006379823778,0.8216857252902217
21,-1.234634338508016,-0.5632006379823778,0.5,-1.2859768545816428,-0.5134251607362674,0.7653656614919839
21,-1.2859768545816428,-0.5134251607362674,0.5,-1.332355424994176,-0.4637857041253326,0.7140231454183572
21,-1.332355424994176,-0.4637857041253326,0.5,-1.373778558526225,-0.4142313353204897,0.667644575005824
21,-1.373778558526225,-0.4142313353204897,0.26709827065479924,-1.412580462203793,-0.38801903677568056,0.626221441473775
21,-1.412580462203793,-0.38801903677568056,0.36318737118961325,-1.4477735959590314,-0.351931337552384,0.587419537796207
21,-1.4477735959590314,-0.351931337552384,0.5,-1.4779758025614929,-0.30202206602461334,0.5522264040409686
21,-1.4779758025614929,-0.30202206602461334,0.5,-1.503188844455778,-0.25213041894285104,0.5220241974385071
21,-1.503188844455778,-0.25213041894285104,0.3415177878959132,-1.524999196502215,-0.21810352046436995,0.49681115554422206
21,-1.524999196502215,-0.21810352046436995,0.10838029943134167,-1.5457275648298736,-0.20728368327658658,0.47500080349778506
21,-1.5457275648298736,-0.20728368327658658,0.052113392856487015,-1.5659104426576251,-0.20182877827751577,0.4542724351701264
21,-1.5659104426576251,-0.20182877827751577,0.08039847195336416,-1.585236050772441,-0.19325608114815834,0.43408955734237487
21,-1.585236050772441,-0.19325608114815834,0.08476843270126252,-1.6036348523438764,-0.18398801571435408,0.414763949227559
21,-1.6036348523438764,-0.18398801571435408,-0.039833976383691364,-1.6223287124180776,-0.1869386007420118,0.39636514765612363
21,-1.6223287124180776,-0.1869386007420118,-0.3784014187206858,-1.6446718616962783,-0.22343149278200714,0.37767128758192237
21,-1.6446718616962783,-0.22343149278200714,-0.5,-1.671822357263083,-0.2715049556680474,0.3553281383037217
21,-1.671822357263083,-0.2715049556680474,-0.5,-1.7037017363645157,-0.3187937910143272,0.32817764273691696
22,1.3276416269284068,-0.7463391892362927,0.26671011054745897,1.256884235470414,-0.7075739145799282,0.6723583730715932
22,1.256884235470414,-0.7075739145799282,0.5,1.1923477434749108,-0.6453649199550322,0.743115764529586
22,1.1923477434749108,-0.6453649199550322,0.5,1.1339853305689072,-0.5836241290600361,0.8076522565250892
22,1.1339853305689072,-0.5836241290600361,0.5,1.081747170929144,-0.5223815963976329,0.8660146694310928
22,1.081747170929144,-0.5223815963976329,0.5,1.0355818843567035,-0.46165286572440495,0.918252829070856
22,1.0355818843567035,-0.46165286572440495,0.5,0.9954382079101999,-0.4014367644650366,0.9644181156432965
22,0.9954382079101999,-0.4014367644650366,0.4395987458017041,0.9606626911597068,-0.34775516750493085,1.0045617920898002
22,0.9606626911597068,-0.34775516750493085,0.367254181708545,0.9304924696466178,-0.30170221513088963,1.039337308840293
22,0.9304924696466178,-0.30170221513088963,0.5,0.906225336412895,-0.2426713323372277,1.0695075303533823
22,0.906225336412895,-0.2426713323372277,0.5,0.8878232919652211,-0.18402044447673893,1.093774663587105
22,0.8878232919652211,-0.18402044447673893,0.4336303385711,0.8745916193542542,-0.13231672610966913,1.1121767080347789
22,0.8745916193542542,-0.13231672610966913,0.2851146598670691,0.8650246598784732,-0.09566959475780962,1.1254083806457458
22,0.8650246598784732,-0.09566959475780962,0.2066948806089213,0.8583282550316153,-0.0669640484685795,1.1349753401215268
22,0.8583282550316153,-0.0669640484685795,0.038004567404868184,0.8528101271343606,-0.05518127897254676,1.1416717449683849
22,0.8528101271343606,-0.05518127897254676,0.1060146033440407,0.8491494527416704,-0.036606743926900984,1.1471898728656393
22,0.8491494527416704,-0.036606743926900984,0.4497193991888482,0.8507814884631869,0.016320357215165324,1.1508505472583295
22,0.8507814884631869,0.016320357215165324,0.5,0.8582062944282505,0.07424805965063568,1.1492185115368132
22,0.8582062944282505,0.07424805965063568,0.5,0.8714143645699941,0.13208070141743677,1.1417937055717495
22,0.8714143645699941,0.13208070141743677,0.4847373097536252,0.8902318309497329,0.18817466379738787,1.128585635430006
22,0.8902318309497329,0.18817466379738787,0.5,0.9147786629396458,0.2454683198991294,1.109768169050267
23,-1.3947654033414758,0.17747627222520035,0.29960112727305754,-1.3743448787229817,0.20420524618494185,0.6052345966585242
23,-1.3743448787229817,0.20420524618494185,0.030712371977077157,-1.3539860774380987,0.20358801284883055,0.6256551212770183
23,-1.3539860774380987,0.20358801284883055,0.07530531488309661,-1.3332725223007655,0.2071355513733319,0.6460139225619013
23,-1.3332725223007655,0.2071355513733319,0.2240622333990911,-1.3107486071623955,0.22523915138370096,0.6667274776992345
23,-1.3107486071623955,0.22523915138370096,0.29174004133007947,-1.2857809609913828,0.24967646171012559,0.6892513928376045
23,-1.2857809609913828,0.24967646171012559,0.16540723613573588,-1.2596844762994703,0.2609648469191253,0.7142190390086172
23,-1.2596844762994703,0.2609648469191253,-0.04058260710683778,-1.2345622464914672,0.25122229808003155,0.7403155237005297
23,-1.2345622464914672,0.25122229808003155,-0.163190670045254,-1.2116649273015878,0.22897319189879362,0.7654377535085328
23,-1.2116649273015878,0.22897319189879362,-0.35203864538640584,-1.1928930997614742,0.1877182754011373,0.7883350726984122
23,-1.1928930997614742,0.1877182754011373,-0.45317134139242543,-1.1792545434723014,0.13638556289172826,0.8071069002385258
23,-1.1792545434723014,0.13638556289172826,-0.5,-1.1712082632929584,0.08046280179342968,0.8207454565276986
23,-1.1712082632929584,0.08046280179342968,-0.40942175253812674,-1.1678393375124347,0.03368925780523665,0.8287917367070416
23,-1.1678393375124347,0.03368925780523665,-0.40186833750599193,-1.1690679686206262,-0.012286311081914109,0.8321606624875653
23,-1.1690679686206262,-0.012286311081914109,-0.5,-1.1758721813928787,-0.06804212772252409,0.8309320313793738
23,-1.1758721813928787,-0.06804212772252409,-0.40908570645806963,-1.1873285038205434,-0.11456322427664765,0.8241278186071213
23,-1.1873285038205434,-0.11456322427664765,-0.5,-1.2043202847825984,-0.1699178096205503,0.8126714961794566
23,-1.2043202847825984,-0.1699178096205503,-0.4442603081344726,-1.2262466139677122,-0.21926329185113647,0.7956797152174016
23,-1.2262466139677122,-0.21926329185113647,-0.4906116689092365,-1.2535156191430392,-0.2726900517532703,0.7737533860322878
23,-1.2535156191430392,-0.2726900517532703,-0.5,-1.2861473440140312,-0.3263172487099192,0.7464843808569608
23,-1.2861473440140312,-0.3263172487099192,-0.5,-1.3240505771626747,-0.3790323314864341,0.7138526559859688
24,0.16617310710524302,-0.9292744754578397,-0.4170004611238406,0.0706319909262994,-0.9554111617894362,1.833826892894757
24,0.0706319909262994,-0.9554111617894362,-0.5,-0.02842727382622462,-0.9905926475252401,1.9293680090737007
24,-0.02842727382622462,-0.9905926475252401,-0.5,-0.13106008702698196,-1.0263281320075734,1.9715727261737754
24,-0.13106008702698196,-1.0263281320075734,-0.3391997665701243,-0.23571217685162232,-1.0465208982464034,1.868939912973018
24,-0.23571217685162232,-1.0465208982464034,-0.3767482451742088,-0.342852264729616,-1.0714008787799365,1.7642878231483776
24,-0.342852264729616,-1.0714008787799365,-0.3573982690592927,-0.4523510602980161,-1.0949879556840005,1.657147735270384
24,-0.4523510602980161,-1.0949879556840005,-0.38811397860699487,-0.5645614906172485,-1.122104303192324,1.547648939701984
24,-0.5645614906172485,-1.122104303192324,-0.4272292197035179,-0.6798787661550112,-1.1531727553776272,1.4354385093827515
24,-0.6798787661550112,-1.1531727553776272,-0.3022280417438221,-0.7970058620766545,-1.1712709592164328,1.3201212338449888
24,-0.7970058620766545,-1.1712709592164328,-0.4531650763192947,-0.9174065796994475,-1.2040071762279299,1.2029941379233455
24,-0.9174065796994475,-1.2040071762279299,-0.43039968774085313,-1.0407091239070805,-1.2330254420763305,1.0825934203005525
24,-1.0407091239070805,-1.2330254420763305,-0.14089020446512818,-1.163837995133107,-1.2312887122602647,0.9592908760929195
24,-1.163837995133107,-1.2312887122602647,-0.29803746649627805,-1.2882547189009455,-1.2441672376783837,0.836162004866893
24,-1.2882547189009455,-1.2441672376783837,-0.4657675476297782,-1.4154355788499238,-1.2718085994897823,0.7117452810990545
24,-1.4154355788499238,-1.2718085994897823,-0.5,-1.5454347896576899,-1.299992108077662,0.5845644211500762
24,-1.5454347896576899,-1.299992108077662,-0.5,-1.6779395923052696,-1.325048026475796,0.4545652103423101
24,-1.6779395923052696,-1.325048026475796,-0.5,-1.8126406462787814,-1.3470105397351193,0.32206040769473043
24,-1.8126406462787814,-1.3470105397351193,-0.5,-1.9492480058965251,-1.3660735961774364,0.1873593537212186
24,-1.9492480058965251,-1.3660735961774364,-0.5,-2.0,0.0,0.05075199410347486
24,-2.0,0.0,-0.5,-2.0,0.0,0.0
25,1.5963635160770524,0.9732257362805388,0.25222582383077896,1.6947467057645702,0.9838318968751769,0.4036364839229476
25,1.6947467057645702,0.9838318968751769,0.3261374050726066,1.7947430861537241,0.9999638038915396,0.3052532942354298
25,1.7947430861537241,0.9999638038915396,0.07891900095277846,1.8936823109023506,0.9893922474862655,0.20525691384627587
25,1.8936823109023506,0.9893922474862655,0.009691529787645578,1.9907686533086262,0.9708634240627546,0.10631768909764938
25,1.9907686533086262,0.9708634240627546,-0.06167343664904942,2.0,0.0,0.00923134669137382
25,2.0,0.0,-0.08637712634354318,1.9985307867403181,-0.014692132596817745,0.0
25,1.9985307867403181,-0.014692132596817745,-0.04904964874272317,1.995967497943689,-0.025632887966290645,0.0014692132596818563
25,1.995967497943689,-0.025632887966290645,0.017961657756305253,1.9929836062510349,-0.029838916926542017,0.004032502056311005
25,1.9929836062510349,-0.029838916926542017,0.08517124800178585,1.9902547179069696,-0.0272888834406525,0.007016393748965122
25,1.9902547179069696,-0.0272888834406525,0.2580743312563522,1.9895125541596894,-0.007421637472802639,0.009745282093030383
25,1.9895125541596894,-0.007421637472802639,-0.04884821767380948,1.9876876493156195,-0.0182490484406998,0.010487445840310583
25,1.9876876493156195,-0.0182490484406998,-0.10701169051822429,1.984200743987088,-0.034869053285315296,0.012312350684380524
25,1.984200743987088,-0.034869053285315296,-0.06801649915682956,1.979446878261646,-0.04753865725441905,0.0157992560129121
25,1.979446878261646,-0.04753865725441905,-0.1484569300641395,1.9726283915820237,-0.06818486679622204,0.020553121738354108
25,1.9726283915820237,-0.06818486679622204,-0.23680223811133505,1.9628729330107424,-0.09755458571281428,0.027371608417976256
25,1.9628729330107424,-0.09755458571281428,-0.11035486759101881,1.9514632203732047,-0.11409712637537585,0.03712706698925761
25,1.9514632203732047,-0.11409712637537585,-0.43622223072916333,1.9351589025725509,-0.16304317800653917,0.04853677962679526
25,1.9351589025725509,-0.16304317800653917,-0.5,1.913361724101601,-0.21797178470949907,0.06484109742744915
25,1.913361724101601,-0.21797178470949907,-0.5,1.8861295937422897,-0.27232130359311213,0.08663827589839901
25,1.8861295937422897,-0.27232130359311213,-0.5,1.8535369551577598,-0.3259263858452979,0.11387040625771028
27,-1.2865187117048502,-0.1679235327230022,0.1828486438444923,-1.3018710131757094,-0.15352301470859103,0.7134812882951498
27,-1.3018710131757094,-0.15352301470859103,0.17313207126284813,-1.3158664729757061,-0.13995459799996665,0.6981289868242906
27,-1.3158664729757061,-0.13995459799996665,0.03174399647089868,-1.3299055557188948,-0.1403908274318856,0.6841335270242939
27,-1.3299055557188948,-0.1403908274318856,0.005812735627986551,-1.3442276336577474,-0.1432207793885266,0.6700944442811052
27,-1.3442276336577474,-0.1432207793885266,0.10170701929236704,-1.35785210386751,-0.13624470209762632,0.6557723663422526
27,-1.35785210386751,-0.13624470209762632,-0.08504802158659368,-1.3726297143868584,-0.14777610519348428,0.64214789613249
27,-1.3726297143868584,-0.14777610519348428,-0.0026904865462751143,-1.3877103038324683,-0.15080589445609913,0.6273702856131416
27,-1.3877103038324683,-0.15080589445609913,0.09104341714909667,-1.402132780587887,-0.14422476755418673,0.6122896961675317
27,-1.402132780587887,-0.14422476755418673,0.24134856651115658,-1.4143753433090351,-0.12242562721148163,0.5978672194121131
27,-1.4143753433090351,-0.12242562721148163,0.1402380354178311,-1.4254392547458339,-0.11063911436798646,0.5856246566909649
27,-1.4254392547458339,-0.11063911436798646,0.2518283493209867,-1.43419583035005,-0.08756575604216067,0.5745607452541661
27,-1.43419583035005,-0.08756575604216067,0.23582799298427445,-1.440798476452933,-0.06602646102882971,0.5658041696499501
27,-1.440798476452933,-0.06602646102882971,0.03413794234037831,-1.447258865009737,-0.06460388556804252,0.5592015235470671
27,-1.447258865009737,-0.06460388556804252,-0.14142534226672013,-1.455322901505768,-0.08064036496030974,0.5527411349902629
27,-1.455322901505768,-0.08064036496030974,-0.23177954546047075,-1.4658780986239466,-0.10555197118178437,0.544677098494232
27,-1.4658780986239466,-0.10555197118178437,-0.4082150494094516,-1.4806653743653333,-0.14787275741386807,0.5341219013760534
27,-1.4806653743653333,-0.14787275741386807,-0.3828583045145808,-1.4993918634158694,-0.18726489050536005,0.5193346256346667
27,-1.4993918634158694,-0.18726489050536005,-0.16198199833496763,-1.519799429444685,-0.2040756602881574,0.5006081365841306
27,-1.519799429444685,-0.2040756602881574,0.07259530960799845,-1.5395000257054852,-0.19700596260800204,0.48020057055531495
27,-1.5395000257054852,-0.19700596260800204,-0.21469144553701439,-1.5613393607888597,-0.21839335083374498,0.46049997429451484
28,0.8657308094729443,0.8403852869847765,-0.17350132526043394,0.9477646506303476,0.8203384115740334,1.1342691905270557
28,0.9477646506303476,0.8203384115740334,-0.14962604570482121,1.0280509874314294,0.8028633680108176,1.0522353493696524
28,1.0280509874314294,0.8028633680108176,-0.21397834438004104,1.1059382823368527,0.7788729490542318,0.9719490125685706
28,1.1059382823368527,0.7788729490542318,-0.21327545399189388,1.181424018237712,0.7548573590085931,0.8940617176631473
28,1.181424018237712,0.7548573590085931,-0.373797875034617,1.2528789700568044,0.7145495181909243,0.818575981762288
28,1.2528789700568044,0.7145495181909243,-0.48254239368536245,1.3192177058675827,0.6633873581077843,0.7471210299431956
28,1.3192177058675827,0.6633873581077843,-0.30570478752892294,1.3822250247306453,0.630073188630627,0.6807822941324173
28,1.3822250247306453,0.630073188630627,-0.06403894603616478,1.4442910781158396,0.620660533851943,0.6177749752693547
28,1.4442910781158396,0.620660533851943,0.15414589009300142,1.5075210169481517,0.6322993883231218,0.5557089218841604
28,1.5075210169481517,0.6322993883231218,0.05898608038627183,1.5708420832929166,0.6332106634476505,0.49247898305184834
28,1.5708420832929166,0.6332106634476505,0.20404011786040616,1.6356020439894332,0.6475996069651666,0.42915791670708336
28,1.6356020439894332,0.6475996069651666,0.17070581340166058,1.7013365858667622,0.6573454187732903,0.3643979560105668
28,1.7013365858667622,0.6573454187732903,0.19060637773876163,1.7681225373392886,0.667859514725265,0.2986634141332378
28,1.7681225373392886,0.667859514725265,0.04466992261669114,1.834378543659725,0.662560063204364,0.2318774626607114
28,1.834378543659725,0.662560063204364,0.09330900407158267,1.9005066934524444,0.6612814979271934,0.16562145634027492
28,1.9005066934524444,0.6612814979271934,0.040703488791875436,1.9658958109974694,0.6538911754502497,0.09949330654755562
28,1.9658958109974694,0.6538911754502497,0.054113408719264185,2.0,0.0,0.03410418900253065
28,2.0,0.0,0.03648306015351477,1.999759388605289,-0.0024061139471119493,0.0
28,1.999759388605289,-0.0024061139471119493,-0.09000426518395821,1.9980135529552265,-0.017458356500623995,0.00024061139471109882
28,1.9980135529552265,-0.017458356500623995,-0.20548899406842858,1.9936099248176962,-0.04403628137530326,0.001986447044773465
29,-0.5769529484376039,-0.2786441031841438,-0.017499104864166393,-0.6056073679870644,-0.28654419549460475,1.423047051562396
29,-0.6056073679870644,-0.28654419549460475,-0.05782667157307685,-0.6354657281975178,-0.2985836021045335,1.3943926320129356
29,-0.6354657281975178,-0.2985836021045335,-0.08079749505987244,-0.6667626362385458,-0.31296908041027993,1.3645342718024822
29,-0.6667626362385458,-0.31296908041027993,0.05310121769951193,-0.6981591940624459,-0.3139655782390001,1.3332373637614543
29,-0.6981591940624459,-0.3139655782390001,0.23598421819721685,-0.7278359019677625,-0.2967670790531665,1.3018408059375541
29,-0.7278359019677625,-0.2967670790531665,0.08422753263459573,-0.7573329328883399,-0.2949703092057747,1.2721640980322375
29,-0.7573329328883399,-0.2949703092057747,0.17655413052706043,-0.785732651358063,-0.2839971846972308,1.2426670671116602
29,-0.785732651358063,-0.2839971846972308,0.19667470385608923,-0.8128446410088398,-0.2711198965077675,1.214267348641937
29,-0.8128446410088398,-0.2711198965077675,0.022389865462415476,-0.8404212680155784,-0.27576627006738536,1.18715535899116
29,-0.8404212680155784,-0.27576627006738536,-0.09312345409556139,-0.8696102198290114,-0.29188951813433084,1.1595787319844217
29,-0.8696102198290114,-0.29188951813433084,-0.07621339077134986,-0.9002221864381842,-0.30611966609172786,1.1303897801709886
29,-0.9002221864381842,-0.30611966609172786,0.03725114379687425,-0.9311000749922614,-0.30877888554077215,1.0997778135618157
29,-0.9311000749922614,-0.30877888554077215,-0.012861716752670456,-0.9627298373176837,-0.3162976232542222,1.0688999250077384
29,-0.9627298373176837,-0.3162976232542222,0.11857016283381983,-0.9937740424972376,-0.3104420517955386,1.0372701626823164
29,-0.9937740424972376,-0.3104420517955386,0.3718095828942775,-1.0216871173469646,-0.27913074849727126,1.0062259575027626
29,-1.0216871173469646,-0.27913074849727126,0.3320899119724279,-1.0468747403771128,-0.25187623030148254,0.9783128826530354
29,-1.0468747403771128,-0.25187623030148254,-0.122033969697741,-1.073880619078424,-0.27005878701311326,0.9531252596228872
29,-1.073880619078424,-0.27005878701311326,-0.09399465330188346,-1.102387544366842,-0.2850692528841812,0.926119380921576
29,-1.102387544366842,-0.2850692528841812,0.006981293464956448,-1.1313473016438065,-0.28959757276964515,0.897612455633158
29,-1.1313473016438065,-0.28959757276964515,-0.40759399925760753,-1.1648732278241791,-0.3352592618037255,0.8686526983561935
30,0.8937142616066662,-0.05497497975757648,-0.42865069768595787,0.8847160915211193,-0.08998170085546983,1.1062857383933338
30,0.8847160915211193,-0.08998170085546983,-0.3994223105009627,0.8725201127338053,-0.12195978787314046,1.1152839084788808
30,0.8725201127338053,-0.12195978787314046,-0.29210480279451556,0.8582132835239792,-0.14306829209826064,1.1274798872661949
30,0.8582132835239792,-0.14306829209826064,-0.15876643147947112,0.8431410245191968,-0.15072259004782332,1.141786716476021
30,0.8431410245191968,-0.15072259004782332,-0.252598016431691,0.8263715324445146,-0.16769492074682266,1.1568589754808032
30,0.8263715324445146,-0.16769492074682266,-0.13641456746269712,0.8090773924705423,-0.17294139973972192,1.1736284675554853
30,0.8090773924705423,-0.17294139973972192,-0.14012400401818353,0.7912259785862438,-0.17851413884298603,1.1909226075294577
30,0.7912259785862438,-0.17851413884298603,-0.21473632470630322,0.7720749480606598,-0.1915103052558395,1.2087740214137561
30,0.7720749480606598,-0.1915103052558395,-0.2104569002592771,0.7516740788319093,-0.20400869228750537,1.2279250519393403
30,0.7516740788319093,-0.20400869228750537,-0.10438648733162575,0.731089955037181,-0.20584123794728237,1.2483259211680906
30,0.731089955037181,-0.20584123794728237,-0.10268258802938399,0.7103378469121892,-0.20752108124991805,1.268910044962819
30,0.7103378469121892,-0.20752108124991805,0.08835171545765572,0.6913248558753793,-0.19012991036809904,1.2896621530878107
30,0.6913248558753793,-0.19012991036809904,0.1225821401559817,0.6743777923755878,-0.1694706349979142,1.3086751441246207
30,0.6743777923755878,-0.1694706349979142,0.19733800173217575,0.6602275493910268,-0.14150242984561,1.3256222076244122
30,0.6602275493910268,-0.14150242984561,0.16180682164893656,0.6485004713847474,-0.1172707800627933,1.3397724506089732
30,0.6485004713847474,-0.1172707800627933,0.2404583829529216,0.639968807149014,-0.085316642357334,1.3514995286152525
30,0.639968807149014,-0.085316642357334,0.24075866948868727,0.6346220463795584,-0.053467607694555684,1.360031192850986
30,0.6346220463795584,-0.053467607694555684,0.46435506905140445,0.6346870257757287,0.0006497939617019777,1.3653779536204416
30,0.6346870257757287,0.0006497939617019777,0.2734764721259295,0.6382507014293574,0.03563675653628675,1.3653129742242713
30,0.6382507014293574,0.03563675653628675,0.12567606195940134,0.6438348382535031,0.055841368241456926,1.3617492985706425
31,1.2469603040081711,0.612811615765186,-0.40307480600727774,1.3041300756265861,0.5716977161841501,0.7530396959918289
31,1.3041300756265861,0.5716977161841501,-0.2859347904399739,1.3583569665908426,0.5422689096425648,0.6958699243734139
31,1.3583569665908426,0.5422689096425648,-0.23560424528695173,1.4101164999773266,0.5175953338648405,0.6416430334091574
31,1.4101164999773266,0.5175953338648405,-0.1662604323176841,1.4600642571668496,0.49947757189523073,0.5898835000226734
31,1.4600642571668496,0.49947757189523073,-0.19184112919431703,1.5078951128879308,0.47830855721081217,0.5399357428331504
31,1.5078951128879308,0.47830855721081217,-0.5,1.5504831766832936,0.4258806379536275,0.49210488711206923
31,1.5504831766832936,0.4258806379536275,-0.5,1.5878316711024227,0.3734849441912915,0.4495168233167064
31,1.5878316711024227,0.3734849441912915,-0.5,1.6199436777383351,0.3211200663591245,0.41216832889757726
31,1.6199436777383351,0.3211200663591245,-0.5,1.6468224980338528,0.2687882029551769,0.38005632226166486
31,1.6468224980338528,0.2687882029551769,-0.39939436359428204,1.6694778303557891,0.22655332321936353,0.35317750196614717
31,1.6694778303557891,0.22655332321936353,-0.5,1.6868993056937662,0.1742147533797721,0.3305221696442109
31,1.6868993056937662,0.1742147533797721,-0.42344126205112,1.6998567423735318,0.12957436679765588,0.3131006943062338
31,1.6998567423735318,0.12957436679765588,-0.33644122162511486,1.7092203712909593,0.09363628917427419,0.3001432576264682
31,1.7092203712909593,0.09363628917427419,-0.4030023362847043,1.7143221651178584,0.05101793826899222,0.2907796287090407
31,1.7143221651178584,0.05101793826899222,-0.5,1.714193554080867,-0.001286110369914599,0.2856778348821416
31,1.714193554080867,-0.001286110369914599,-0.5,1.7088386422714448,-0.053549118094223566,0.28580644591913296
31,1.7088386422714448,-0.053549118094223566,-0.3787833976402401,1.6994821252251462,-0.09356517046298661,0.2911613577285552
31,1.6994821252251462,-0.09356517046298661,-0.2789514260653474,1.6871455938964046,-0.12336531328741632,0.3005178747748538
31,1.6871455938964046,-0.12336531328741632,-0.35557945463638196,1.671091613192211,-0.1605398070419367,0.3128544061035954
31,1.671091613192211,-0.1605398070419367,-0.4287603272926051,1.6506292902821398,-0.20462322910071046,0.3289083868077891
32,1.6172339538940088,-0.917434405959829,-0.35215518676514423,1.5231572968314226,-0.9407665706258611,0.3827660461059912
32,1.5231572968314226,-0.9407665706258611,-0.32744284275493324,1.427209881128769,-0.9594741570265365,0.47684270316857735
32,1.427209881128769,-0.9594741570265365,-0.420100332767003,1.3286689417065722,-0.985409394221968,0.572790118871231
32,1.3286689417065722,-0.985409394221968,-0.5,1.226956988950823,-1.0171195275574931,0.6713310582934278
32,1.226956988950823,-1.0171195275574931,-0.5,1.1223046305204423,-1.0465235843038079,0.773043011049177
32,1.1223046305204423,-1.0465235843038079,-0.5,1.0149202480649022,-1.0738438245553996,0.8776953694795577
32,1.0149202480649022,-1.0738438245553996,-0.49929530568844166,0.904989804533664,-1.099304435312383,0.9850797519350978
32,0.904989804533664,-1.099304435312383,-0.5,0.7926492917941316,-1.123405127395324,1.095010195466336
32,0.7926492917941316,-1.123405127395324,-0.5,0.6780017535502799,-1.1464753824385168,1.2073507082058685
32,0.6780017535502799,-1.1464753824385168,-0.40311799208623766,0.5620762605490716,-1.1592549300120834,1.32199824644972
32,0.5620762605490716,-1.1592549300120834,-0.5,0.4438880970227019,-1.1818816352636967,1.4379237394509286
32,0.4438880970227019,-1.1818816352636967,-0.5,0.32341573590562234,-1.2047236111707953,1.556111902977298
32,0.32341573590562234,-1.2047236111707953,-0.4468493133566418,0.2011340488904226,-1.2228168701519972,1.6765842640943776
32,0.2011340488904226,-1.2228168701519972,-0.23426914108865882,0.07906579722745152,-1.2206825166297108,1.7988659511095775
32,0.07906579722745152,-1.2206825166297108,0.017063906209621726,-0.04047073795287767,-1.1953653518032918,1.9209342027725484
32,-0.04047073795287767,-1.1953653518032918,-0.0701950737497508,-0.1586305588828287,-1.1815982092995103,1.9595292620471223
32,-0.1586305588828287,-1.1815982092995103,0.050527553032776965,-0.2744404152221125,-1.1580985633928376,1.8413694411171713
32,-0.2744404152221125,-1.1580985633928376,-0.03917352846004027,-0.38904760464803445,-1.1460718942592194,1.7255595847778875
32,-0.38904760464803445,-1.1460718942592194,-0.04105508435202852,-0.5026566629394141,-1.1360905829137964,1.6109523953519655
32,-0.5026566629394141,-1.1360905829137964,0.1410999648767417,-0.6135941327796177,-1.1093746984020356,1.497343337060586
33,-1.4254783365772052,-0.5382981839642755,0.36875430266089937,-1.4754152138180079,-0.49936877240802663,0.5745216634227948
33,-1.4754152138180079,-0.49936877240802663,0.46424746319775,-1.5204872485498737,-0.45072034731865784,0.5245847861819921
33,-1.5204872485498737,-0.45072034731865784,0.46502917950101974,-1.5606846270121515,-0.4019737846227781,0.4795127514501263
33,-1.5606846270121515,-0.4019737846227781,0.4898471488960251,-1.5957573372170466,-0.3507271020489522,0.4393153729878485
33,-1.5957573372170466,-0.3507271020489522,0.5,-1.625605612141841,-0.2984827492479434,0.4042426627829534
33,-1.625605612141841,-0.2984827492479434,0.5,-1.6502327298041366,-0.2462711766229571,0.37439438785815904
33,-1.6502327298041366,-0.2462711766229571,0.5,-1.669642308980591,-0.1940957917645441,0.3497672701958634
33,-1.669642308980591,-0.1940957917645441,0.5,-1.6838382529724223,-0.14195943991831392,0.33035769101940904
33,-1.6838382529724223,-0.14195943991831392,0.29282033283280773,-1.6948964347010382,-0.11058181728616026,0.3161617470275777
33,-1.6948964347010382,-0.11058181728616026,0.16976639993148857,-1.7040420821418745,-0.09145647440836167,0.30510356529896177
33,-1.7040420821418745,-0.09145647440836167,-0.01132910727708994,-1.7130777954877512,-0.09035713345876754,0.29595791785812553
33,-1.7130777954877512,-0.09035713345876754,0.01433173536958687,-1.7217333544688025,-0.08655558981051333,0.2869222045122488
33,-1.7217333544688025,-0.08655558981051333,0.09678432501808441,-1.7291719843623825,-0.07438629893580034,0.2782666455311975
33,-1.7291719843623825,-0.07438629893580034,0.049723738800738125,-1.7358558919742748,-0.06683907611892267,0.2708280156376175
33,-1.7358558919742748,-0.06683907611892267,0.19501385358721304,-1.7403236352743832,-0.04467743300108315,0.2641441080257252
33,-1.7403236352743832,-0.04467743300108315,0.24029951336914013,-1.7421193127880914,-0.017956775137083207,0.25967636472561684
33,-1.7421193127880914,-0.017956775137083207,0.15030991205193334,-1.7421426231732073,-0.00023310385116004362,0.2578806872119086
33,-1.7421426231732073,-0.00023310385116004362,0.359116353073069,-1.7383059504784402,0.03836672694767106,0.25785737682679266
33,-1.7383059504784402,0.03836672694767106,0.11336775531374266,-1.7330747783613607,0.05231172117079449,0.26169404952155984
33,-1.7330747783613607,0.05231172117079449,0.23155518813940196,-1.7252770480543793,0.07797730306981349,0.2669252216386393
35,-0.13329137752212938,0.3128474060693567,0.1250889377779848,-0.101113306942224,0.3217807057990539,1.8667086224778706
35,-0.101113306942224,0.3217807057990539,0.018872810182169394,-0.06906250334752144,0.32050803594702554,1.898886693057776
35,-0.06906250334752144,0.32050803594702554,-0.05975130344963092,-0.037873449866639076,0.3118905348088236,1.9309374966524786
35,-0.037873449866639076,0.3118905348088236,-0.003333968527554937,-0.006924189218679787,0.30949260647959287,1.962126550133361
35,-0.006924189218679787,0.30949260647959287,0.12505602218234796,0.02512087479225921,0.32045064010938995,1.9930758107813202
35,0.02512087479225921,0.32045064010938995,-0.025962515703421424,0.05679245721925889,0.31671582426999684,1.974879125207741
35,0.05679245721925889,0.31671582426999684,-0.05273962925826954,0.08787685265194813,0.31084395432689227,1.9432075427807411
35,0.08787685265194813,0.31084395432689227,-0.19086070152772305,0.11704758534879627,0.2917073269684814,1.9121231473480518
35,0.11704758534879627,0.2917073269684814,-0.2518345982110564,0.14375790266129784,0.2671031731250157,1.8829524146512038
35,0.14375790266129784,0.2671031731250157,-0.18363411900355492,0.16875171933082847,0.24993816669530625,1.8562420973387022
35,0.16875171933082847,0.24993816669530625,-0.19754717858690657,0.19194126651209717,0.23189547181268694,1.8312482806691714
35,0.19194126651209717,0.23189547181268694,-0.24568129531803862,0.21289295606408254,0.20951689551985378,1.8080587334879028
35,0.21289295606408254,0.20951689551985378,-0.06844755325834226,0.23342475340980015,0.20531797345717615,1.7871070439359173
35,0.23342475340980015,0.20531797345717615,0.23799181180476162,0.25663329579833255,0.2320854238853242,1.7665752465901998
35,0.25663329579833255,0.2320854238853242,0.033843950526189215,0.28049230265584696,0.23859006857514412,1.7433667042016674
35,0.28049230265584696,0.23859006857514412,0.026787907430765003,0.3049594168781871,0.2446711422234017,1.719507697344153
35,0.3049594168781871,0.2446711422234017,-0.04435108439839988,0.3293514650491582,0.24392048170971084,1.695040583121813
35,0.3293514650491582,0.24392048170971084,-0.06309684515433664,0.35351297229558076,0.24161507246422553,1.6706485349508418
35,0.35351297229558076,0.24161507246422553,0.04421525002398197,0.37854872566247844,0.2503575336689769,1.6464870277044192
35,0.37854872566247844,0.2503575336689769,0.25781093807853794,0.4066180218075685,0.28069296145090056,1.6214512743375216
37,-1.6138974245049669,0.5884752369497521,-0.2911873147651016,-1.5584123522333837,0.5548507227158324,0.38610257549503313
37,-1.5584123522333837,0.5548507227158324,-0.36970945479291084,-1.50710597582998,0.5130637640340358,0.4415876477666163
37,-1.50710597582998,0.5130637640340358,-0.5,-1.4612960802693182,0.4580989556066191,0.49289402417001993
37,-1.4612960802693182,0.4580989556066191,-0.5,-1.4209747699667115,0.40321310302606833,0.5387039197306818
37,-1.4209747699667115,0.40321310302606833,-0.5,-1.3861334742668243,0.3484129569988725,0.5790252300332885
37,-1.3861334742668243,0.3484129569988725,-0.4271544952137062,-1.3560346002509323,0.3009887401589199,0.6138665257331757
37,-1.3560346002509323,0.3009887401589199,-0.3169227258531234,-1.3295739948983567,0.2646060535257558,0.6439653997490677
37,-1.3295739948983567,0.2646060535257558,-0.003641163541419745,-1.3036259826848355,0.2594801221352126,0.6704260051016433
37,-1.3036259826848355,0.2594801221352126,-0.4571021589396602,-1.2827574059561193,0.20868576728716312,0.6963740173151645
37,-1.2827574059561193,0.20868576728716312,-0.36302174400609677,-1.266020162484506,0.16737243471613375,0.7172425940438807
37,-1.266020162484506,0.16737243471613375,-0.19021608005602397,-1.251685100487107,0.143350619973989,0.733979837515494
37,-1.251685100487107,0.143350619973989,-0.17343804438656946,-1.2395918580222844,0.12093242464822562,0.748314899512893
37,-1.2395918580222844,0.12093242464822562,-0.30180091005521936,-1.2310305761255136,0.0856128189677087,0.7604081419777156
37,-1.2310305761255136,0.0856128189677087,-0.2623611137764194,-1.2256066426292618,0.054239334962518024,0.7689694238744864
37,-1.2256066426292618,0.054239334962518024,-0.277371703566581,-1.2234703028050402,0.02136339824221558,0.7743933573707382
37,-1.2234703028050402,0.02136339824221558,-0.23187168875864952,-1.2241654589845286,-0.006951561794883286,0.7765296971949598
37,-1.2241654589845286,-0.006951561794883286,-0.26739342141724803,-1.2280457164057363,-0.038802574212077674,0.7758345410154714
37,-1.2280457164057363,-0.038802574212077674,-0.4636554855907322,-1.2370667190927607,-0.09021002687024376,0.7719542835942637
37,-1.2370667190927607,-0.09021002687024376,-0.5,-1.2515707089765644,-0.14503989883803742,0.7629332809072393
37,-1.2515707089765644,-0.14503989883803742,-0.5,-1.2715199059766222,-0.19949197000057847,0.7484292910234356
38,-0.14075421852586967,0.08720398824521913,-0.3493635130611027,-0.13576110565549876,0.049931128703709186,1.8592457814741303
38,-0.13576110565549876,0.049931128703709186,-0.5,-0.1359862910135936,-0.002251853580948371,1.8642388943445012
38,-0.1359862910135936,-0.002251853580948371,-0.5,-0.14142637439235597,-0.054400833787623615,1.8640137089864064
38,-0.14142637439235597,-0.054400833787623615,-0.36796418904644734,-0.15076493742155922,-0.09338563029203242,1.858573625607644
38,-0.15076493742155922,-0.09338563029203242,-0.30324208549762666,-0.1633604251162353,-0.12595487694676083,1.8492350625784408
38,-0.1633604251162353,-0.12595487694676083,-0.5,-0.18118886712616056,-0.1782844200992525,1.8366395748837647
38,-0.18118886712616056,-0.1782844200992525,-0.4232568342067915,-0.20348579831591906,-0.22296931189758498,1.8188111328738394
38,-0.20348579831591906,-0.22296931189758498,-0.5,-0.2310248206086647,-0.27539022292745624,1.796514201684081
38,-0.2310248206086647,-0.27539022292745624,-0.24789279025286087,-0.2612856381490467,-0.30260817540382,1.7689751793913353
38,-0.2612856381490467,-0.30260817540382,-0.11371128305702224,-0.29294549887484433,-0.3165986072579762,1.7387143618509533
38,-0.29294549887484433,-0.3165986072579762,0.12943160215391022,-0.32360304516083443,-0.3065754628599012,1.7070545011251557
38,-0.32360304516083443,-0.3065754628599012,0.16347241938123458,-0.3529672523696745,-0.2936420720884008,1.6763969548391655
38,-0.3529672523696745,-0.2936420720884008,0.24380054682439808,-0.3802831118313785,-0.2731585946170396,1.6470327476303255
38,-0.3802831118313785,-0.2731585946170396,0.026327227882091964,-0.40777524099070356,-0.27492129159325096,1.6197168881686215
38,-0.40777524099070356,-0.27492129159325096,-0.1636446039498631,-0.4373729260518793,-0.2959768506117574,1.5922247590092964
38,-0.4373729260518793,-0.2959768506117574,-0.24240228364403715,-0.4698771349609055,-0.32504208909026244,1.5626270739481207
38,-0.4698771349609055,-0.32504208909026244,-0.4374984962255444,-0.507243780810561,-0.373666458496555,1.5301228650390946
38,-0.507243780810561,-0.373666458496555,-0.5,-0.5500803547809436,-0.4283657397038271,1.492756219189439
38,-0.5500803547809436,-0.4283657397038271,-0.5,-0.5983547071375273,-0.48274352356583666,1.4499196452190564
38,-0.5983547071375273,-0.48274352356583666,-0.4474452817480786,-0.6514986236855393,-0.5314391654801214,1.4016452928624727
41,-0.4427291926199657,-0.7465154490588486,-0.22728869882973235,-0.5194370606977214,-0.7670786807775579,1.5572708073800343
41,-0.5194370606977214,-0.7670786807775579,-0.2652456167438663,-0.598604237379732,-0.7916717668201054,1.4805629393022786
41,-0.598604237379732,-0.7916717668201054,-0.2379233832508673,-0.6799553507546456,-0.8135111337491358,1.401395762620268
41,-0.6799553507546456,-0.8135111337491358,-0.5,-0.7660960403135301,-0.8614068955888441,1.3200446492453544
41,-0.7660960403135301,-0.8614068955888441,-0.47519146856102745,-0.8566750157572721,-0.9057897544374205,1.23390395968647
41,-0.8566750157572721,-0.9057897544374205,-0.46543279771212237,-0.9514695216919817,-0.9479450593470964,1.143324984242728
41,-0.9514695216919817,-0.9479450593470964,-0.5,-1.0506724045453302,-0.9920288285334834,1.0485304783080183
41,-1.0506724045453302,-0.9920288285334834,-0.4870819002311296,-1.153959948337756,-1.0328754379242597,0.9493275954546698
41,-1.153959948337756,-1.0328754379242597,-0.49802993913407095,-1.2612198680506228,-1.0725991971286675,0.8460400516622439
41,-1.2612198680506228,-1.0725991971286675,-0.4991614835376269,-1.372209975466306,-1.1099010741568314,0.7387801319493772
41,-1.372209975466306,-1.1099010741568314,-0.5,-1.4866617124312065,-1.1445173696490054,0.627790024533694
41,-1.4866617124312065,-1.1445173696490054,-0.4803711464641347,-1.604086261866381,-1.1742454943517442,0.5133382875687935
41,-1.604086261866381,-1.1742454943517442,-0.5,-1.7243893080272805,-1.2030304616089948,0.3959137381336191
41,-1.7243893080272805,-1.2030304616089948,-0.5,-1.847279528727066,-1.2289022069978541,0.2756106919727195
41,-1.847279528727066,-1.2289022069978541,-0.5,-1.9724842773892624,-1.2520474866219637,0.15272047127293398
41,-1.9724842773892624,-1.2520474866219637,-0.5,-2.0,0.0,0.027515722610737647
41,-2.0,0.0,-0.3415748670690185,-2.0,0.0,0.0
41,-2.0,0.0,-0.38521646737442033,-2.0,0.0,0.0
41,-2.0,0.0,-0.5,-2.0,0.0,0.0
41,-2.0,0.0,-0.2415279952330046,-2.0,0.0,0.0
42,0.16839431857128462,0.8940005902635297,0.01572957119228946,0.2570171840068156,0.8862286543553102,1.8316056814287154
42,0.2570171840068156,0.8862286543553102,-0.07018900771961817,0.3441534129130864,0.8713622890627077,1.7429828159931844
42,0.3441534129130864,0.8713622890627077,0.1574174647477834,0.4322330924419038,0.8807967952881741,1.6558465870869137
42,0.4322330924419038,0.8807967952881741,0.2042643966681816,0.5218003105665652,0.8956721812466137,1.5677669075580962
42,0.5218003105665652,0.8956721812466137,0.13227829158368465,0.6121783456949622,0.9037803512839699,1.4781996894334348
42,0.6121783456949622,0.9037803512839699,0.2735809024043814,0.7048194315404737,0.926410858455115,1.387821654305038
42,0.7048194315404737,0.926410858455115,0.4226745644832539,0.8011895411864772,0.9637010964600358,1.2951805684595263
42,0.8011895411864772,0.9637010964600358,0.38842903494369685,0.9008504625219242,0.9966092133544697,1.1988104588135227
42,0.9008504625219242,0.9966092133544697,0.4514269076272186,1.004314575862301,1.0346411334037688,1.0991495374780758
42,1.004314575862301,1.0346411334037688,0.4488570426638079,1.1113860743155102,1.0707149845320916,0.9956854241376989
42,1.1113860743155102,1.0707149845320916,0.14731238094709836,1.218846959914964,1.0746088559945388,0.8886139256844898
42,1.218846959914964,1.0746088559945388,0.5,1.3300934249840664,1.1124646506910225,0.7811530400850359
42,1.3300934249840664,1.1124646506910225,0.5,1.4448539441822148,1.1476051919814847,0.6699065750159336
42,1.4448539441822148,1.1476051919814847,0.5,1.5628383506183137,1.1798440643609884,0.5551460558177852
42,1.5628383506183137,1.1798440643609884,0.5,1.683747441254418,1.2090909063610442,0.43716164938168633
42,1.683747441254418,1.2090909063610442,0.41213842858078786,1.806405876339651,1.2265843508523304,0.316252558745582
42,1.806405876339651,1.2265843508523304,0.5,1.931444369383324,1.25038493043673,0.1935941236603489
42,1.931444369383324,1.25038493043673,0.5,2.0,0.0,0.06855563061667591
42,2.0,0.0,0.33142924655894046,2.0,0.0,0.0
42,2.0,0.0,0.25019926758689964,2.0,0.0,0.0
43,1.4347698221635166,0.4685790251833091,0.30164072449329427,1.4845297500755261,0.49759927912009566,0.5652301778364834
43,1.4845297500755261,0.49759927912009566,0.42259805279309215,1.538281593704418,0.5375184362889195,0.5154702499244739
43,1.538281593704418,0.5375184362889195,0.5,1.596652035143494,0.5837044143907594,0.4617184062955819
43,1.596652035143494,0.5837044143907594,0.47837218587751545,1.6592537814777841,0.6260174633429013,0.4033479648565059
43,1.6592537814777841,0.6260174633429013,0.39862270319200827,1.7251131132639415,0.6585933178615742,0.34074621852221587
43,1.7251131132639415,0.6585933178615742,0.3359985091722285,1.7934388067581668,0.6832569349422535,0.27488688673605854
43,1.7934388067581668,0.6832569349422535,0.25203055750977366,1.8632399737122185,0.6980116695405164,0.2065611932418332
43,1.8632399737122185,0.6980116695405164,0.10831366942877871,1.932951762592871,0.6971178888065251,0.1367600262877815
43,1.932951762592871,0.6971178888065251,0.16404407646155483,2.0,0.0,0.06704823740712906
43,2.0,0.0,0.15525784265031292,2.0,0.0,0.0
43,2.0,0.0,-0.014919088698645944,1.9992453671167671,-0.0075463288323280205,0.0
43,1.9992453671167671,-0.0075463288323280205,-0.04861716516078453,1.9973999959131141,-0.018453712036530644,0.000754632883232853
43,1.9973999959131141,-0.018453712036530644,0.08567975373637345,1.9958092183948761,-0.01590777518238102,0.0026000040868858765
43,1.9958092183948761,-0.01590777518238102,0.12863114378970933,1.9949040939634075,-0.009051244314685248,0.004190781605123872
43,1.9949040939634075,-0.009051244314685248,0.1393049310997585,1.9947920605365952,-0.0011203342681221362,0.00509590603659249
43,1.9947920605365952,-0.0011203342681221362,0.27595347421481586,1.996839601100243,0.02047540563647744,0.005207939463404809
43,1.996839601100243,0.02047540563647744,0.2677626941788914,2.0,0.0,0.0031603988997570553
43,2.0,0.0,0.4096786102613999,2.0,0.0,0.0
43,2.0,0.0,0.5,2.0,0.0,0.0
43,2.0,0.0,0.3376054817369522,2.0,0.0,0.0
45,-0.4772703980426969,-0.36345606013032494,0.2520676757211622,-0.5115500155683975,-0.34279617525700656,1.5227296019573031
45,-0.5115500155683975,-0.34279617525700656,0.21995334895700017,-0.5441368168783819,-0.325868013099844,1.4884499844316026
45,-0.5441368168783819,-0.325868013099844,0.42314831135041625,-0.5730415118715165,-0.28904694993134605,1.4558631831216182
45,-0.5730415118715165,-0.28904694993134605,0.03845581975532314,-0.6021652519834976,-0.2912374011198102,1.4269584881284834
45,-0.6021652519834976,-0.2912374011198102,0.2215494180067043,-0.6296931487064004,-0.2752789672290284,1.3978347480165025
45,-0.6296931487064004,-0.2752789672290284,0.20374995936301438,-0.6558314000563199,-0.26138251349919567,1.3703068512935996
45,-0.6558314000563199,-0.26138251349919567,0.05251761607761379,-0.682115283912938,-0.2628388385661804,1.34416859994368
45,-0.682115283912938,-0.2628388385661804,0.11583354553086397,-0.7079201987695872,-0.25804914856649214,1.317884716087062
45,-0.7079201987695872,-0.25804914856649214,-0.01585786893450694,-0.7345742229377362,-0.2665402416814896,1.2920798012304129
45,-0.7345742229377362,-0.2665402416814896,0.04016513488889709,-0.761515900846981,-0.2694167790924474,1.265425777062264
45,-0.761515900846981,-0.2694167790924474,-0.1226605010446894,-0.7903743932589318,-0.28858492411950815,1.238484099153019
45,-0.7903743932589318,-0.28858492411950815,0.14079051824614425,-0.8185000189805228,-0.28125625721591,1.2096256067410682
45,-0.8185000189805228,-0.28125625721591,-0.0943306612280447,-0.8482485411587535,-0.2974852217823063,1.1814999810194773
45,-0.8482485411587535,-0.2974852217823063,0.16018134906383039,-0.8770561917062696,-0.28807650547516095,1.1517514588412465
45,-0.8770561917062696,-0.28807650547516095,0.12151177047644929,-0.9053108381294254,-0.28254646423155744,1.1229438082937304
45,-0.9053108381294254,-0.28254646423155744,0.09741808987533682,-0.933248658477096,-0.27937820347670683,1.0946891618705745
45,-0.933248658477096,-0.27937820347670683,-0.06732787985233621,-0.9625079578336102,-0.29259299356514196,1.066751341522904
45,-0.9625079578336102,-0.29259299356514196,-0.04663963685256861,-0.9928555715421433,-0.3034761370853309,1.0374920421663898
45,-0.9928555715421433,-0.3034761370853309,-0.04223948860235856,-1.0242195540179406,-0.3136398247579735,1.0071444284578566
45,-1.0242195540179406,-0.3136398247579735,0.027437392897213142,-1.0558720724328725,-0.3165251841493197,0.9757804459820594
46,0.5722068646827094,0.7071707875885531,0.14178160636440196,0.6443199979519594,0.721131332692499,1.4277931353172906
46,0.6443199979519594,0.721131332692499,0.281983563929563,0.7192412870941879,0.7492128914222851,1.3556800020480406
46,0.7192412870941879,0.7492128914222851,0.34665479265824894,0.7975801516667962,0.783388645726083,1.2807587129058122
46,0.7975801516667962,0.783388645726083,0.333983519710566,0.8791380673515354,0.815579156847393,1.2024198483332038
46,0.8791380673515354,0.815579156847393,0.2505949649127869,0.9629901603051956,0.8385209295366007,1.1208619326484646
46,0.9629901603051956,0.8385209295366007,0.23909453611663692,1.0489285886108923,0.8593842830569667,1.0370098396948044
46,1.0489285886108923,0.8593842830569667,0.12449156641316136,1.1356955519055802,0.8676696329468788,0.9510714113891077
46,1.1356955519055802,0.8676696329468788,0.30019457213638756,1.2249467521426431,0.8925120023706296,0.8643044480944198
46,1.2249467521426431,0.8925120023706296,0.44651860895179496,1.317978549337537,0.9303179719489402,0.7750532478573569
46,1.317978549337537,0.9303179719489402,0.5,1.4150996000902445,0.9712105075270747,0.6820214506624629
46,1.4150996000902445,0.9712105075270747,0.06818314566476913,1.5117327158225478,0.9663311573230324,0.5849003999097555
46,1.5117327158225478,0.9663311573230324,-0.04058452539308771,1.6066535745930732,0.9492085877052552,0.48826728417745224
46,1.6066535745930732,0.9492085877052552,-0.14132931110821426,1.6987523224056578,0.9209874781258455,0.39334642540692677
46,1.6987523224056578,0.9209874781258455,-0.1342285099872591,1.7880339559728382,0.8928163356718039,0.30124767759434223
46,1.7880339559728382,0.8928163356718039,-0.010460032971234434,1.8756785601197281,0.8764460414688999,0.2119660440271618
46,1.8756785601197281,0.8764460414688999,-0.06807140965323272,1.9610320741628613,0.8535351404313324,0.12432143988027189
46,1.9610320741628613,0.8535351404313324,-0.19685574632068006,2.0,0.0,0.038967925837138706
46,2.0,0.0,-0.34612218873003525,1.9959333361164533,-0.04066663883546695,0.0
46,1.9959333361164533,-0.04066663883546695,-0.3622743490305093,1.9876452404261777,-0.08288095690275521,0.004066663883546706
46,1.9876452404261777,-0.08288095690275521,-0.2715827413739305,1.976059283686326,-0.11585956739851644,0.01235475957382226
47,0.6271304502310335,0.20444495711726995,0.1353713238962604,0.6496262182173596,0.22495767986325987,1.3728695497689665
47,0.6496262182173596,0.22495767986325987,0.09854524494503558,0.6738022160715936,0.24175997854234096,1.3503737817826404
47,0.6738022160715936,0.24175997854234096,0.43169226767522617,0.7029876215023314,0.2918540543073783,1.3261977839284063
47,0.7029876215023314,0.2918540543073783,0.5,0.7378344169311158,0.3484679542878441,1.2970123784976686
47,0.7378344169311158,0.3484679542878441,0.5,0.7782954505199888,0.40461033588872947,1.2621655830688843
47,0.7782954505199888,0.40461033588872947,0.368321124607289,0.8229940503527817,0.4469859983279285,1.2217045494800112
47,0.8229940503527817,0.4469859983279285,0.3474106093531228,0.8716648010992238,0.48670750746442165,1.1770059496472183
47,0.8716648010992238,0.48670750746442165,0.3621869337151711,0.9243902173016033,0.5272541620237948,1.1283351989007762
47,0.9243902173016033,0.5272541620237948,0.5,0.9824679265476052,0.5807770924600186,1.0756097826983968
47,0.9824679265476052,0.5807770924600186,0.4785793526590787,1.0455641381454668,0.6309621159786152,1.017532073452395
47,1.0455641381454668,0.6309621159786152,0.5,1.1137573033098334,0.6819316516436651,0.9544358618545332
47,1.1137573033098334,0.6819316516436651,0.4933636982846214,1.1868201593322543,0.7306285602242082,0.8862426966901666
47,1.1868201593322543,0.7306285602242082,0.5,1.2646380192068531,0.778178598745989,0.8131798406677457
47,1.2646380192068531,0.778178598745989,0.33709565520275975,1.3453783045203478,0.8074028531349461,0.7353619807931469
47,1.3453783045203478,0.8074028531349461,0.26192581231835477,1.4281085734628711,0.8273026894252342,0.6546216954796522
47,1.4281085734628711,0.8273026894252342,0.37835978850209195,1.5138210099131684,0.8571243645029724,0.5718914265371289
47,1.5138210099131684,0.8571243645029724,0.4520753075033203,1.6030431695265306,0.892221596133623,0.48617899008683163
47,1.6030431695265306,0.892221596133623,0.4090559824661428,1.695110240711478,0.9206707118494735,0.3969568304734694
47,1.695110240711478,0.9206707118494735,0.259011193942555,1.7882991126266836,0.9318887191520555,0.304889759288522
47,1.7882991126266836,0.9318887191520555,0.39224869012967123,1.8837707142025537,0.9547160157587007,0.21170088737331638
48,-0.6702482597300188,-0.36355147458585124,-0.32427646937658194,-0.7104267957718906,-0.4017853604187177,1.3297517402699812
48,-0.7104267957718906,-0.4017853604187177,-0.21843122030929943,-0.7533385205101667,-0.4291172473827613,1.2895732042281094
48,-0.7533385205101667,-0.4291172473827613,-0.5,-0.8017723888806618,-0.48433868370495137,1.2466614794898332
48,-0.8017723888806618,-0.48433868370495137,-0.5,-0.8556539523642789,-0.5388156348361701,1.1982276111193382
48,-0.8556539523642789,-0.5388156348361701,-0.3202582939600904,-0.9130947309385504,-0.5744077857427151,1.1443460476357212
48,-0.9130947309385504,-0.5744077857427151,-0.31054946303272185,-0.9739201389301808,-0.6082540799163034,1.0869052690614496
48,-0.9739201389301808,-0.6082540799163034,-0.3128488686403481,-1.0380628816980928,-0.6414274276791208,1.0260798610698192
48,-1.0380628816980928,-0.6414274276791208,-0.5,-1.107288492782984,-0.6922561108489117,0.9619371183019072
48,-1.107288492782984,-0.6922561108489117,-0.24942791804211456,-1.1789294210547898,-0.7164092827180581,0.892711507217016
48,-1.1789294210547898,-0.7164092827180581,-0.0936164849242451,-1.2513013939275603,-0.7237197287277053,0.8210705789452102
48,-1.2513013939275603,-0.7237197287277053,-0.2824500110167062,-1.3261893194718017,-0.748879255442415,0.7486986060724397
48,-1.3261893194718017,-0.748879255442415,-0.16602536909963134,-1.4022722142919264,-0.7608289482012466,0.6738106805281983
48,-1.4022722142919264,-0.7608289482012466,-0.2065923867561219,-1.4798173042219434,-0.7754508993001695,0.5977277857080736
48,-1.4798173042219434,-0.7754508993001695,-0.13274643867826516,-1.5579326369043989,-0.7811533268245551,0.5201826957780566
48,-1.5579326369043989,-0.7811533268245551,-0.006446662735507924,-1.6352177150675753,-0.7728507816317651,0.44206736309560113
48,-1.6352177150675753,-0.7728507816317651,0.1422937534718243,-1.7100811189221143,-0.7486340385453915,0.3647822849324247
48,-1.7100811189221143,-0.7486340385453915,0.20443976288046217,-1.7818394612363637,-0.7175834231424937,0.28991888107788566
48,-1.7818394612363637,-0.7175834231424937,0.3301697227078285,-1.849195985759118,-0.6735652452275437,0.21816053876363628
48,-1.849195985759118,-0.6735652452275437,0.5,-1.9104491977225235,-0.6125321196340542,0.15080401424088197
48,-1.9104491977225235,-0.6125321196340542,0.5,-1.9656370138604888,-0.5518781613796524,0.08955080227747647
49,-1.6239870714316944,0.8592066312367714,0.06749482060474699,-1.538413869395362,0.8557320203633243,0.3760129285683056
49,-1.538413869395362,0.8557320203633243,-0.13524859337331552,-1.4553433449474025,0.8307052444795957,0.46158613060463805
49,-1.4553433449474025,0.8307052444795957,-0.016138446966883435,-1.3736523994029293,0.816909455444732,0.5446566550525975
49,-1.3736523994029293,0.816909455444732,-0.007227554474085662,-1.293342061617748,0.8031033778518131,0.6263476005970707
49,-1.293342061617748,0.8031033778518131,-0.3032188376947076,-1.2174528672091147,0.7588919440863324,0.706657938382252
49,-1.2174528672091147,0.7588919440863324,-0.23608923626555006,-1.1453078947845363,0.7214497242457848,0.7825471327908853
49,-1.1453078947845363,0.7214497242457848,0.004989806470711872,-1.0744952986604663,0.7081259612407003,0.8546921052154637
49,-1.0744952986604663,0.7081259612407003,-0.11006790618996834,-1.0062055058586852,0.682897928017812,0.9255047013395337
49,-1.0062055058586852,0.682897928017812,0.13678594650483647,-0.9379706281428316,0.6823487771585357,0.9937944941413148
49,-0.9379706281428316,0.6823487771585357,0.25446830169035084,-0.8686525099275798,0.6931811821525178,1.0620293718571685
49,-0.8686525099275798,0.6931811821525178,0.2688864566742981,-0.7981552129136952,0.7049729701388461,1.1313474900724203
49,-0.7981552129136952,0.7049729701388461,0.5,-0.7242031358591754,0.7395207705451975,1.201844787086305
49,-0.7242031358591754,0.7395207705451975,0.38769829861396987,-0.6479884280189913,0.7621470784018415,1.2757968641408246
49,-0.6479884280189913,0.7621470784018415,0.3070147431935254,-0.5703448543638329,0.7764357365515843,1.3520115719810089
49,-0.5703448543638329,0.7764357365515843,0.4082088528449836,-0.49025060789855573,0.8009424646527711,1.429655145636167
49,-0.49025060789855573,0.8009424646527711,0.5,-0.4067832458445346,0.8346736205402109,1.5097493921014442
49,-0.4067832458445346,0.8346736205402109,0.5,-0.3199422971922927,0.8684094865224192,1.5932167541554654
49,-0.3199422971922927,0.8684094865224192,0.5,-0.22971023339129892,0.9023206380099378,1.6800577028077073
49,-0.22971023339129892,0.9023206380099378,0.5,-0.1360541863831778,0.9365604700812113,1.770289766608701
49,-0.1360541863831778,0.9365604700812113,0.40331077544511396,-0.03989576015630558,0.9615842622687221,1.863945813616822
50,0.21448370074889356,-0.24145849484081516,-0.03795880304078458,0.19037846212844284,-0.24105238620450703,1.7855162992511064
50,0.19037846212844284,-0.24105238620450703,-0.269206528802178,0.1639656162328155,-0.26412845895627346,1.8096215378715572
50,0.1639656162328155,-0.26412845895627346,-0.42624834988757376,0.13365260075830648,-0.30313015474509014,1.8360343837671844
50,0.13365260075830648,-0.30313015474509014,-0.31003405961841113,0.10058838316607846,-0.3306421759222803,1.8663473992416935
50,0.10058838316607846,-0.3306421759222803,-0.07523248930777574,0.06709568505538013,-0.33492698110698327,1.8994116168339215
50,0.06709568505538013,-0.33492698110698327,0.06160667996945221,0.03449434906411278,-0.32601335991267355,1.93290431494462
50,0.03449434906411278,-0.32601335991267355,-0.021010770130147446,0.00189747962704577,-0.32596869437067005,1.9655056509358872
50,0.00189747962704577,-0.32596869437067005,-0.10844598711909045,-0.031621430336531475,-0.3351890996357724,1.9981025203729543
50,-0.031621430336531475,-0.3351890996357724,-0.30869424998118544,-0.06810931576977733,-0.3648788543324586,1.9683785696634686
50,-0.06810931576977733,-0.3648788543324586,-0.30920041566535567,-0.10759813869567689,-0.3948882292589956,1.9318906842302226
50,-0.10759813869567689,-0.3948882292589956,-0.4767879136250958,-0.1517917670334709,-0.4419362833779399,1.8924018613043232
50,-0.1517917670334709,-0.4419362833779399,-0.35849422817501936,-0.1995165295613238,-0.47724762527852904,1.848208232966529
50,-0.1995165295613238,-0.47724762527852904,-0.3940034195057396,-0.25115050037958203,-0.5163397081825825,1.8004834704386763
50,-0.25115050037958203,-0.5163397081825825,-0.5,-0.3077697160250949,-0.5661921564551288,1.748849499620418
50,-0.3077697160250949,-0.5661921564551288,-0.48415631539394294,-0.3692115537131765,-0.6144183768808161,1.692230283974905
50,-0.3692115537131765,-0.6144183768808161,-0.3631321682097553,-0.4342569462411311,-0.6504539252795463,1.6307884462868234
50,-0.4342569462411311,-0.6504539252795463,-0.20688840463882777,-0.5013472832015329,-0.6709033696040173,1.5657430537588688
50,-0.5013472832015329,-0.6709033696040173,-0.25372445195393883,-0.5709740367313827,-0.6962675352984982,1.4986527167984671
50,-0.5709740367313827,-0.6962675352984982,-0.4798937491632329,-0.6454001012527953,-0.7442606452141268,1.4290259632686173
50,-0.6454001012527953,-0.7442606452141268,-0.5,-0.7247641251196887,-0.7936402386689334,1.3545998987472045
51,-0.44853863430257634,0.8626413706004519,-0.06736964768282527,-0.36468962433478025,0.8384900996779611,1.5514613656974237
51,-0.36468962433478025,0.8384900996779611,-0.2107731081586739,-0.28453606947029664,0.8015355486448358,1.6353103756652199
51,-0.28453606947029664,0.8015355486448358,-0.22287028270774514,-0.20800598680604152,0.7653008266425512,1.7154639305297033
51,-0.20800598680604152,0.7653008266425512,-0.17580619864201175,-0.1344357867989717,0.7357020000706982,1.7919940131939585
51,-0.1344357867989717,0.7357020000706982,-0.06320747067804329,-0.06252206262610349,0.719137241728682,1.8655642132010284
51,-0.06252206262610349,0.719137241728682,-0.2239329441150385,0.006276819735563696,0.6879888236166719,1.9374779373738966
51,0.006276819735563696,0.6879888236166719,-0.13731161875199485,0.07300263562537421,0.667258158898105,1.9937231802644364
51,0.07300263562537421,0.667258158898105,-0.1561272549256104,0.13761571845270265,0.6461308282732845,1.9269973643746259
51,0.13761571845270265,0.6461308282732845,-0.21539408576464286,0.19966604858782988,0.6205033013512723,1.8623842815472973
51,0.19966604858782988,0.6205033013512723,-0.23265169205341094,0.2591233677429464,0.5945731915511656,1.8003339514121701
51,0.2591233677429464,0.5945731915511656,-0.3631395681959535,0.3148153015826261,0.5569193383967967,1.7408766322570535
51,0.3148153015826261,0.5569193383967967,-0.4780293062814969,0.36573278062322995,0.5091747904060383,1.685184698417374
51,0.36573278062322995,0.5091747904060383,-0.4631290311693557,0.4121644497150941,0.4643166909186412,1.63426721937677
51,0.4121644497150941,0.4643166909186412,-0.28499730499818543,0.45601003456230044,0.4384558484720633,1.587835550284906
51,0.45601003456230044,0.4384558484720633,-0.42896634280972423,0.49591018423428485,0.39900149671984386,1.5439899654376996
51,0.49591018423428485,0.39900149671984386,-0.5,0.531241149343159,0.35330965108874224,1.5040898157657152
51,0.531241149343159,0.35330965108874224,-0.29477000225897293,0.5641360259211018,0.3289487657794281,1.468758850656841
51,0.5641360259211018,0.3289487657794281,-0.32113568036848744,0.5943801736344122,0.30244147713310443,1.4358639740788983
51,0.5943801736344122,0.30244147713310443,-0.2550517354867013,0.6226789237421089,0.2829875010769671,1.4056198263655877
51,0.6226789237421089,0.2829875010769671,-0.26400438372269225,0.6489755156239487,0.2629659188183981,1.3773210762578911
52,-0.24858378199118647,-0.3094881206583704,0.4833730936242022,-0.2749367391134027,-0.26352957122216253,1.7514162180088135
52,-0.2749367391134027,-0.26352957122216253,0.5,-0.29660358797272274,-0.21666848859320006,1.7250632608865972
52,-0.29660358797272274,-0.21666848859320006,0.5,-0.31364723748507584,-0.17043649512353076,1.7033964120272773
52,-0.31364723748507584,-0.17043649512353076,0.46324600404080035,-0.3264844192313014,-0.12837181746225546,1.6863527625149242
52,-0.3264844192313014,-0.12837181746225546,0.30572489867664465,-0.3367256707490104,-0.10241251517708973,1.6735155807686986
52,-0.3367256707490104,-0.10241251517708973,0.4942763057929772,-0.34250737673940795,-0.057817059903975405,1.6632743292509895
52,-0.34250737673940795,-0.057817059903975405,0.5,-0.3437902160606396,-0.012828393212316595,1.657492623260592
52,-0.3437902160606396,-0.012828393212316595,0.4945286940505817,-0.3406352569808301,0.031549590798095085,1.6562097839393604
52,-0.3406352569808301,0.031549590798095085,0.5,-0.3329856153126379,0.07649641668192232,1.6593647430191698
52,-0.3329856153126379,0.07649641668192232,0.46418445714769385,-0.3211971651210218,0.11788450191616058,1.6670143846873622
52,-0.3211971651210218,0.11788450191616058,0.5,-0.3049088514309755,0.1628831369004628,1.678802834878978
52,-0.3049088514309755,0.1628831369004628,0.30417287185031616,-0.2860767798217316,0.1883207160924395,1.6950911485690245
52,-0.2860767798217316,0.1883207160924395,0.38192272044801473,-0.263911833150123,0.22164946671608565,1.7139232201782684
52,-0.263911833150123,0.22164946671608565,0.27482049831208694,-0.23947529773603482,0.24436535414088187,1.736088166849877
52,-0.23947529773603482,0.24436535414088187,0.22091366785393984,-0.21328787576682945,0.2618742196920538,1.7605247022639652
52,-0.21328787576682945,0.2618742196920538,-0.17029893665262863,-0.1892373149965076,0.24050560770321844,1.7867121242331705
52,-0.1892373149965076,0.24050560770321844,-0.17832880180138688,-0.167352409450213,0.21884905546294564,1.8107626850034924
52,-0.167352409450213,0.21884905546294564,-0.27120729534210786,-0.14851421152774,0.18838197922473016,1.832647590549787
52,-0.14851421152774,0.18838197922473016,-0.08138609222277984,-0.13077725022279443,0.17736961304945564,1.85148578847226
52,-0.13077725022279443,0.17736961304945564,-0.1313899121879133,-0.11460824400463787,0.16169006218156554,1.8692227497772056
54,-1.3339659749720227,0.25615634696343714,-0.18698839828460778,-1.3106835659783538,0.23282408993668924,0.6660340250279773
54,-1.3106835659783538,0.23282408993668924,0.005120280517428105,-1.287828925434557,0.22854640543796903,0.6893164340216462
54,-1.287828925434557,0.22854640543796903,-0.07044590356282768,-1.26618605820009,0.21642867234467064,0.712171074565443
54,-1.26618605820009,0.21642867234467064,0.06114394625203576,-1.2444597962792148,0.21726261920875037,0.7338139417999101
54,-1.2444597962792148,0.21726261920875037,0.19995755241553745,-1.2212906131800843,0.2316918309913057,0.7555402037207852
54,-1.2212906131800843,0.2316918309913057,0.2635575661364834,-1.1960811450927402,0.2520946808734396,0.7787093868199157
54,-1.1960811450927402,0.2520946808734396,0.06273505175667815,-1.1708846315621753,0.2519651353056497,0.8039188549072598
54,-1.1708846315621753,0.2519651353056497,-0.0132433100861378,-1.146489567204318,0.243950643578572,0.8291153684378247
54,-1.146489567204318,0.243950643578572,0.021747907937829727,-1.1225665833453218,0.2392298385899632,0.853510432795682
54,-1.1225665833453218,0.2392298385899632,-0.15535179507347768,-1.1009078607596892,0.21658722585632578,0.8774334166546782
54,-1.1009078607596892,0.21658722585632578,-0.05313948453021655,-1.0804968392729817,0.20411021486707562,0.8990921392403108
54,-1.0804968392729817,0.20411021486707562,0.09747931801252144,-1.0598381807671462,0.20658658505835423,0.9195031607270183
54,-1.0598381807671462,0.20658658505835423,0.009358794553368466,-1.0398324388445106,0.2000574192263557,0.9401618192328538
54,-1.0398324388445106,0.2000574192263557,-0.08916395256213698,-1.0214770079412607,0.18355430903249978,0.9601675611554894
54,-1.0214770079412607,0.18355430903249978,0.011769032524743303,-1.0037668962099147,0.17710111731346082,0.9785229920587393
54,-1.0037668962099147,0.17710111731346082,-0.11373443602443241,-0.9879660852376498,0.15800810972264806,0.9962331037900853
54,-0.9879660852376498,0.15800810972264806,0.09384931563748385,-0.971999470044099,0.15966615193550815,1.01203391476235
54,-0.971999470044099,0.15966615193550815,-0.2157001048872853,-0.9589730273810396,0.13026442663059462,1.028000529955901
54,-0.9589730273810396,0.13026442663059462,-0.2621832647388474,-0.949346147594878,0.09626879786161635,1.0410269726189605
54,-0.949346147594878,0.09626879786161635,-0.47625062823708475,-0.9452530532498568,0.040930943450212615,1.050653852405122
55,-1.5422161300711696,0.9577591864441144,-0.2637231060427425,-1.450499099893404,0.9171703017776562,0.45778386992883036
55,-1.450499099893404,0.9171703017776562,-0.17807606487402627,-1.3620152564080308,0.8848384348537327,0.549500900106596
55,-1.3620152564080308,0.8848384348537327,-0.23638076476521597,-1.2773940557630215,0.8462120064500934,0.6379847435919692
55,-1.2773940557630215,0.8462120064500934,-0.06360508971774573,-1.1949259805157468,0.8246807524727451,0.7226059442369785
55,-1.1949259805157468,0.8246807524727451,-0.12842489784772804,-1.1153086308598485,0.7961734965589822,0.8050740194842532
55,-1.1153086308598485,0.7961734965589822,-0.1212143250354343,-1.0384863444145565,0.7682228644529208,0.8846913691401515
55,-1.0384863444145565,0.7682228644529208,-0.1331719283617223,-0.96458071059613,0.7390563381842643,0.9615136555854435
55,-0.96458071059613,0.7390563381842643,-0.09378696257515756,-0.8931814300161726,0.7139928057995748,1.0354192894038698
55,-0.8931814300161726,0.7139928057995748,0.16364548731759887,-0.8216918574483546,0.7148957256781798,1.1068185699838273
55,-0.8216918574483546,0.7148957256781798,0.028057826909369088,-0.7514862138129923,0.702056436353623,1.1783081425516455
55,-0.7514862138129923,0.702056436353623,-0.039491151376139455,-0.6832129672238605,0.6827324658913185,1.2485137861870077
55,-0.6832129672238605,0.6827324658913185,0.2670125053659849,-0.6137521321773619,0.6946083504649859,1.3167870327761395
55,-0.6137521321773619,0.6946083504649859,0.38430937907339213,-0.541925245839774,0.7182688633758795,1.3862478678226382
55,-0.541925245839774,0.7182688633758795,0.42472252311114933,-0.46733201239943634,0.7459323344033763,1.4580747541602261
55,-0.46733201239943634,0.7459323344033763,0.43214563448892246,-0.3898954648050235,0.774365475944128,1.5326679876005636
55,-0.3898954648050235,0.774365475944128,0.3641524417377077,-0.31027936024702335,0.7961610455800017,1.6101045351949765
55,-0.31027936024702335,0.7961610455800017,0.3145187841348384,-0.22893406830374063,0.8134529194328272,1.6897206397529767
55,-0.22893406830374063,0.8134529194328272,0.3060262463497434,-0.14587470184560813,0.8305936645813248,1.7710659316962594
55,-0.14587470184560813,0.8305936645813248,0.4125461355172487,-0.05995480529941255,0.8591989654619557,1.8541252981543919
55,-0.05995480529941255,0.8591989654619557,0.46572120178407367,0.029419270997309885,0.8937407629672243,1.9400451947005874
57,-0.09630538255289789,-0.2782070692174443,-0.130324274980666,-0.12546637108905725,-0.29160988536159355,1.903694617447102
57,-0.12546637108905725,-0.29160988536159355,-0.1992202648780047,-0.15669065386372327,-0.31224282774666023,1.8745336289109427
57,-0.15669065386372327,-0.31224282774666023,-0.050229686151241515,-0.18851761174009357,-0.31826957876370293,1.8433093461362766
57,-0.18851761174009357,-0.31826957876370293,-0.2124506072198487,-0.2226116648496443,-0.3409405310955072,1.8114823882599065
57,-0.2226116648496443,-0.3409405310955072,-0.1315556054459313,-0.25819144090450513,-0.3557977605486084,1.7773883351503557
57,-0.25819144090450513,-0.3557977605486084,-0.27522131838683106,-0.2967285323853566,-0.3853709148085147,1.7418085590954948
57,-0.2967285323853566,-0.3853709148085147,-0.07220542683076037,-0.33621229626820487,-0.3948376388284822,1.7032714676146434
57,-0.33621229626820487,-0.3948376388284822,0.004828087740965742,-0.37591224181853566,-0.3969994555033077,1.6637877037317952
57,-0.37591224181853566,-0.3969994555033077,0.1483138719579942,-0.41443901386110354,-0.38526772042567886,1.6240877581814643
57,-0.41443901386110354,-0.38526772042567886,-0.024030188225956706,-0.45357317993325846,-0.39134166072154913,1.5855609861388964
57,-0.45357317993325846,-0.39134166072154913,0.0025660047698561755,-0.49308216280898937,-0.3950898287573091,1.5464268200667415
57,-0.49308216280898937,-0.3950898287573091,0.23950733699646087,-0.530629060546097,-0.3754689773710772,1.5069178371910106
57,-0.530629060546097,-0.3754689773710772,0.2111718256674773,-0.5665511504787165,-0.35922089932619466,1.469370939453903
57,-0.5665511504787165,-0.35922089932619466,0.3090513032492111,-0.5999137530668633,-0.3336260258814683,1.4334488495212834
57,-0.5999137530668633,-0.3336260258814683,0.13931339864343562,-0.6324618434349468,-0.32548090368083465,1.4000862469331365
57,-0.6324618434349468,-0.32548090368083465,0.18961155682637626,-0.6637177791400629,-0.31255935705116106,1.367538156565053
57,-0.6637177791400629,-0.31255935705116106,0.07360286931629671,-0.6948675730263686,-0.31149793886305716,1.3362822208599372
57,-0.6948675730263686,-0.31149793886305716,0.06827982445518721,-0.7259759447441547,-0.3110837171778618,1.3051324269736315
57,-0.7259759447441547,-0.3110837171778618,-0.04795887555260925,-0.7582131026451654,-0.3223715790101062,1.2740240552558453
57,-0.7582131026451654,-0.3223715790101062,0.002333099510794072,-0.7910698622458504,-0.3285675960068504,1.2417868973548347
58,0.32414658249119377,0.9351984052709958,0.008963468984754863,0.4169272250152298,0.9278064252403598,1.6758534175088062
58,0.4169272250152298,0.9278064252403598,-0.432432743608165,0.5046847246854488,0.8775749967021899,1.5830727749847702
58,0.5046847246854488,0.8775749967021899,-0.3075797192448251,0.5888884173999084,0.8420369271445955,1.4953152753145513
58,0.5888884173999084,0.8420369271445955,-0.305044099635437,0.6697171353335029,0.8082871793359444,1.4111115826000917
58,0.6697171353335029,0.8082871793359444,-0.5,0.7453445449996767,0.7562740966617386,1.330282864666497
58,0.7453445449996767,0.7562740966617386,-0.48563029411668424,0.8160551604653818,0.707106154657051,1.2546554550003233
58,0.8160551604653818,0.707106154657051,-0.3624568042241544,0.8831897059266092,0.6713454546122736,1.1839448395346182
58,0.8831897059266092,0.6713454546122736,-0.4100328403150446,0.9463326135218731,0.6314290759526394,1.1168102940733908
58,0.9463326135218731,0.6314290759526394,-0.32045939516402966,1.0064317898422892,0.6009917632041615,1.0536673864781267
58,1.0064317898422892,0.6009917632041615,-0.19994538759391134,1.0647128210024186,0.5828103116012944,0.9935682101577108
58,1.0647128210024186,0.5828103116012944,-0.3402930560465907,1.1197598057360998,0.5504698473368123,0.9352871789975814
58,1.1197598057360998,0.5504698473368123,-0.2421166541252252,1.1725587894286282,0.527989836925284,0.8802401942639002
58,1.1725587894286282,0.527989836925284,-0.19787246664074498,1.2235328051931416,0.5097401576451325,0.8274412105713718
58,1.2235328051931416,0.5097401576451325,-0.0582514634173599,1.2740465714703695,0.5051376627722796,0.7764671948068584
58,1.2740465714703695,0.5051376627722796,-0.2907767508412598,1.3217172365484404,0.47670665078071034,0.7259534285296305
58,1.3217172365484404,0.47670665078071034,-0.4360972881841787,1.3650683016004492,0.4335106505200885,0.6782827634515596
58,1.3650683016004492,0.4335106505200885,-0.3200260770613612,1.4052571640789537,0.4018886247850451,0.6349316983995508
58,1.4052571640789537,0.4018886247850451,-0.20150763442099537,1.4434487288982065,0.3819156481925277,0.5947428359210463
58,1.4434487288982065,0.3819156481925277,-0.15419939840506944,1.4800810707491698,0.36632341850963257,0.5565512711017935
58,1.4800810707491698,0.36632341850963257,-0.20822813321845288,1.5145741914295774,0.3449312068040751,0.5199189292508302
59,-0.7058094699194397,-0.7396209788121249,-0.2945195068057407,-0.7826860904855181,-0.7687662056607839,1.2941905300805603
59,-0.7826860904855181,-0.7687662056607839,-0.23221645219521603,-0.8617983615865852,-0.7911227110106712,1.2173139095144818
59,-0.8617983615865852,-0.7911227110106712,-0.23531389034616051,-0.943115637847619,-0.8131727626103381,1.1382016384134148
59,-0.943115637847619,-0.8131727626103381,-0.3929030109839612,-1.0281305985334344,-0.8501496068581542,1.0568843621523811
59,-1.0281305985334344,-0.8501496068581542,-0.5,-1.117768994189883,-0.8963839565644854,0.9718694014665656
59,-1.117768994189883,-0.8963839565644854,-0.5,-1.2118317944851091,-0.9406280029522615,0.882231005810117
59,-1.2118317944851091,-0.9406280029522615,-0.2446916434530268,-1.307540600709379,-0.9570880622426986,0.7881682055148909
59,-1.307540600709379,-0.9570880622426986,-0.3874041991012938,-1.4061514388482657,-0.9861083813888651,0.692459399290621
59,-1.4061514388482657,-0.9861083813888651,-0.4762935467597586,-1.5083252946806989,-1.0217385583243315,0.5938485611517343
59,-1.5083252946806989,-1.0217385583243315,-0.39005844294742115,-1.6129335042198072,-1.046082095391082,0.49167470531930113
59,-1.6129335042198072,-1.046082095391082,-0.1738342456527605,-1.7175712848818532,-1.0463778066204594,0.3870664957801928
59,-1.7175712848818532,-1.0463778066204594,-0.1889703048901436,-1.8222249271402204,-1.0465364225836722,0.2824287151181468
59,-1.8222249271402204,-1.0465364225836722,-0.3320986702971137,-1.9281711535696453,-1.0594622642942484,0.17777507285977956
59,-1.9281711535696453,-1.0594622642942484,-0.4723028993061167,-2.0,0.0,0.0718288464303547
59,-2.0,0.0,-0.426595979467826,-2.0,0.0,0.0
59,-2.0,0.0,-0.5,-2.0,0.0,0.0
59,-2.0,0.0,-0.42325404788860677,-2.0,0.0,0.0
59,-2.0,0.0,-0.36928452927384453,-2.0,0.0,0.0
59,-2.0,0.0,-0.270029517210794,-2.0,0.0,0.0
59,-2.0,0.0,-0.30262537288296487,-2.0,0.0,0.0
