scenario_id,bias_direction,bias_dir_p,bias_dir_v,bias_magnitude,perturbed_status,perturbed_feasible,perturbed_u0,delta_u0,perturbed_objective,objective_diff,active_set_changed,n_active_state_changed,perturbed_min_state_margin,true_replay_min_margin,true_replay_max_violation,true_replay_violated,true_replay_objective,true_vs_perturbed_objective_gap,perturbed_max_state_dual_norm,init_pos,init_vel,ref_pos,ref_vel,oracle_status,oracle_u0,oracle_objective,oracle_min_state_margin,oracle_min_state_margin_step,oracle_min_state_margin_kind,oracle_min_input_margin,oracle_min_input_margin_step,oracle_min_input_margin_kind,oracle_n_active_state,oracle_n_active_input,oracle_pos_upper_dual_norm_max,oracle_pos_lower_dual_norm_max,oracle_vel_upper_dual_norm_max,oracle_vel_lower_dual_norm_max,oracle_u0_saturated,oracle_max_state_dual_norm,group_fixed,group_quantile
0,pos_plus,1.0,0.0,0.005,optimal,True,0.4999935292921424,6.470709748407355e-06,67.04616218196608,-7.536452302734716,False,0.0,0.4614290919069035,0.47274471316243094,0.0,False,74.69743654606435,7.6512743640982706,0.0,0.8766593553790827,-0.0733458722975372,1.6495504315923593,0.0,optimal,0.5000000000018908,74.5826144847008,0.4298068728041311,14,vel_upper,-1.890820833239104e-12,0,u_upper,0,12,0.0,0.0,0.0,0.0,True,0.0,far,mid
0,pos_plus,1.0,0.0,0.015,optimal,True,0.4999999952774148,4.7244760326137225e-09,54.79250435530056,-19.79011012940024,False,0.0,0.36666338248402885,0.565452986129968,0.0,False,76.10349753730486,21.310993182004303,0.0,0.8766593553790827,-0.0733458722975372,1.6495504315923593,0.0,optimal,0.5000000000018908,74.5826144847008,0.4298068728041311,14,vel_upper,-1.890820833239104e-12,0,u_upper,0,12,0.0,0.0,0.0,0.0,True,0.0,far,mid
0,pos_plus,1.0,0.0,0.03,optimal,True,0.49999998515182265,1.4850068175142894e-08,42.11054545890058,-32.47206902580022,False,0.0,0.27798805396159243,0.6991425544551779,0.0,False,83.78985578220656,41.67931032330598,0.0,0.8766593553790827,-0.0733458722975372,1.6495504315923593,0.0,optimal,0.5000000000018908,74.5826144847008,0.4298068728041311,14,vel_upper,-1.890820833239104e-12,0,u_upper,0,12,0.0,0.0,0.0,0.0,True,0.0,far,mid
0,pos_minus,-1.0,0.0,0.005,optimal,True,0.500006910365167,6.910363276158016e-06,83.16424246431023,8.581627979609436,False,0.0,0.3915158623676679,0.3915164016808007,0.0,False,74.64799033937267,-8.516252124937566,0.0,0.8766593553790827,-0.0733458722975372,1.6495504315923593,0.0,optimal,0.5000000000018908,74.5826144847008,0.4298068728041311,14,vel_upper,-1.890820833239104e-12,0,u_upper,0,12,0.0,0.0,0.0,0.0,True,0.0,far,mid
0,pos_minus,-1.0,0.0,0.015,optimal,True,0.5000119217376868,1.1921735796005528e-05,103.67803455607792,29.09542007137712,False,0.0,0.3348032090864925,0.33480416904353294,0.0,False,74.9155289415031,-28.76250561457482,0.0,0.8766593553790827,-0.0733458722975372,1.6495504315923593,0.0,optimal,0.5000000000018908,74.5826144847008,0.4298068728041311,14,vel_upper,-1.890820833239104e-12,0,u_upper,0,12,0.0,0.0,0.0,0.0,True,0.0,far,mid
0,pos_minus,-1.0,0.0,0.03,optimal,True,0.5000015837470276,1.5837451368128086e-06,143.2400022244236,68.6573877397228,False,0.0,0.2840043746082218,0.28400450473659555,0.0,False,75.2480243728739,-67.99197785154969,0.0,0.8766593553790827,-0.0733458722975372,1.6495504315923593,0.0,optimal,0.5000000000018908,74.5826144847008,0.4298068728041311,14,vel_upper,-1.890820833239104e-12,0,u_upper,0,12,0.0,0.0,0.0,0.0,True,0.0,far,mid
0,vel_plus,0.0,1.0,0.005,optimal,True,0.499999313554424,6.864474668133447e-07,71.74753734418094,-2.835077140519857,False,0.0,0.40774281275245183,0.4727427645911384,0.0,False,74.71868450268828,2.9711471585073355,0.0,0.8766593553790827,-0.0733458722975372,1.6495504315923593,0.0,optimal,0.5000000000018908,74.5826144847008,0.4298068728041311,14,vel_upper,-1.890820833239104e-12,0,u_upper,0,12,0.0,0.0,0.0,0.0,True,0.0,far,mid
0,vel_plus,0.0,1.0,0.015,optimal,True,0.499999912658867,8.734302381352421e-08,67.28723753956625,-7.295376945134549,False,0.0,0.37471186300715287,0.5513051470187939,0.0,False,76.11926216046272,8.832024620896476,0.0,0.8766593553790827,-0.0733458722975372,1.6495504315923593,0.0,optimal,0.5000000000018908,74.5826144847008,0.4298068728041311,14,vel_upper,-1.890820833239104e-12,0,u_upper,0,12,0.0,0.0,0.0,0.0,True,0.0,far,mid
0,vel_plus,0.0,1.0,0.03,optimal,True,0.5000000245783068,2.457641601338878e-08,62.83088694987035,-11.75172753483045,False,0.0,0.34931521804695276,0.6469140573460509,0.0,False,82.44961345633011,19.618726506459765,0.0,0.8766593553790827,-0.0733458722975372,1.6495504315923593,0.0,optimal,0.5000000000018908,74.5826144847008,0.4298068728041311,14,vel_upper,-1.890820833239104e-12,0,u_upper,0,12,0.0,0.0,0.0,0.0,True,0.0,far,mid
0,vel_minus,0.0,-1.0,0.005,optimal,True,0.5000053156903302,5.315688439422317e-06,77.90787973703236,3.325265252331562,False,0.0,0.46132444558184926,0.386324860440059,0.0,False,74.67025175947603,-3.237627977556329,0.0,0.8766593553790827,-0.0733458722975372,1.6495504315923593,0.0,optimal,0.5000000000018908,74.5826144847008,0.4298068728041311,14,vel_upper,-1.890820833239104e-12,0,u_upper,0,12,0.0,0.0,0.0,0.0,True,0.0,far,mid
0,vel_minus,0.0,-1.0,0.015,optimal,True,0.5000090830118847,9.083009993915425e-06,86.26789385989383,11.685279375193034,False,0.0,0.5544885931975976,0.3139780280274108,0.0,False,75.06192757589889,-11.20596628399494,0.0,0.8766593553790827,-0.0733458722975372,1.6495504315923593,0.0,optimal,0.5000000000018908,74.5826144847008,0.4298068728041311,14,vel_upper,-1.890820833239104e-12,0,u_upper,0,12,0.0,0.0,0.0,0.0,True,0.0,far,mid
0,vel_minus,0.0,-1.0,0.03,optimal,True,0.5000016298731761,1.6298712852691466e-06,103.64658773685645,29.063973252155648,False,0.0,0.7533444437273901,0.242581688209753,0.0,False,75.52258725404748,-28.124000482808967,0.0,0.8766593553790827,-0.0733458722975372,1.6495504315923593,0.0,optimal,0.5000000000018908,74.5826144847008,0.4298068728041311,14,vel_upper,-1.890820833239104e-12,0,u_upper,0,12,0.0,0.0,0.0,0.0,True,0.0,far,mid
0,random_0,0.9909289106818766,-0.13438710494251077,0.005,optimal,True,0.4999994691291125,5.308727783481793e-07,67.44810646152865,-7.134508023172145,False,0.0,0.46714290803530534,0.46664874971190295,0.0,False,74.66205029170727,7.213943830178621,0.0,0.8766593553790827,-0.0733458722975372,1.6495504315923593,0.0,optimal,0.5000000000018908,74.5826144847008,0.4298068728041311,14,vel_upper,-1.890820833239104e-12,0,u_upper,0,12,0.0,0.0,0.0,0.0,True,0.0,far,mid
0,random_0,0.9909289106818766,-0.13438710494251077,0.015,optimal,True,0.49999982219534617,1.7780654465449075e-07,55.582722081074984,-18.999892403625815,False,0.0,0.37710251584648713,0.5453330048392404,0.0,False,75.58486561967861,20.002143538603626,0.0,0.8766593553790827,-0.0733458722975372,1.6495504315923593,0.0,optimal,0.5000000000018908,74.5826144847008,0.4298068728041311,14,vel_upper,-1.890820833239104e-12,0,u_upper,0,12,0.0,0.0,0.0,0.0,True,0.0,far,mid
0,random_0,0.9909289106818766,-0.13438710494251077,0.03,optimal,True,0.4999999868291369,1.3172753943191395e-08,42.88424715205272,-31.698367332648075,False,0.0,0.2893818102456882,0.6701240895968182,0.0,False,80.95078616768129,38.066539015628564,0.0,0.8766593553790827,-0.0733458722975372,1.6495504315923593,0.0,optimal,0.5000000000018908,74.5826144847008,0.4298068728041311,14,vel_upper,-1.890820833239104e-12,0,u_upper,0,12,0.0,0.0,0.0,0.0,True,0.0,far,mid
0,random_1,0.9085874070339034,-0.41769477346431794,0.005,optimal,True,0.5000151757554541,1.5175753563245742e-05,68.78798483859839,-5.794629646102408,False,0.0,0.47718937194512745,0.447951809076239,0.0,False,74.59900247512593,5.811017636527538,0.0,0.8766593553790827,-0.0733458722975372,1.6495504315923593,0.0,optimal,0.5000000000018908,74.5826144847008,0.4298068728041311,14,vel_upper,-1.890820833239104e-12,0,u_upper,0,12,0.0,0.0,0.0,0.0,True,0.0,far,mid
0,random_1,0.9085874070339034,-0.41769477346431794,0.015,optimal,True,0.49999831546420326,1.684537687562937e-06,58.58595445845218,-15.99666002624862,False,0.0,0.41393438729791665,0.4929770973847215,0.0,False,74.815136482031,16.229182023578815,0.0,0.8766593553790827,-0.0733458722975372,1.6495504315923593,0.0,optimal,0.5000000000018908,74.5826144847008,0.4298068728041311,14,vel_upper,-1.890820833239104e-12,0,u_upper,0,12,0.0,0.0,0.0,0.0,True,0.0,far,mid
0,random_1,0.9085874070339034,-0.41769477346431794,0.03,optimal,True,0.4999999763848555,2.3617035327383462e-08,46.54489592672251,-28.037718557978287,False,0.0,0.33209528089863927,0.5772245465252117,0.0,False,76.11702462435473,29.572128697632216,0.0,0.8766593553790827,-0.0733458722975372,1.6495504315923593,0.0,optimal,0.5000000000018908,74.5826144847008,0.4298068728041311,14,vel_upper,-1.890820833239104e-12,0,u_upper,0,12,0.0,0.0,0.0,0.0,True,0.0,far,mid
0,random_2,-0.42606089900253974,-0.9046944845311856,0.005,optimal,True,0.5000076218110788,7.621809188007589e-06,81.35036424474947,6.767749760048673,False,0.0,0.4442225460421736,0.3763710545396247,0.0,False,74.70844187212818,-6.641922372621295,0.0,0.8766593553790827,-0.0733458722975372,1.6495504315923593,0.0,optimal,0.5000000000018908,74.5826144847008,0.4298068728041311,14,vel_upper,-1.890820833239104e-12,0,u_upper,0,12,0.0,0.0,0.0,0.0,True,0.0,far,mid
0,random_2,-0.42606089900253974,-0.9046944845311856,0.015,optimal,True,0.5000010457277105,1.04572581971496e-06,98.60531217990813,24.022697695207327,False,0.0,0.5148264954873699,0.2936787894366124,0.0,False,75.19070794708455,-23.414604232823578,0.0,0.8766593553790827,-0.0733458722975372,1.6495504315923593,0.0,optimal,0.5000000000018908,74.5826144847008,0.4298068728041311,14,vel_upper,-1.890820833239104e-12,0,u_upper,0,12,0.0,0.0,0.0,0.0,True,0.0,far,mid
0,random_2,-0.42606089900253974,-0.9046944845311856,0.03,optimal,True,0.5000024668821027,2.4668802118821276e-06,134.7086242066494,60.126009721948606,False,0.0,0.7007130303812561,0.23281661801202325,0.0,False,75.58249739859589,-59.12612680805351,0.0,0.8766593553790827,-0.0733458722975372,1.6495504315923593,0.0,optimal,0.5000000000018908,74.5826144847008,0.4298068728041311,14,vel_upper,-1.890820833239104e-12,0,u_upper,0,12,0.0,0.0,0.0,0.0,True,0.0,far,mid
0,random_3,0.8847938231067735,0.46598271490700144,0.005,optimal,True,0.49999924268883766,7.573130531568495e-07,66.72164824084703,-7.860966243853767,False,0.0,0.4497782404709243,0.4876538237796674,0.0,False,74.81176015484357,8.090111913996537,0.0,0.8766593553790827,-0.0733458722975372,1.6495504315923593,0.0,optimal,0.5000000000018908,74.5826144847008,0.4298068728041311,14,vel_upper,-1.890820833239104e-12,0,u_upper,0,12,0.0,0.0,0.0,0.0,True,0.0,far,mid
0,random_3,0.8847938231067735,0.46598271490700144,0.015,optimal,True,0.4999999636483665,3.635352430197969e-08,54.589415055062474,-19.993199429638324,False,0.0,0.34793223551017416,0.6026518886726531,0.0,False,77.7333870809703,23.14397202590783,0.0,0.8766593553790827,-0.0733458722975372,1.6495504315923593,0.0,optimal,0.5000000000018908,74.5826144847008,0.4298068728041311,14,vel_upper,-1.890820833239104e-12,0,u_upper,0,12,0.0,0.0,0.0,0.0,True,0.0,far,mid
0,random_3,0.8847938231067735,0.46598271490700144,0.03,optimal,True,0.5000000061922656,6.190374768344498e-09,42.793713656536504,-31.788900828164294,False,0.0,0.26431822565057606,0.7474281485633258,0.0,False,92.75215480969996,49.958441153163456,0.0,0.8766593553790827,-0.0733458722975372,1.6495504315923593,0.0,optimal,0.5000000000018908,74.5826144847008,0.4298068728041311,14,vel_upper,-1.890820833239104e-12,0,u_upper,0,12,0.0,0.0,0.0,0.0,True,0.0,far,mid
1,pos_plus,1.0,0.0,0.005,optimal,True,0.49998551587631607,3.2649806461504394e-05,559.3821359078895,-31.879616305588797,False,0.0,0.5630110872311828,0.5630113690528111,0.0,False,591.2726037473378,31.89046783944832,4.996003610813204e-16,0.6315776929899646,-0.48698718253482054,2.1878628175290773,0.0,optimal,0.5000181656827776,591.2617522134783,0.5630149874882149,1,vel_lower,-1.8165682777571135e-05,0,u_upper,0,17,4.996003610813204e-16,0.0,2.7755575615628914e-17,0.0,True,4.996003610813204e-16,far,far
1,pos_plus,1.0,0.0,0.015,optimal,True,0.4999710218977992,4.714378497838734e-05,499.25254648214496,-92.00920573133334,False,0.0,0.5630093558199455,0.5630099196549594,0.0,False,591.2778862527888,92.02533977064382,4.996003610813204e-16,0.6315776929899646,-0.48698718253482054,2.1878628175290773,0.0,optimal,0.5000181656827776,591.2617522134783,0.5630149874882149,1,vel_lower,-1.8165682777571135e-05,0,u_upper,0,17,4.996003610813204e-16,0.0,2.7755575615628914e-17,0.0,True,4.996003610813204e-16,far,far
1,pos_plus,1.0,0.0,0.03,optimal,True,0.49999751761739536,2.0648065382211644e-05,418.1650192618974,-173.09673295158092,False,0.0,0.5630125209265102,0.563012569226919,0.0,False,591.2741391921012,173.1091199302038,4.996003610813204e-16,0.6315776929899646,-0.48698718253482054,2.1878628175290773,0.0,optimal,0.5000181656827776,591.2617522134783,0.5630149874882149,1,vel_lower,-1.8165682777571135e-05,0,u_upper,0,17,4.996003610813204e-16,0.0,2.7755575615628914e-17,0.0,True,4.996003610813204e-16,far,far
1,pos_minus,-1.0,0.0,0.005,optimal,True,0.5000057877818117,1.237790096586533e-05,624.3735590476753,33.111806834196955,False,0.0,0.563013508857845,0.5630133962433607,0.0,False,591.2668036997001,-33.106755347975195,1.401487428500437e-17,0.6315776929899646,-0.48698718253482054,2.1878628175290773,0.0,optimal,0.5000181656827776,591.2617522134783,0.5630149874882149,1,vel_lower,-1.8165682777571135e-05,0,u_upper,0,17,4.996003610813204e-16,0.0,2.7755575615628914e-17,0.0,True,4.996003610813204e-16,far,far
1,pos_minus,-1.0,0.0,0.015,optimal,True,0.5000289764156925,1.0810732914978693e-05,694.2274645759869,102.96571236250861,False,0.0,0.5630162789089534,0.5630157151067487,0.0,False,591.2613046632334,-102.96615991275348,1.401487428500437e-17,0.6315776929899646,-0.48698718253482054,2.1878628175290773,0.0,optimal,0.5000181656827776,591.2617522134783,0.5630149874882149,1,vel_lower,-1.8165682777571135e-05,0,u_upper,0,17,4.996003610813204e-16,0.0,2.7755575615628914e-17,0.0,True,4.996003610813204e-16,far,far
1,pos_minus,-1.0,0.0,0.03,optimal,True,0.5000024823825845,1.5683300193081173e-05,808.1549533018721,216.89320108839377,False,0.0,0.5630131140038501,0.5630130657034379,0.0,False,591.2727187040734,-216.88223459779863,1.401487428500437e-17,0.6315776929899646,-0.48698718253482054,2.1878628175290773,0.0,optimal,0.5000181656827776,591.2617522134783,0.5630149874882149,1,vel_lower,-1.8165682777571135e-05,0,u_upper,0,17,4.996003610813204e-16,0.0,2.7755575615628914e-17,0.0,True,4.996003610813204e-16,far,far
1,vel_plus,0.0,1.0,0.005,optimal,True,0.4999943882933544,2.3777389423162987e-05,572.7731860349352,-18.488566178543124,False,0.0,0.5313416869684275,0.5630122562945149,0.0,False,591.2710764645772,18.497890429641984,6.459091233742527e-18,0.6315776929899646,-0.48698718253482054,2.1878628175290773,0.0,optimal,0.5000181656827776,591.2617522134783,0.5630149874882149,1,vel_lower,-1.8165682777571135e-05,0,u_upper,0,17,4.996003610813204e-16,0.0,2.7755575615628914e-17,0.0,True,4.996003610813204e-16,far,far
1,vel_plus,0.0,1.0,0.015,optimal,True,0.4999773567247119,4.080895806568563e-05,537.9034823479839,-53.358269865494435,False,0.0,0.3603476785810886,0.5630105531376506,0.0,False,591.285174606625,53.381692258641124,6.459091233742527e-18,0.6315776929899646,-0.48698718253482054,2.1878628175290773,0.0,optimal,0.5000181656827776,591.2617522134783,0.5630149874882149,1,vel_lower,-1.8165682777571135e-05,0,u_upper,0,17,4.996003610813204e-16,0.0,2.7755575615628914e-17,0.0,True,4.996003610813204e-16,far,far
1,vel_plus,0.0,1.0,0.03,optimal,True,0.4999687392122013,4.9426470576263704e-05,490.8625336358717,-100.39921857760658,False,0.0,0.12576420138830502,0.5630096913863996,0.0,False,591.426771625489,100.56423798961725,6.459091233742527e-18,0.6315776929899646,-0.48698718253482054,2.1878628175290773,0.0,optimal,0.5000181656827776,591.2617522134783,0.5630149874882149,1,vel_lower,-1.8165682777571135e-05,0,u_upper,0,17,4.996003610813204e-16,0.0,2.7755575615628914e-17,0.0,True,4.996003610813204e-16,far,far
1,vel_minus,0.0,-1.0,0.005,optimal,True,0.5000045054251447,1.3660257632830408e-05,610.4700839054286,19.20833169195032,False,0.0,0.558013355671005,0.5630132680076939,0.0,False,591.2681818259845,-19.201902079444153,6.459091233742527e-18,0.6315776929899646,-0.48698718253482054,2.1878628175290773,0.0,optimal,0.5000181656827776,591.2617522134783,0.5630149874882149,1,vel_lower,-1.8165682777571135e-05,0,u_upper,0,17,4.996003610813204e-16,0.0,2.7755575615628914e-17,0.0,True,4.996003610813204e-16,far,far
1,vel_minus,0.0,-1.0,0.015,optimal,True,0.500022643060743,4.477377965383944e-06,650.9887391299573,59.72698691647895,False,0.0,0.5480155223436073,0.5630150817712538,0.0,False,591.2722175592012,-59.71652157075607,6.459091233742527e-18,0.6315776929899646,-0.48698718253482054,2.1878628175290773,0.0,optimal,0.5000181656827776,591.2617522134783,0.5630149874882149,1,vel_lower,-1.8165682777571135e-05,0,u_upper,0,17,4.996003610813204e-16,0.0,2.7755575615628914e-17,0.0,True,4.996003610813204e-16,far,far
1,vel_minus,0.0,-1.0,0.03,optimal,True,0.5000019398102578,1.6225872519815e-05,717.0834676924343,125.82171547895598,False,0.0,0.5330130491896387,0.5630130114462053,0.0,False,591.3092791385479,-125.77418855388635,6.459091233742527e-18,0.6315776929899646,-0.48698718253482054,2.1878628175290773,0.0,optimal,0.5000181656827776,591.2617522134783,0.5630149874882149,1,vel_lower,-1.8165682777571135e-05,0,u_upper,0,17,4.996003610813204e-16,0.0,2.7755575615628914e-17,0.0,True,4.996003610813204e-16,far,far
1,random_0,0.9909289106818766,-0.13438710494251077,0.005,optimal,True,0.4999953879375765,2.2777745201096877e-05,562.0935977345143,-29.16815447896397,False,0.0,0.562340330996042,0.5630123562589371,0.0,False,591.2696897426777,29.176092008163323,6.459091233742527e-18,0.6315776929899646,-0.48698718253482054,2.1878628175290773,0.0,optimal,0.5000181656827776,591.2617522134783,0.5630149874882149,1,vel_lower,-1.8165682777571135e-05,0,u_upper,0,17,4.996003610813204e-16,0.0,2.7755575615628914e-17,0.0,True,4.996003610813204e-16,far,far
1,random_0,0.9909289106818766,-0.13438710494251077,0.015,optimal,True,0.4999743294677578,4.383621501974355e-05,506.71728931665484,-84.54446289682346,False,0.0,0.5609939443591128,0.5630102504119552,0.0,False,591.2761344960855,84.5588451794307,6.459091233742527e-18,0.6315776929899646,-0.48698718253482054,2.1878628175290773,0.0,optimal,0.5000181656827776,591.2617522134783,0.5630149874882149,1,vel_lower,-1.8165682777571135e-05,0,u_upper,0,17,4.996003610813204e-16,0.0,2.7755575615628914e-17,0.0,True,4.996003610813204e-16,far,far
1,random_0,0.9909289106818766,-0.13438710494251077,0.03,optimal,True,0.49999780082081835,2.036486195922116e-05,431.0593788732432,-160.2023733402351,False,0.0,0.5589809416089444,0.5630125975472613,0.0,False,591.2708358911455,160.21145701790226,6.459091233742527e-18,0.6315776929899646,-0.48698718253482054,2.1878628175290773,0.0,optimal,0.5000181656827776,591.2617522134783,0.5630149874882149,1,vel_lower,-1.8165682777571135e-05,0,u_upper,0,17,4.996003610813204e-16,0.0,2.7755575615628914e-17,0.0,True,4.996003610813204e-16,far,far
1,random_1,0.9085874070339034,-0.41769477346431794,0.005,optimal,True,0.500003915155398,1.4250527379577882e-05,569.8663867653469,-21.39536544813143,False,0.0,0.5609248112916669,0.5630132089807193,0.0,False,591.2672088005282,21.400822035181363,6.459091233742527e-18,0.6315776929899646,-0.48698718253482054,2.1878628175290773,0.0,optimal,0.5000181656827776,591.2617522134783,0.5630149874882149,1,vel_lower,-1.8165682777571135e-05,0,u_upper,0,17,4.996003610813204e-16,0.0,2.7755575615628914e-17,0.0,True,4.996003610813204e-16,far,far
1,random_1,0.9085874070339034,-0.41769477346431794,0.015,optimal,True,0.4999831316958952,3.503398688237125e-05,528.5978689664361,-62.663883247042236,False,0.0,0.556745380821508,0.5630111306347689,0.0,False,591.2732455475361,62.67537658110007,6.459091233742527e-18,0.6315776929899646,-0.48698718253482054,2.1878628175290773,0.0,optimal,0.5000181656827776,591.2617522134783,0.5630149874882149,1,vel_lower,-1.8165682777571135e-05,0,u_upper,0,17,4.996003610813204e-16,0.0,2.7755575615628914e-17,0.0,True,4.996003610813204e-16,far,far
1,random_1,0.9085874070339034,-0.41769477346431794,0.03,optimal,True,0.49997469313357507,4.347254920250565e-05,470.50054301349854,-120.76120919997976,False,0.0,0.5504789511718496,0.5630102867785369,0.0,False,591.2759645989415,120.77542158544298,6.459091233742527e-18,0.6315776929899646,-0.48698718253482054,2.1878628175290773,0.0,optimal,0.5000181656827776,591.2617522134783,0.5630149874882149,1,vel_lower,-1.8165682777571135e-05,0,u_upper,0,17,4.996003610813204e-16,0.0,2.7755575615628914e-17,0.0,True,4.996003610813204e-16,far,far
1,random_2,-0.42606089900253974,-0.9046944845311856,0.005,optimal,True,0.5000038270921685,1.4338590609064283e-05,622.8809644155249,31.619212202046583,False,0.0,0.5584898022165444,0.5630132001743964,0.0,False,591.2685042852273,-31.612460130297563,6.459091233742527e-18,0.6315776929899646,-0.48698718253482054,2.1878628175290773,0.0,optimal,0.5000181656827776,591.2617522134783,0.5630149874882149,1,vel_lower,-1.8165682777571135e-05,0,u_upper,0,17,4.996003610813204e-16,0.0,2.7755575615628914e-17,0.0,True,4.996003610813204e-16,far,far
1,random_2,-0.42606089900253974,-0.9046944845311856,0.015,optimal,True,0.5000018748545076,1.6290828269927005e-05,690.3918680563391,99.13011584286085,False,0.0,0.5494426241622326,0.5630130049506302,0.0,False,591.2793157176354,-99.11255233870372,6.459091233742527e-18,0.6315776929899646,-0.48698718253482054,2.1878628175290773,0.0,optimal,0.5000181656827776,591.2617522134783,0.5630149874882149,1,vel_lower,-1.8165682777571135e-05,0,u_upper,0,17,4.996003610813204e-16,0.0,2.7755575615628914e-17,0.0,True,4.996003610813204e-16,far,far
1,random_2,-0.42606089900253974,-0.9046944845311856,0.03,optimal,True,0.5000028122389459,1.535344383163384e-05,802.3617793866144,211.10002717313614,False,0.0,0.5358723188716572,0.563013098689074,0.0,False,591.3136508916556,-211.04812849495886,4.0369320210890795e-19,0.6315776929899646,-0.48698718253482054,2.1878628175290773,0.0,optimal,0.5000181656827776,591.2617522134783,0.5630149874882149,1,vel_lower,-1.8165682777571135e-05,0,u_upper,0,17,4.996003610813204e-16,0.0,2.7755575615628914e-17,0.0,True,4.996003610813204e-16,far,far
1,random_3,0.8847938231067735,0.46598271490700144,0.005,optimal,True,0.49999333478965896,2.483089311861031e-05,554.6203676341373,-36.64138457934098,False,0.0,0.5653419348318254,0.5630121509441454,0.0,False,591.2709198887565,36.65055225461913,5.477355101626295e-20,0.6315776929899646,-0.48698718253482054,2.1878628175290773,0.0,optimal,0.5000181656827776,591.2617522134783,0.5630149874882149,1,vel_lower,-1.8165682777571135e-05,0,u_upper,0,17,4.996003610813204e-16,0.0,2.7755575615628914e-17,0.0,True,4.996003610813204e-16,far,far
1,random_3,0.8847938231067735,0.46598271490700144,0.015,optimal,True,0.4999979333168385,2.0232365939065744e-05,486.6513691253389,-104.61038308813943,False,0.0,0.5015001176288727,0.5630126107968634,0.0,False,591.2751660624516,104.62379693711273,5.477355101626295e-20,0.6315776929899646,-0.48698718253482054,2.1878628175290773,0.0,optimal,0.5000181656827776,591.2617522134783,0.5630149874882149,1,vel_lower,-1.8165682777571135e-05,0,u_upper,0,17,4.996003610813204e-16,0.0,2.7755575615628914e-17,0.0,True,4.996003610813204e-16,far,far
1,random_3,0.8847938231067735,0.46598271490700144,0.03,optimal,True,0.49999721540553654,2.0950277241027493e-05,398.00772252007414,-193.25402969340416,False,0.0,0.4072291249848736,0.5630125390057331,0.0,False,591.3969246656189,193.3892021455448,5.477355101626295e-20,0.6315776929899646,-0.48698718253482054,2.1878628175290773,0.0,optimal,0.5000181656827776,591.2617522134783,0.5630149874882149,1,vel_lower,-1.8165682777571135e-05,0,u_upper,0,17,4.996003610813204e-16,0.0,2.7755575615628914e-17,0.0,True,4.996003610813204e-16,far,far
2,pos_plus,1.0,0.0,0.005,optimal,True,-0.5000144881604304,1.1838771445837892e-05,1371.9421085083877,48.31483179994848,False,0.0,0.46376005602534753,0.46376126511790305,0.0,False,1323.6227682167596,-48.31934029162812,1.1102230246251565e-16,0.8356470463691297,0.3432771663323445,-1.710677289692489,0.0,optimal,-0.5000026493889845,1323.6272767084392,0.46534726726252007,18,vel_lower,-2.649388984532486e-06,0,u_lower,0,17,1.0334545973988063e-16,5.167272986994022e-17,5.477355101626295e-20,1.1102230246251565e-16,True,1.1102230246251565e-16,far,mid
2,pos_plus,1.0,0.0,0.015,optimal,True,-0.5000016548682447,9.945207398720513e-07,1472.2402596676125,148.61298295917322,False,0.0,0.46061538709887584,0.46061552520396987,0.0,False,1323.6292619639846,-148.61099770362785,1.1102230246251565e-16,0.8356470463691297,0.3432771663323445,-1.710677289692489,0.0,optimal,-0.5000026493889845,1323.6272767084392,0.46534726726252007,18,vel_lower,-2.649388984532486e-06,0,u_lower,0,17,1.0334545973988063e-16,5.167272986994022e-17,5.477355101626295e-20,1.1102230246251565e-16,True,1.1102230246251565e-16,far,mid
2,pos_plus,1.0,0.0,0.03,optimal,True,-0.49999987550427477,2.773884709761365e-06,1631.7996708162564,308.1723941078171,False,0.0,0.4558911875998479,0.45589119708871473,0.0,False,1323.6337660110173,-308.16590480523905,1.1102230246251565e-16,0.8356470463691297,0.3432771663323445,-1.710677289692489,0.0,optimal,-0.5000026493889845,1323.6272767084392,0.46534726726252007,18,vel_lower,-2.649388984532486e-06,0,u_lower,0,17,1.0334545973988063e-16,5.167272986994022e-17,5.477355101626295e-20,1.1102230246251565e-16,True,1.1102230246251565e-16,far,mid
2,pos_minus,-1.0,0.0,0.005,optimal,True,-0.500003346316692,6.969277074331259e-07,1276.521880120221,-47.10539658821813,False,0.0,0.4669241980489943,0.4669244774832031,0.0,False,1323.6274167755196,47.105536655298465,1.0334545973988063e-16,0.8356470463691297,0.3432771663323445,-1.710677289692489,0.0,optimal,-0.5000026493889845,1323.6272767084392,0.46534726726252007,18,vel_lower,-2.649388984532486e-06,0,u_lower,0,17,1.0334545973988063e-16,5.167272986994022e-17,5.477355101626295e-20,1.1102230246251565e-16,True,1.1102230246251565e-16,far,mid
2,pos_minus,-1.0,0.0,0.015,optimal,True,-0.5000000502970622,2.599091922350638e-06,1185.9620558455538,-137.66522086288546,False,0.0,0.47006709012456716,0.4700670985646853,0.0,False,1323.6299148995597,137.66785905400593,1.0334545973988063e-16,0.8356470463691297,0.3432771663323445,-1.710677289692489,0.0,optimal,-0.5000026493889845,1323.6272767084392,0.46534726726252007,18,vel_lower,-2.649388984532486e-06,0,u_lower,0,17,1.0334545973988063e-16,5.167272986994022e-17,5.477355101626295e-20,1.1102230246251565e-16,True,1.1102230246251565e-16,far,mid
2,pos_minus,-1.0,0.0,0.03,optimal,True,-0.5000011036754888,1.545713495754164e-06,1059.2409604102036,-264.38631629823567,False,0.0,0.47481388464670093,0.47481397692529725,0.0,False,1323.6333241191376,264.392363708934,1.0334545973988063e-16,0.8356470463691297,0.3432771663323445,-1.710677289692489,0.0,optimal,-0.5000026493889845,1323.6272767084392,0.46534726726252007,18,vel_lower,-2.649388984532486e-06,0,u_lower,0,17,1.0334545973988063e-16,5.167272986994022e-17,5.477355101626295e-20,1.1102230246251565e-16,True,1.1102230246251565e-16,far,mid
2,vel_plus,0.0,1.0,0.005,optimal,True,-0.49999877255148173,3.876837502803099e-06,1351.3200736878482,27.692796979408968,False,0.0,0.5508543963012339,0.46085429370343656,0.0,False,1323.6303423091447,-27.689731378703527,1.0334545973988063e-16,0.8356470463691297,0.3432771663323445,-1.710677289692489,0.0,optimal,-0.5000026493889845,1323.6272767084392,0.46534726726252007,18,vel_lower,-2.649388984532486e-06,0,u_lower,0,17,1.0334545973988063e-16,5.167272986994022e-17,5.477355101626295e-20,1.1102230246251565e-16,True,1.1102230246251565e-16,far,mid
2,vel_plus,0.0,1.0,0.015,optimal,True,-0.4999999367853544,2.7126036301061696e-06,1408.8199950742057,85.1927183657665,False,0.0,0.6917228257830962,0.45188697999027205,0.0,False,1323.639055455364,-85.18093961884165,1.0334545973988063e-16,0.8356470463691297,0.3432771663323445,-1.710677289692489,0.0,optimal,-0.5000026493889845,1323.6272767084392,0.46534726726252007,18,vel_lower,-2.649388984532486e-06,0,u_lower,0,17,1.0334545973988063e-16,5.167272986994022e-17,5.477355101626295e-20,1.1102230246251565e-16,True,1.1102230246251565e-16,far,mid
2,vel_plus,0.0,1.0,0.03,optimal,True,-0.4999998447747887,2.8046141958282256e-06,1500.3698037212264,176.74252701278715,False,0.0,0.6767228174783464,0.44327708982157854,0.0,False,1323.6565039200239,-176.71329980120254,1.0334545973988063e-16,0.8356470463691297,0.3432771663323445,-1.710677289692489,0.0,optimal,-0.5000026493889845,1323.6272767084392,0.46534726726252007,18,vel_lower,-2.649388984532486e-06,0,u_lower,0,17,1.0334545973988063e-16,5.167272986994022e-17,5.477355101626295e-20,1.1102230246251565e-16,True,1.1102230246251565e-16,far,mid
2,vel_minus,0.0,-1.0,0.005,optimal,True,-0.5000051291127717,2.4797237871965194e-06,1296.6416457007276,-26.985631007711618,False,0.0,0.37984120037676883,0.46984162876098046,0.0,False,1323.6276816758916,26.986035975163986,1.0334545973988063e-16,0.8356470463691297,0.3432771663323445,-1.710677289692489,0.0,optimal,-0.5000026493889845,1323.6272767084392,0.46534726726252007,18,vel_lower,-2.649388984532486e-06,0,u_lower,0,17,1.0334545973988063e-16,5.167272986994022e-17,5.477355101626295e-20,1.1102230246251565e-16,True,1.1102230246251565e-16,far,mid
2,vel_minus,0.0,-1.0,0.015,optimal,True,-0.5000000498504753,2.5995385092292267e-06,1244.7945553440468,-78.83272136439246,False,0.0,0.20882220228477077,0.47882221074674336,0.0,False,1323.639000740475,78.84444539642823,1.0334545973988063e-16,0.8356470463691297,0.3432771663323445,-1.710677289692489,0.0,optimal,-0.5000026493889845,1323.6272767084392,0.46534726726252007,18,vel_lower,-2.649388984532486e-06,0,u_lower,0,17,1.0334545973988063e-16,5.167272986994022e-17,5.477355101626295e-20,1.1102230246251565e-16,True,1.1102230246251565e-16,far,mid
2,vel_minus,0.0,-1.0,0.03,optimal,True,-0.5000032277604362,5.783714516205407e-07,1172.4133612091114,-151.21391549932787,True,2.0,1.162592398407103e-05,0.5100122530718358,0.0,False,1323.9671928287164,151.55383161960503,6.876721842353419,0.8356470463691297,0.3432771663323445,-1.710677289692489,0.0,optimal,-0.5000026493889845,1323.6272767084392,0.46534726726252007,18,vel_lower,-2.649388984532486e-06,0,u_lower,0,17,1.0334545973988063e-16,5.167272986994022e-17,5.477355101626295e-20,1.1102230246251565e-16,True,1.1102230246251565e-16,far,mid
2,random_0,0.9909289106818766,-0.13438710494251077,0.005,optimal,True,-0.4999893233168636,1.3326072120956045e-05,1367.73595802441,44.10868131597067,False,0.0,0.45230446586381956,0.4643984132017147,0.0,False,1323.6331973905258,-44.102760633884145,1.0334545973988063e-16,0.8356470463691297,0.3432771663323445,-1.710677289692489,0.0,optimal,-0.5000026493889845,1323.6272767084392,0.46534726726252007,18,vel_lower,-2.649388984532486e-06,0,u_lower,0,17,1.0334545973988063e-16,5.167272986994022e-17,5.477355101626295e-20,1.1102230246251565e-16,True,1.1102230246251565e-16,far,mid
2,random_0,0.9909289106818766,-0.13438710494251077,0.015,optimal,True,-0.4999999335324982,2.7158564863127843e-06,1458.9029298044218,135.27565309598253,False,0.0,0.42621492885100554,0.4624994347799506,0.0,False,1323.6291812421207,-135.27374856230108,1.0334545973988063e-16,0.8356470463691297,0.3432771663323445,-1.710677289692489,0.0,optimal,-0.5000026493889845,1323.6272767084392,0.46534726726252007,18,vel_lower,-2.649388984532486e-06,0,u_lower,0,17,1.0334545973988063e-16,5.167272986994022e-17,5.477355101626295e-20,1.1102230246251565e-16,True,1.1102230246251565e-16,far,mid
2,random_0,0.9909289106818766,-0.13438710494251077,0.03,optimal,True,-0.5000004756894539,2.1736995305943196e-06,1603.0861954559036,279.4589187474644,False,0.0,0.38710795516255314,0.4596769560228112,0.0,False,1323.6305517218589,-279.45564373404477,1.0334545973988063e-16,0.8356470463691297,0.3432771663323445,-1.710677289692489,0.0,optimal,-0.5000026493889845,1323.6272767084392,0.46534726726252007,18,vel_lower,-2.649388984532486e-06,0,u_lower,0,17,1.0334545973988063e-16,5.167272986994022e-17,5.477355101626295e-20,1.1102230246251565e-16,True,1.1102230246251565e-16,far,mid
2,random_1,0.9085874070339034,-0.41769477346431794,0.005,optimal,True,-0.5000017214914116,9.278975728888028e-07,1355.8148521657658,32.1875754573266,False,0.0,0.42820008533247145,0.465792758695719,0.0,False,1323.627965989839,-32.18688617592693,1.0334545973988063e-16,0.8356470463691297,0.3432771663323445,-1.710677289692489,0.0,optimal,-0.5000026493889845,1323.6272767084392,0.46534726726252007,18,vel_lower,-2.649388984532486e-06,0,u_lower,0,17,1.0334545973988063e-16,5.167272986994022e-17,5.477355101626295e-20,1.1102230246251565e-16,True,1.1102230246251565e-16,far,mid
2,random_1,0.9085874070339034,-0.41769477346431794,0.015,optimal,True,-0.49999729854195135,5.350847033180894e-06,1421.7157700598602,98.088493351421,False,0.0,0.3539919879877216,0.4667696683339241,0.0,False,1323.6288968308268,-98.08687322903347,1.0334545973988063e-16,0.8356470463691297,0.3432771663323445,-1.710677289692489,0.0,optimal,-0.5000026493889845,1323.6272767084392,0.46534726726252007,18,vel_lower,-2.649388984532486e-06,0,u_lower,0,17,1.0334545973988063e-16,5.167272986994022e-17,5.477355101626295e-20,1.1102230246251565e-16,True,1.1102230246251565e-16,far,mid
2,random_1,0.9085874070339034,-0.41769477346431794,0.03,optimal,True,-0.5000006442951506,2.0050938339677415e-06,1524.3788730008102,200.751596292371,False,0.0,0.2424737850524339,0.4680289578858726,0.0,False,1323.6290130172624,-200.74985998354782,1.0334545973988063e-16,0.8356470463691297,0.3432771663323445,-1.710677289692489,0.0,optimal,-0.5000026493889845,1323.6272767084392,0.46534726726252007,18,vel_lower,-2.649388984532486e-06,0,u_lower,0,17,1.0334545973988063e-16,5.167272986994022e-17,5.477355101626295e-20,1.1102230246251565e-16,True,1.1102230246251565e-16,far,mid
2,random_2,-0.42606089900253974,-0.9046944845311856,0.005,optimal,True,-0.5000007835288541,1.8658601304011313e-06,1279.2810857834713,-44.346190924967914,False,0.0,0.38866596553329946,0.4700885345617395,0.0,False,1323.62962889491,44.34854311143863,1.0334545973988063e-16,0.8356470463691297,0.3432771663323445,-1.710677289692489,0.0,optimal,-0.5000026493889845,1323.6272767084392,0.46534726726252007,18,vel_lower,-2.649388984532486e-06,0,u_lower,0,17,1.0334545973988063e-16,5.167272986994022e-17,5.477355101626295e-20,1.1102230246251565e-16,True,1.1102230246251565e-16,far,mid
2,random_2,-0.42606089900253974,-0.9046944845311856,0.015,optimal,True,-0.500000030035457,2.6193535275220725e-06,1194.8691284387946,-128.7581482696446,False,0.0,0.23529253730735578,0.4795600530596187,0.0,False,1323.6401783289557,128.77104989016107,1.0334545973988063e-16,0.8356470463691297,0.3432771663323445,-1.710677289692489,0.0,optimal,-0.5000026493889845,1323.6272767084392,0.46534726726252007,18,vel_lower,-2.649388984532486e-06,0,u_lower,0,17,1.0334545973988063e-16,5.167272986994022e-17,5.477355101626295e-20,1.1102230246251565e-16,True,1.1102230246251565e-16,far,mid
2,random_2,-0.42606089900253974,-0.9046944845311856,0.03,optimal,True,-0.4999992397671353,3.409621849248534e-06,1078.9560602856725,-244.67121642276675,False,0.0,0.005253210386798712,0.49327777765030056,0.0,False,1323.6751311634623,244.71907087778982,1.0334545973988063e-16,0.8356470463691297,0.3432771663323445,-1.710677289692489,0.0,optimal,-0.5000026493889845,1323.6272767084392,0.46534726726252007,18,vel_lower,-2.649388984532486e-06,0,u_lower,0,17,1.0334545973988063e-16,5.167272986994022e-17,5.477355101626295e-20,1.1102230246251565e-16,True,1.1102230246251565e-16,far,mid
2,random_3,0.8847938231067735,0.46598271490700144,0.005,optimal,True,-0.4999998158807181,2.833508266408824e-06,1379.4728314008732,55.84555469243401,False,0.0,0.503862789614961,0.4619243125852691,0.0,False,1323.62945857248,-55.843372828393285,1.0334545973988063e-16,0.8356470463691297,0.3432771663323445,-1.710677289692489,0.0,optimal,-0.5000026493889845,1323.6272767084392,0.46534726726252007,18,vel_lower,-2.649388984532486e-06,0,u_lower,0,17,1.0334545973988063e-16,5.167272986994022e-17,5.477355101626295e-20,1.1102230246251565e-16,True,1.1102230246251565e-16,far,mid
2,random_3,0.8847938231067735,0.46598271490700144,0.015,optimal,True,-0.4999985356614743,4.113727510246523e-06,1496.4947062588137,172.86742955037448,False,0.0,0.5806932731839803,0.4548778178515145,0.0,False,1323.6355450614317,-172.85916119738204,1.0334545973988063e-16,0.8356470463691297,0.3432771663323445,-1.710677289692489,0.0,optimal,-0.5000026493889845,1323.6272767084392,0.46534726726252007,18,vel_lower,-2.649388984532486e-06,0,u_lower,0,17,1.0334545973988063e-16,5.167272986994022e-17,5.477355101626295e-20,1.1102230246251565e-16,True,1.1102230246251565e-16,far,mid
2,random_3,0.8847938231067735,0.46598271490700144,0.03,optimal,True,-0.4999998767610654,2.772627919145343e-06,1685.3585285976371,361.7312518891979,False,0.0,0.6619157263209514,0.44446969537347736,0.0,False,1323.6536329451371,-361.7048956525,1.0334545973988063e-16,0.8356470463691297,0.3432771663323445,-1.710677289692489,0.0,optimal,-0.5000026493889845,1323.6272767084392,0.46534726726252007,18,vel_lower,-2.649388984532486e-06,0,u_lower,0,17,1.0334545973988063e-16,5.167272986994022e-17,5.477355101626295e-20,1.1102230246251565e-16,True,1.1102230246251565e-16,far,mid
3,pos_plus,1.0,0.0,0.005,optimal,True,0.5000008176752877,1.358620958807899e-05,750.2232629384439,-34.51194361732678,False,0.0,0.29864810638016415,0.29864811342660125,0.0,False,784.7304326872893,34.5071697488454,3.2609306826188384e-17,-0.15876499873418526,-0.1550423709209025,1.9631189487035678,0.0,optimal,0.4999872314656996,784.7352065557707,0.2971030476614327,18,vel_upper,5.791068382610121e-07,16,u_upper,0,17,1.2918182467485079e-17,0.0,0.0,3.2609306826188384e-17,True,3.2609306826188384e-17,mid,mid
3,pos_plus,1.0,0.0,0.015,optimal,True,0.5000001978191018,1.2966353402144026e-05,684.8575945508882,-99.87761200488251,False,0.0,0.3043049147484975,0.3043049465631493,0.0,False,784.7357507600817,99.87815620919355,3.2609306826188384e-17,-0.15876499873418526,-0.1550423709209025,1.9631189487035678,0.0,optimal,0.4999872314656996,784.7352065557707,0.2971030476614327,18,vel_upper,5.791068382610121e-07,16,u_upper,0,17,1.2918182467485079e-17,0.0,0.0,3.2609306826188384e-17,True,3.2609306826188384e-17,mid,mid
3,pos_plus,1.0,0.0,0.03,optimal,True,0.5000022961288089,1.506466310924326e-05,595.9118042560422,-188.8234022997285,False,0.0,0.3224460656046093,0.32244625640484015,0.0,False,784.7818565192367,188.87005226319457,3.2609306826188384e-17,-0.15876499873418526,-0.1550423709209025,1.9631189487035678,0.0,optimal,0.4999872314656996,784.7352065557707,0.2971030476614327,18,vel_upper,5.791068382610121e-07,16,u_upper,0,17,1.2918182467485079e-17,0.0,0.0,3.2609306826188384e-17,True,3.2609306826188384e-17,mid,mid
3,pos_minus,-1.0,0.0,0.005,optimal,True,0.4999998889173781,1.265745167849941e-05,820.4536677187111,35.71846116294046,False,0.0,0.29553214761810076,0.2955321319410614,0.0,False,784.73058188555,-35.72308583316112,3.2609306826188384e-17,-0.15876499873418526,-0.1550423709209025,1.9631189487035678,0.0,optimal,0.4999872314656996,784.7352065557707,0.2971030476614327,18,vel_upper,5.791068382610121e-07,16,u_upper,0,17,1.2918182467485079e-17,0.0,0.0,3.2609306826188384e-17,True,3.2609306826188384e-17,mid,mid
3,pos_minus,-1.0,0.0,0.015,optimal,True,0.499999894255811,1.2662790111361844e-05,895.5487685498962,110.81356199412551,False,0.0,0.29238293619301114,0.2923829179975651,0.0,False,784.7317178644714,-110.81705068542476,3.2609306826188384e-17,-0.15876499873418526,-0.1550423709209025,1.9631189487035678,0.0,optimal,0.4999872314656996,784.7352065557707,0.2971030476614327,18,vel_upper,5.791068382610121e-07,16,u_upper,0,17,1.2918182467485079e-17,0.0,0.0,3.2609306826188384e-17,True,3.2609306826188384e-17,mid,mid
3,pos_minus,-1.0,0.0,0.03,optimal,True,0.4999998414670052,1.2610001305590757e-05,1017.3130540040802,232.5778474483095,False,0.0,0.28766183957783853,0.28766181229511656,0.0,False,784.735551852923,-232.5775021511572,3.2609306826188384e-17,-0.15876499873418526,-0.1550423709209025,1.9631189487035678,0.0,optimal,0.4999872314656996,784.7352065557707,0.2971030476614327,18,vel_upper,5.791068382610121e-07,16,u_upper,0,17,1.2918182467485079e-17,0.0,0.0,3.2609306826188384e-17,True,3.2609306826188384e-17,mid,mid
3,vel_plus,0.0,1.0,0.005,optimal,True,0.5000015027787523,1.4271313052705015e-05,765.9251983515321,-18.810008204238557,False,0.0,0.21158721016090554,0.3015873361633912,0.0,False,784.7311080761613,18.805909724629146,3.2609306826188384e-17,-0.15876499873418526,-0.1550423709209025,1.9631189487035678,0.0,optimal,0.4999872314656996,784.7352065557707,0.2971030476614327,18,vel_upper,5.791068382610121e-07,16,u_upper,0,17,1.2918182467485079e-17,0.0,0.0,3.2609306826188384e-17,True,3.2609306826188384e-17,mid,mid
3,vel_plus,0.0,1.0,0.015,optimal,True,0.5000003286739325,1.3097208232892843e-05,730.424649336863,-54.31055721890766,False,0.0,0.054220386070591764,0.31804517603658533,0.0,False,784.7721555271108,54.34750619024783,3.2609306826188384e-17,-0.15876499873418526,-0.1550423709209025,1.9631189487035678,0.0,optimal,0.4999872314656996,784.7352065557707,0.2971030476614327,18,vel_upper,5.791068382610121e-07,16,u_upper,0,17,1.2918182467485079e-17,0.0,0.0,3.2609306826188384e-17,True,3.2609306826188384e-17,mid,mid
3,vel_plus,0.0,1.0,0.03,optimal,True,0.5000010587763213,1.3827310621661315e-05,683.7592469360021,-100.97595961976856,True,4.0,-1.5468411184604847e-05,0.450011089249317,0.0,False,788.0695750341109,104.31032809810881,14.048006390978308,-0.15876499873418526,-0.1550423709209025,1.9631189487035678,0.0,optimal,0.4999872314656996,784.7352065557707,0.2971030476614327,18,vel_upper,5.791068382610121e-07,16,u_upper,0,17,1.2918182467485079e-17,0.0,0.0,3.2609306826188384e-17,True,3.2609306826188384e-17,mid,mid
3,vel_minus,0.0,-1.0,0.005,optimal,True,0.49999721488378235,9.983418082726292e-06,804.2424903734534,19.50728381768272,False,0.0,0.3825986836115851,0.2925984510320092,0.0,False,784.7323807601306,-19.51010961332281,3.2609306826188384e-17,-0.15876499873418526,-0.1550423709209025,1.9631189487035678,0.0,optimal,0.4999872314656996,784.7352065557707,0.2971030476614327,18,vel_upper,5.791068382610121e-07,16,u_upper,0,17,1.2918182467485079e-17,0.0,0.0,3.2609306826188384e-17,True,3.2609306826188384e-17,mid,mid
3,vel_minus,0.0,-1.0,0.015,optimal,True,0.4999999627967827,1.2731331083093433e-05,845.3825046509847,60.64729809521407,False,0.0,0.5536112050187115,0.2836111995283984,0.0,False,784.7407844044542,-60.641720246530554,3.2609306826188384e-17,-0.15876499873418526,-0.1550423709209025,1.9631189487035678,0.0,optimal,0.4999872314656996,784.7352065557707,0.2971030476614327,18,vel_upper,5.791068382610121e-07,16,u_upper,0,17,1.2918182467485079e-17,0.0,0.0,3.2609306826188384e-17,True,3.2609306826188384e-17,mid,mid
3,vel_minus,0.0,-1.0,0.03,optimal,True,0.49999876248169467,1.1531015995047689e-05,912.3923053050913,127.65709874932065,False,0.0,0.8101171142432032,0.27011701075076355,0.0,False,784.7722855855941,-127.62001971949724,1.2918182467485079e-17,-0.15876499873418526,-0.1550423709209025,1.9631189487035678,0.0,optimal,0.4999872314656996,784.7352065557707,0.2971030476614327,18,vel_upper,5.791068382610121e-07,16,u_upper,0,17,1.2918182467485079e-17,0.0,0.0,3.2609306826188384e-17,True,3.2609306826188384e-17,mid,mid
3,random_0,0.9909289106818766,-0.13438710494251077,0.005,optimal,True,0.5000001841043833,1.2952638683672024e-05,753.0032598189816,-31.73194673678904,False,0.0,0.31011602487984824,0.2980212118032215,0.0,False,784.7303817464175,31.72712192743586,1.2918182467485079e-17,-0.15876499873418526,-0.1550423709209025,1.9631189487035678,0.0,optimal,0.4999872314656996,784.7352065557707,0.2971030476614327,18,vel_upper,5.791068382610121e-07,16,u_upper,0,17,1.2918182467485079e-17,0.0,0.0,3.2609306826188384e-17,True,3.2609306826188384e-17,mid,mid
3,random_0,0.9909289106818766,-0.13438710494251077,0.015,optimal,True,0.500000072310448,1.2840844748340796e-05,692.5188494168593,-92.21635713891135,False,0.0,0.33623540716489564,0.2999509022631348,0.0,False,784.7308311805187,92.21198176365942,1.2918182467485079e-17,-0.15876499873418526,-0.1550423709209025,1.9631189487035678,0.0,optimal,0.4999872314656996,784.7352065557707,0.2971030476614327,18,vel_upper,5.791068382610121e-07,16,u_upper,0,17,1.2918182467485079e-17,0.0,0.0,3.2609306826188384e-17,True,3.2609306826188384e-17,mid,mid
3,random_0,0.9909289106818766,-0.13438710494251077,0.03,optimal,True,0.5000015915584354,1.436009273575456e-05,609.2093106782576,-175.5258958775131,False,0.0,0.38381984579458894,0.3135985570152684,0.0,False,784.7548409939751,175.54553031571754,1.2918182467485079e-17,-0.15876499873418526,-0.1550423709209025,1.9631189487035678,0.0,optimal,0.4999872314656996,784.7352065557707,0.2971030476614327,18,vel_upper,5.791068382610121e-07,16,u_upper,0,17,1.2918182467485079e-17,0.0,0.0,3.2609306826188384e-17,True,3.2609306826188384e-17,mid,mid
3,random_1,0.9085874070339034,-0.41769477346431794,0.005,optimal,True,0.49999992233464513,1.2690868945508527e-05,761.0816730872482,-23.653533468522483,False,0.0,0.3342513422650075,0.2966588019147208,0.0,False,784.7304409148651,23.648767827616894,1.2918182467485079e-17,-0.15876499873418526,-0.1550423709209025,1.9631189487035678,0.0,optimal,0.4999872314656996,784.7352065557707,0.2971030476614327,18,vel_upper,5.791068382610121e-07,16,u_upper,0,17,1.2918182467485079e-17,0.0,0.0,3.2609306826188384e-17,True,3.2609306826188384e-17,mid,mid
3,random_1,0.9085874070339034,-0.41769477346431794,0.015,optimal,True,0.49999999891273217,1.276744703254673e-05,715.3096364549126,-69.42557010085807,False,0.0,0.40853198161607773,0.2957543941901195,0.0,False,784.7304975017629,69.42086104685029,1.2918182467485079e-17,-0.15876499873418526,-0.1550423709209025,1.9631189487035678,0.0,optimal,0.4999872314656996,784.7352065557707,0.2971030476614327,18,vel_upper,5.791068382610121e-07,16,u_upper,0,17,1.2918182467485079e-17,0.0,0.0,3.2609306826188384e-17,True,3.2609306826188384e-17,mid,mid
3,random_1,0.9085874070339034,-0.41769477346431794,0.03,optimal,True,0.5000000089668906,1.2777501190941454e-05,650.4654794884894,-134.26972706728122,False,0.0,0.5180667351062578,0.2944184375411636,0.0,False,784.730799805424,134.26532031693455,1.2918182467485079e-17,-0.15876499873418526,-0.1550423709209025,1.9631189487035678,0.0,optimal,0.4999872314656996,784.7352065557707,0.2971030476614327,18,vel_upper,5.791068382610121e-07,16,u_upper,0,17,1.2918182467485079e-17,0.0,0.0,3.2609306826188384e-17,True,3.2609306826188384e-17,mid,mid
3,random_2,-0.42606089900253974,-0.9046944845311856,0.005,optimal,True,0.4999997858104142,1.2554344714588161e-05,817.7373581348879,33.00215157911725,False,0.0,0.3738114699456141,0.2923889397781315,0.0,False,784.7317479148958,-33.00561021999215,1.2918182467485079e-17,-0.15876499873418526,-0.1550423709209025,1.9631189487035678,0.0,optimal,0.4999872314656996,784.7352065557707,0.2971030476614327,18,vel_upper,5.791068382610121e-07,16,u_upper,0,17,1.2918182467485079e-17,0.0,0.0,3.2609306826188384e-17,True,3.2609306826188384e-17,mid,mid
3,random_2,-0.42606089900253974,-0.9046944845311856,0.015,optimal,True,0.4999997265150772,1.2495049377558853e-05,888.0330789567428,103.2978724009721,False,0.0,0.5271806211809389,0.28291307231492224,0.0,False,784.741976998087,-103.29110195865576,1.2918182467485079e-17,-0.15876499873418526,-0.1550423709209025,1.9631189487035678,0.0,optimal,0.4999872314656996,784.7352065557707,0.2971030476614327,18,vel_upper,5.791068382610121e-07,16,u_upper,0,17,1.2918182467485079e-17,0.0,0.0,3.2609306826188384e-17,True,3.2609306826188384e-17,mid,mid
3,random_2,-0.42606089900253974,-0.9046944845311856,0.03,optimal,True,0.4999995902031366,1.2358737436990452e-05,1004.1818280148752,219.44662145910456,False,0.0,0.7572488813344574,0.2687138026768745,0.0,False,784.7765050217524,-219.4053229931228,1.2918182467485079e-17,-0.15876499873418526,-0.1550423709209025,1.9631189487035678,0.0,optimal,0.4999872314656996,784.7352065557707,0.2971030476614327,18,vel_upper,5.791068382610121e-07,16,u_upper,0,17,1.2918182467485079e-17,0.0,0.0,3.2609306826188384e-17,True,3.2609306826188384e-17,mid,mid
3,random_3,0.8847938231067735,0.46598271490700144,0.005,optimal,True,0.5000023128427173,1.5081377017722719e-05,745.621580127537,-39.113626428233715,False,0.0,0.2586429371133425,0.3005815750284918,0.0,False,784.7304100246726,39.10882989713559,1.2918182467485079e-17,-0.15876499873418526,-0.1550423709209025,1.9631189487035678,0.0,optimal,0.4999872314656996,784.7352065557707,0.2971030476614327,18,vel_upper,5.791068382610121e-07,16,u_upper,0,17,1.2918182467485079e-17,0.0,0.0,3.2609306826188384e-17,True,3.2609306826188384e-17,mid,mid
3,random_3,0.8847938231067735,0.46598271490700144,0.015,optimal,True,0.500000490528697,1.3259062997372784e-05,672.729310022979,-112.00589653279167,False,0.0,0.19494995595227238,0.31763213174785654,0.0,False,784.7666470675382,112.0373370445592,1.2918182467485079e-17,-0.15876499873418526,-0.1550423709209025,1.9631189487035678,0.0,optimal,0.4999872314656996,784.7352065557707,0.2971030476614327,18,vel_upper,5.791068382610121e-07,16,u_upper,0,17,1.2918182467485079e-17,0.0,0.0,3.2609306826188384e-17,True,3.2609306826188384e-17,mid,mid
3,random_3,0.8847938231067735,0.46598271490700144,0.03,optimal,True,0.500003459439861,1.6227974161397984e-05,576.6564568080162,-208.0787497477545,False,0.0,0.105231129225961,0.3428826012930324,0.0,False,784.9056241663865,208.2491673583703,1.2918182467485079e-17,-0.15876499873418526,-0.1550423709209025,1.9631189487035678,0.0,optimal,0.4999872314656996,784.7352065557707,0.2971030476614327,18,vel_upper,5.791068382610121e-07,16,u_upper,0,17,1.2918182467485079e-17,0.0,0.0,3.2609306826188384e-17,True,3.2609306826188384e-17,mid,mid
4,pos_plus,1.0,0.0,0.005,optimal,True,-0.499999560793644,1.1787328574319744e-07,142.58257631652094,14.911198498706838,False,0.0,0.5636179525342891,0.5636179030838431,0.0,False,127.6730745813167,-14.909501735204245,1.652813830256217e-17,0.46036838425812654,0.38731393592499597,-0.2602946853942769,0.0,optimal,-0.49999944292035825,127.6713778178141,0.5686244102582987,17,vel_lower,-1.2095559120961497e-07,15,u_lower,0,16,1.437705759334358e-18,7.564929237983113e-18,5.126914417876794e-18,1.652813830256217e-17,True,1.652813830256217e-17,far,far
4,pos_plus,1.0,0.0,0.015,optimal,True,-0.49999912573139177,3.171889664810301e-07,176.04421015669698,48.37283233888287,False,0.0,0.5508682114979635,0.5508681111663778,0.0,False,127.68690897412854,-48.357301182568435,1.652813830256217e-17,0.46036838425812654,0.38731393592499597,-0.2602946853942769,0.0,optimal,-0.49999944292035825,127.6713778178141,0.5686244102582987,17,vel_lower,-1.2095559120961497e-07,15,u_lower,0,16,1.437705759334358e-18,7.564929237983113e-18,5.126914417876794e-18,1.652813830256217e-17,True,1.652813830256217e-17,far,far
4,pos_plus,1.0,0.0,0.03,optimal,True,-0.4999987747475107,6.681728475510518e-07,235.3344177181944,107.6630399003803,False,0.0,0.5303166146101447,0.5303165127007983,0.0,False,127.73367278329238,-107.60074493490202,2.375215839850166e-17,0.46036838425812654,0.38731393592499597,-0.2602946853942769,0.0,optimal,-0.49999944292035825,127.6713778178141,0.5686244102582987,17,vel_lower,-1.2095559120961497e-07,15,u_lower,0,16,1.437705759334358e-18,7.564929237983113e-18,5.126914417876794e-18,1.652813830256217e-17,True,1.652813830256217e-17,far,far
4,pos_minus,-1.0,0.0,0.005,optimal,True,-0.5000007310970683,1.2881767100791919e-06,113.96817383578268,-13.703203982031425,False,0.0,0.5823646644067024,0.5823647404271921,0.0,False,127.67873234711294,13.710558511330262,7.564929237983113e-18,0.46036838425812654,0.38731393592499597,-0.2602946853942769,0.0,optimal,-0.49999944292035825,127.6713778178141,0.5686244102582987,17,vel_lower,-1.2095559120961497e-07,15,u_lower,0,16,1.437705759334358e-18,7.564929237983113e-18,5.126914417876794e-18,1.652813830256217e-17,True,1.652813830256217e-17,far,far
4,pos_minus,-1.0,0.0,0.015,optimal,True,-0.5000013359590858,1.8930387275517546e-06,90.16602817367348,-37.50534964414062,False,0.0,0.6127876546099416,0.6127877629734243,0.0,False,127.74651729480458,37.580489121131095,7.564929237983113e-18,0.46036838425812654,0.38731393592499597,-0.2602946853942769,0.0,optimal,-0.49999944292035825,127.6713778178141,0.5686244102582987,17,vel_lower,-1.2095559120961497e-07,15,u_lower,0,16,1.437705759334358e-18,7.564929237983113e-18,5.126914417876794e-18,1.652813830256217e-17,True,1.652813830256217e-17,far,far
4,pos_minus,-1.0,0.0,0.03,optimal,True,-0.4999897040080637,9.738912294554591e-06,63.29709568414399,-64.3742821336701,False,0.0,0.6626848365669844,0.6626850344758104,0.0,False,128.72691582219028,65.4298201380463,7.564929237983113e-18,0.46036838425812654,0.38731393592499597,-0.2602946853942769,0.0,optimal,-0.49999944292035825,127.6713778178141,0.5686244102582987,17,vel_lower,-1.2095559120961497e-07,15,u_lower,0,16,1.437705759334358e-18,7.564929237983113e-18,5.126914417876794e-18,1.652813830256217e-17,True,1.652813830256217e-17,far,far
4,vel_plus,0.0,1.0,0.005,optimal,True,-0.499999746842705,3.0392234673382035e-07,135.7242354826376,8.052857664823492,False,0.0,0.6450774723521229,0.5578729654188388,0.0,False,127.67708818997629,-8.047147292661307,7.564929237983113e-18,0.46036838425812654,0.38731393592499597,-0.2602946853942769,0.0,optimal,-0.49999944292035825,127.6713778178141,0.5686244102582987,17,vel_lower,-1.2095559120961497e-07,15,u_lower,0,16,1.437705759334358e-18,7.564929237983113e-18,5.126914417876794e-18,1.652813830256217e-17,True,1.652813830256217e-17,far,far
4,vel_plus,0.0,1.0,0.015,optimal,True,-0.49999682208603663,2.6208343216205243e-06,153.92186506833912,26.250487250525012,False,0.0,0.6476856846806601,0.5309043248758136,0.0,False,127.72369199036994,-26.198173077969173,7.564929237983113e-18,0.46036838425812654,0.38731393592499597,-0.2602946853942769,0.0,optimal,-0.49999944292035825,127.6713778178141,0.5686244102582987,17,vel_lower,-1.2095559120961497e-07,15,u_lower,0,16,1.437705759334358e-18,7.564929237983113e-18,5.126914417876794e-18,1.652813830256217e-17,True,1.652813830256217e-17,far,far
4,vel_plus,0.0,1.0,0.03,optimal,True,-0.49999997160015375,5.28679795497311e-07,186.4704658053085,58.79908798749439,False,0.0,0.6326860605649457,0.5114871032056576,0.0,False,127.77481856595632,-58.69564723935217,7.564929237983113e-18,0.46036838425812654,0.38731393592499597,-0.2602946853942769,0.0,optimal,-0.49999944292035825,127.6713778178141,0.5686244102582987,17,vel_lower,-1.2095559120961497e-07,15,u_lower,0,16,1.437705759334358e-18,7.564929237983113e-18,5.126914417876794e-18,1.652813830256217e-17,True,1.652813830256217e-17,far,far
4,vel_minus,0.0,-1.0,0.005,optimal,True,-0.5000135908350041,1.4147914645823434e-05,120.30375216077958,-7.367625657034523,False,0.0,0.5046372413397971,0.5896383613145888,0.0,False,127.6867035241249,7.382951363345313,7.564929237983113e-18,0.46036838425812654,0.38731393592499597,-0.2602946853942769,0.0,optimal,-0.49999944292035825,127.6713778178141,0.5686244102582987,17,vel_lower,-1.2095559120961497e-07,15,u_lower,0,16,1.437705759334358e-18,7.564929237983113e-18,5.126914417876794e-18,1.652813830256217e-17,True,1.652813830256217e-17,far,far
4,vel_minus,0.0,-1.0,0.015,optimal,True,-0.5000002053537217,7.624333634437264e-07,107.59021783779947,-20.081159980014633,False,0.0,0.3882637211556179,0.6364128943550469,0.0,False,127.89289829406749,20.30268045626802,7.564929237983113e-18,0.46036838425812654,0.38731393592499597,-0.2602946853942769,0.0,optimal,-0.49999944292035825,127.6713778178141,0.5686244102582987,17,vel_lower,-1.2095559120961497e-07,15,u_lower,0,16,1.437705759334358e-18,7.564929237983113e-18,5.126914417876794e-18,1.652813830256217e-17,True,1.652813830256217e-17,far,far
4,vel_minus,0.0,-1.0,0.03,optimal,True,-0.49999987401272034,4.310923620853835e-07,93.22022848993082,-34.451149327883286,False,0.0,0.2748512872963451,0.662686051476276,0.0,False,129.61105910662167,36.39083061669085,7.564929237983113e-18,0.46036838425812654,0.38731393592499597,-0.2602946853942769,0.0,optimal,-0.49999944292035825,127.6713778178141,0.5686244102582987,17,vel_lower,-1.2095559120961497e-07,15,u_lower,0,16,1.437705759334358e-18,7.564929237983113e-18,5.126914417876794e-18,1.652813830256217e-17,True,1.652813830256217e-17,far,far
4,random_0,0.9909289106818766,-0.13438710494251077,0.005,optimal,True,-0.49999927678895545,1.661314028011951e-07,141.30500464801392,13.633626830199816,False,0.0,0.5533972118422621,0.5648200350037149,0.0,False,127.67235240790176,-13.632652240112165,7.564929237983113e-18,0.46036838425812654,0.38731393592499597,-0.2602946853942769,0.0,optimal,-0.49999944292035825,127.6713778178141,0.5686244102582987,17,vel_lower,-1.2095559120961497e-07,15,u_lower,0,16,1.437705759334358e-18,7.564929237983113e-18,5.126914417876794e-18,1.652813830256217e-17,True,1.652813830256217e-17,far,far
4,random_0,0.9909289106818766,-0.13438710494251077,0.015,optimal,True,-0.49999928255470477,1.6036565347876675e-07,171.53635096043476,43.864973142620656,False,0.0,0.5201910776214456,0.5564755132525765,0.0,False,127.68010739675583,-43.85624356367893,7.564929237983113e-18,0.46036838425812654,0.38731393592499597,-0.2602946853942769,0.0,optimal,-0.49999944292035825,127.6713778178141,0.5686244102582987,17,vel_lower,-1.2095559120961497e-07,15,u_lower,0,16,1.437705759334358e-18,7.564929237983113e-18,5.126914417876794e-18,1.652813830256217e-17,True,1.652813830256217e-17,far,far
4,random_0,0.9909289106818766,-0.13438710494251077,0.03,optimal,True,-0.4999989249359048,5.179844534408673e-07,224.2938555992407,96.62247778142658,False,0.0,0.4690468497564737,0.5416157624283924,0.0,False,127.70633244121692,-96.58752315802377,7.564929237983113e-18,0.46036838425812654,0.38731393592499597,-0.2602946853942769,0.0,optimal,-0.49999944292035825,127.6713778178141,0.5686244102582987,17,vel_lower,-1.2095559120961497e-07,15,u_lower,0,16,1.437705759334358e-18,7.564929237983113e-18,5.126914417876794e-18,1.652813830256217e-17,True,1.652813830256217e-17,far,far
4,random_1,0.9085874070339034,-0.41769477346431794,0.005,optimal,True,-0.5000020779985979,2.635078239610067e-06,137.70414752379128,10.032769705977174,False,0.0,0.532126155878725,0.5676303842842867,0.0,False,127.67112436107814,-10.033023162713135,7.564929237983113e-18,0.46036838425812654,0.38731393592499597,-0.2602946853942769,0.0,optimal,-0.49999944292035825,127.6713778178141,0.5686244102582987,17,vel_lower,-1.2095559120961497e-07,15,u_lower,0,16,1.437705759334358e-18,7.564929237983113e-18,5.126914417876794e-18,1.652813830256217e-17,True,1.652813830256217e-17,far,far
4,random_1,0.9085874070339034,-0.41769477346431794,0.015,optimal,True,-0.4999999063832209,4.634628626432047e-07,159.29602695061467,31.62464913280057,False,0.0,0.4568010133708704,0.5656821782603312,0.0,False,127.67195525893959,-31.624071691675084,7.564929237983113e-18,0.46036838425812654,0.38731393592499597,-0.2602946853942769,0.0,optimal,-0.49999944292035825,127.6713778178141,0.5686244102582987,17,vel_lower,-1.2095559120961497e-07,15,u_lower,0,16,1.437705759334358e-18,7.564929237983113e-18,5.126914417876794e-18,1.652813830256217e-17,True,1.652813830256217e-17,far,far
4,random_1,0.9085874070339034,-0.41769477346431794,0.03,optimal,True,-0.4999985446249208,8.982954374237018e-07,195.496524707537,67.82514688972289,False,0.0,0.34226784253622533,0.5627447394930496,0.0,False,127.67405431961367,-67.82247038792332,7.564929237983113e-18,0.46036838425812654,0.38731393592499597,-0.2602946853942769,0.0,optimal,-0.49999944292035825,127.6713778178141,0.5686244102582987,17,vel_lower,-1.2095559120961497e-07,15,u_lower,0,16,1.437705759334358e-18,7.564929237983113e-18,5.126914417876794e-18,1.652813830256217e-17,True,1.652813830256217e-17,far,far
4,random_2,-0.42606089900253974,-0.9046944845311856,0.005,optimal,True,-0.5000008815233659,1.4386030076085632e-06,115.29910030756956,-12.372277510244544,False,0.0,0.5168711088613825,0.5937702316934341,0.0,False,127.69509849483437,12.395998187264809,7.564929237983113e-18,0.46036838425812654,0.38731393592499597,-0.2602946853942769,0.0,optimal,-0.49999944292035825,127.6713778178141,0.5686244102582987,17,vel_lower,-1.2095559120961497e-07,15,u_lower,0,16,1.437705759334358e-18,7.564929237983113e-18,5.126914417876794e-18,1.652813830256217e-17,True,1.652813830256217e-17,far,far
4,random_2,-0.42606089900253974,-0.9046944845311856,0.015,optimal,True,-0.5000001457309444,7.028105861728307e-07,94.66199184657276,-33.00938597124134,False,0.0,0.43704796554900405,0.6576980969988873,0.0,False,128.06042305077062,33.39843120419786,7.564929237983113e-18,0.46036838425812654,0.38731393592499597,-0.2602946853942769,0.0,optimal,-0.49999944292035825,127.6713778178141,0.5686244102582987,17,vel_lower,-1.2095559120961497e-07,15,u_lower,0,16,1.437705759334358e-18,7.564929237983113e-18,5.126914417876794e-18,1.652813830256217e-17,True,1.652813830256217e-17,far,far
4,random_2,-0.42606089900253974,-0.9046944845311856,0.03,optimal,True,-0.4999989990139114,4.4390644682312796e-07,73.02598785514567,-54.64538996266843,False,0.0,0.43297213274031043,0.6626859639763951,0.0,False,132.53709259905023,59.51110474390455,1.8246908839077523e-18,0.46036838425812654,0.38731393592499597,-0.2602946853942769,0.0,optimal,-0.49999944292035825,127.6713778178141,0.5686244102582987,17,vel_lower,-1.2095559120961497e-07,15,u_lower,0,16,1.437705759334358e-18,7.564929237983113e-18,5.126914417876794e-18,1.652813830256217e-17,True,1.652813830256217e-17,far,far
4,random_3,0.8847938231067735,0.46598271490700144,0.005,optimal,True,-0.4999991161519846,3.267683736374316e-07,144.80260002909762,17.131222211283514,False,0.0,0.5998071719777102,0.5589909314281523,0.0,False,127.67657802204525,-17.12602200705237,1.8246908839077523e-18,0.46036838425812654,0.38731393592499597,-0.2602946853942769,0.0,optimal,-0.49999944292035825,127.6713778178141,0.5686244102582987,17,vel_lower,-1.2095559120961497e-07,15,u_lower,0,16,1.437705759334358e-18,7.564929237983113e-18,5.126914417876794e-18,1.652813830256217e-17,True,1.652813830256217e-17,far,far
4,random_3,0.8847938231067735,0.46598271490700144,0.015,optimal,True,-0.499999813283898,3.7036353972563774e-07,184.37104005038677,56.69966223257266,False,0.0,0.6556963008710534,0.5343715454902132,0.0,False,127.71785171719682,-56.653188333189945,1.8246908839077523e-18,0.46036838425812654,0.38731393592499597,-0.2602946853942769,0.0,optimal,-0.49999944292035825,127.6713778178141,0.5686244102582987,17,vel_lower,-1.2095559120961497e-07,15,u_lower,0,16,1.437705759334358e-18,7.564929237983113e-18,5.126914417876794e-18,1.652813830256217e-17,True,1.652813830256217e-17,far,far
4,random_3,0.8847938231067735,0.46598271490700144,0.03,optimal,True,-0.49999824739446846,1.1955258897855536e-06,257.01315705716496,129.34177923935084,False,0.0,0.6487063734014391,0.5175099568001926,0.0,False,127.75856077779865,-129.2545962793663,1.8246908839077523e-18,0.46036838425812654,0.38731393592499597,-0.2602946853942769,0.0,optimal,-0.49999944292035825,127.6713778178141,0.5686244102582987,17,vel_lower,-1.2095559120961497e-07,15,u_lower,0,16,1.437705759334358e-18,7.564929237983113e-18,5.126914417876794e-18,1.652813830256217e-17,True,1.652813830256217e-17,far,far
5,pos_plus,1.0,0.0,0.005,optimal,True,-0.4999993940086851,1.601392504935184e-06,191.91435319041113,14.943905618522336,False,0.0,0.29136086653545656,0.29136081188282315,0.0,False,176.97963357438712,-14.934719616024012,5.717087001489718e-19,-0.872836090288714,0.0655017444190018,-2.0064406219207935,0.0,optimal,-0.50000099540119,176.9704475718888,0.30527273294878743,16,vel_lower,-9.95401190029277e-07,0,u_lower,0,14,0.0,0.0,5.114801869772964e-20,5.717087001489718e-19,True,5.717087001489718e-19,far,mid
5,pos_plus,1.0,0.0,0.015,optimal,True,-0.49999875898988855,2.2364113014816667e-06,225.40299492722278,48.43254735533398,False,0.0,0.26364116613214494,0.26364105287577877,0.0,False,177.04043506829316,-48.362559858929615,5.717087001489718e-19,-0.872836090288714,0.0655017444190018,-2.0064406219207935,0.0,optimal,-0.50000099540119,176.9704475718888,0.30527273294878743,16,vel_lower,-9.95401190029277e-07,0,u_lower,0,14,0.0,0.0,5.114801869772964e-20,5.717087001489718e-19,True,5.717087001489718e-19,far,mid
5,pos_plus,1.0,0.0,0.03,optimal,True,-0.49999961466159965,1.3807395903842057e-06,284.6756758479287,107.70522827603989,False,0.0,0.24159001038683747,0.2415899693268837,0.0,False,177.11584607815115,-107.55982976977754,5.717087001489718e-19,-0.872836090288714,0.0655017444190018,-2.0064406219207935,0.0,optimal,-0.50000099540119,176.9704475718888,0.30527273294878743,16,vel_lower,-9.95401190029277e-07,0,u_lower,0,14,0.0,0.0,5.114801869772964e-20,5.717087001489718e-19,True,5.717087001489718e-19,far,mid
5,pos_minus,-1.0,0.0,0.005,optimal,True,-0.5000050016354929,4.006234302855738e-06,163.20659449489335,-13.763853076995446,False,0.0,0.3286689685775521,0.32866940381102316,0.0,False,176.99130689705487,13.784712402161517,5.717087001489718e-19,-0.872836090288714,0.0655017444190018,-2.0064406219207935,0.0,optimal,-0.50000099540119,176.9704475718888,0.30527273294878743,16,vel_lower,-9.95401190029277e-07,0,u_lower,0,14,0.0,0.0,5.114801869772964e-20,5.717087001489718e-19,True,5.717087001489718e-19,far,mid
5,pos_minus,-1.0,0.0,0.015,optimal,True,-0.5000005689689612,4.2643222886162846e-07,139.16723623081495,-37.80321134107385,False,0.0,0.2197846130626504,0.3835790970325338,0.0,False,177.30148551176993,38.134249280954975,5.717087001489718e-19,-0.872836090288714,0.0655017444190018,-2.0064406219207935,0.0,optimal,-0.50000099540119,176.9704475718888,0.30527273294878743,16,vel_lower,-9.95401190029277e-07,0,u_lower,0,14,0.0,0.0,5.114801869772964e-20,5.717087001489718e-19,True,5.717087001489718e-19,far,mid
5,pos_minus,-1.0,0.0,0.03,optimal,True,-0.5000003363721524,6.590290376751184e-07,111.25923145220021,-65.71121611968859,False,0.0,0.03240250524446697,0.49698369903372563,0.0,False,180.01101069186012,68.75177923965991,5.717087001489718e-19,-0.872836090288714,0.0655017444190018,-2.0064406219207935,0.0,optimal,-0.50000099540119,176.9704475718888,0.30527273294878743,16,vel_lower,-9.95401190029277e-07,0,u_lower,0,14,0.0,0.0,5.114801869772964e-20,5.717087001489718e-19,True,5.717087001489718e-19,far,mid
5,vel_plus,0.0,1.0,0.005,optimal,True,-0.4999971650033449,3.830397845128175e-06,183.88183951019042,6.91139193830162,False,0.0,0.36770878180723754,0.2856542609834758,0.0,False,176.98931503340916,-6.8925244767812615,5.717087001489718e-19,-0.872836090288714,0.0655017444190018,-2.0064406219207935,0.0,optimal,-0.50000099540119,176.9704475718888,0.30527273294878743,16,vel_lower,-9.95401190029277e-07,0,u_lower,0,14,0.0,0.0,5.114801869772964e-20,5.717087001489718e-19,True,5.717087001489718e-19,far,mid
5,vel_plus,0.0,1.0,0.015,optimal,True,-0.49999969203690436,1.3033642856652428e-06,199.72509751113776,22.754649939248964,False,0.0,0.5009783973371594,0.24597836548574226,0.0,False,177.10563406569958,-22.619463445438186,5.717087001489718e-19,-0.872836090288714,0.0655017444190018,-2.0064406219207935,0.0,optimal,-0.50000099540119,176.9704475718888,0.30527273294878743,16,vel_lower,-9.95401190029277e-07,0,u_lower,0,14,0.0,0.0,5.114801869772964e-20,5.717087001489718e-19,True,5.717087001489718e-19,far,mid
5,vel_plus,0.0,1.0,0.03,optimal,True,-0.49999954531811325,1.4500830767816275e-06,228.67049143530298,51.70004386341418,False,0.0,0.730338238713035,0.20894476609833834,0.0,False,177.26168449927025,-51.40880693603273,5.717087001489718e-19,-0.872836090288714,0.0655017444190018,-2.0064406219207935,0.0,optimal,-0.50000099540119,176.9704475718888,0.30527273294878743,16,vel_lower,-9.95401190029277e-07,0,u_lower,0,14,0.0,0.0,5.114801869772964e-20,5.717087001489718e-19,True,5.717087001489718e-19,far,mid
5,vel_minus,0.0,-1.0,0.005,optimal,True,-0.5000039138052437,2.9184040536422984e-06,170.70406866619788,-6.266378905690914,False,0.0,0.25544363160882577,0.335443971436284,0.0,False,177.0076740802336,6.303605414035729,5.717087001489718e-19,-0.872836090288714,0.0655017444190018,-2.0064406219207935,0.0,optimal,-0.50000099540119,176.9704475718888,0.30527273294878743,16,vel_lower,-9.95401190029277e-07,0,u_lower,0,14,0.0,0.0,5.114801869772964e-20,5.717087001489718e-19,True,5.717087001489718e-19,far,mid
5,vel_minus,0.0,-1.0,0.015,optimal,True,-0.5000002980752277,6.973259623066497e-07,160.0150712994349,-16.95537627245389,False,0.0,0.1741540281020193,0.39421112465492936,0.0,False,177.50115686509156,17.48608556565665,5.717087001489718e-19,-0.872836090288714,0.0655017444190018,-2.0064406219207935,0.0,optimal,-0.50000099540119,176.9704475718888,0.30527273294878743,16,vel_lower,-9.95401190029277e-07,0,u_lower,0,14,0.0,0.0,5.114801869772964e-20,5.717087001489718e-19,True,5.717087001489718e-19,far,mid
5,vel_minus,0.0,-1.0,0.03,optimal,True,-0.4999999997639146,9.956372754027498e-07,147.9684620711837,-29.001985500705104,False,0.0,0.10923573767755412,0.4911376374899278,0.0,False,180.76577843060477,32.797316359421075,5.717087001489718e-19,-0.872836090288714,0.0655017444190018,-2.0064406219207935,0.0,optimal,-0.50000099540119,176.9704475718888,0.30527273294878743,16,vel_lower,-9.95401190029277e-07,0,u_lower,0,14,0.0,0.0,5.114801869772964e-20,5.717087001489718e-19,True,5.717087001489718e-19,far,mid
5,random_0,0.9909289106818766,-0.13438710494251077,0.005,optimal,True,-0.4999976014582084,3.3939429816554068e-06,190.7908947106065,13.820447138717697,False,0.0,0.28246417267186197,0.29321492473450617,0.0,False,176.9770009605061,-13.813893750100391,5.717087001489718e-19,-0.872836090288714,0.0655017444190018,-2.0064406219207935,0.0,optimal,-0.50000099540119,176.9704475718888,0.30527273294878743,16,vel_lower,-9.95401190029277e-07,0,u_lower,0,14,0.0,0.0,5.114801869772964e-20,5.717087001489718e-19,True,5.717087001489718e-19,far,mid
5,random_0,0.9909289106818766,-0.13438710494251077,0.015,optimal,True,-0.49999891561222315,2.079788966879992e-06,221.36919533433698,44.39874776244818,False,0.0,0.23859728041192008,0.2728658932232578,0.0,False,177.0150083086315,-44.35418702570547,5.717087001489718e-19,-0.872836090288714,0.0655017444190018,-2.0064406219207935,0.0,optimal,-0.50000099540119,176.9704475718888,0.30527273294878743,16,vel_lower,-9.95401190029277e-07,0,u_lower,0,14,0.0,0.0,5.114801869772964e-20,5.717087001489718e-19,True,5.717087001489718e-19,far,mid
5,random_0,0.9909289106818766,-0.13438710494251077,0.03,optimal,True,-0.49999965879643227,1.3366047577623164e-06,274.597298111215,97.62685053932623,False,0.0,0.18021624848802054,0.24875363630195368,0.0,False,177.0886235290184,-97.50867458219662,5.717087001489718e-19,-0.872836090288714,0.0655017444190018,-2.0064406219207935,0.0,optimal,-0.50000099540119,176.9704475718888,0.30527273294878743,16,vel_lower,-9.95401190029277e-07,0,u_lower,0,14,0.0,0.0,5.114801869772964e-20,5.717087001489718e-19,True,5.717087001489718e-19,far,mid
5,random_1,0.9085874070339034,-0.41769477346431794,0.005,optimal,True,-0.500002596867835,1.6014666449626347e-06,187.51061349359213,10.540165921703334,False,0.0,0.2642861428137302,0.2977019613975015,0.0,False,176.97240640595476,-10.538207087637375,5.717087001489718e-19,-0.872836090288714,0.0655017444190018,-2.0064406219207935,0.0,optimal,-0.50000099540119,176.9704475718888,0.30527273294878743,16,vel_lower,-9.95401190029277e-07,0,u_lower,0,14,0.0,0.0,5.114801869772964e-20,5.717087001489718e-19,True,5.717087001489718e-19,far,mid
5,random_1,0.9085874070339034,-0.41769477346431794,0.015,optimal,True,-0.49999932480436365,1.6705968263752702e-06,210.1105083080447,33.1400607361559,False,0.0,0.18857614912887244,0.2914684100207856,0.0,False,176.9784266701867,-33.13208163785799,5.717087001489718e-19,-0.872836090288714,0.0655017444190018,-2.0064406219207935,0.0,optimal,-0.50000099540119,176.9704475718888,0.30527273294878743,16,vel_lower,-9.95401190029277e-07,0,u_lower,0,14,0.0,0.0,5.114801869772964e-20,5.717087001489718e-19,True,5.717087001489718e-19,far,mid
5,random_1,0.9085874070339034,-0.41769477346431794,0.03,optimal,True,-0.49999876368054647,2.231720643564028e-06,247.81309962172926,70.84265204984047,False,0.0,0.06961392969006763,0.2821071437850853,0.0,False,176.9976179021984,-70.81548171953085,5.551115123125783e-17,-0.872836090288714,0.0655017444190018,-2.0064406219207935,0.0,optimal,-0.50000099540119,176.9704475718888,0.30527273294878743,16,vel_lower,-9.95401190029277e-07,0,u_lower,0,14,0.0,0.0,5.114801869772964e-20,5.717087001489718e-19,True,5.717087001489718e-19,far,mid
5,random_2,-0.42606089900253974,-0.9046944845311856,0.005,optimal,True,-0.5000036262104115,2.6308092214710754e-06,165.55938920508206,-11.411058366806742,False,0.0,0.2701621998981315,0.3417763893065632,0.0,False,177.0263170561445,11.46692785106245,5.551115123125783e-17,-0.872836090288714,0.0655017444190018,-2.0064406219207935,0.0,optimal,-0.50000099540119,176.9704475718888,0.30527273294878743,16,vel_lower,-9.95401190029277e-07,0,u_lower,0,14,0.0,0.0,5.114801869772964e-20,5.717087001489718e-19,True,5.717087001489718e-19,far,mid
5,random_2,-0.42606089900253974,-0.9046944845311856,0.015,optimal,True,-0.4999992537419001,1.7416592899555106e-06,146.52119820600623,-30.449249365882565,False,0.0,0.1981488497656665,0.42589037469647206,0.0,False,178.0314795376648,31.510281331658575,5.551115123125783e-17,-0.872836090288714,0.0655017444190018,-2.0064406219207935,0.0,optimal,-0.50000099540119,176.9704475718888,0.30527273294878743,16,vel_lower,-9.95401190029277e-07,0,u_lower,0,14,0.0,0.0,5.114801869772964e-20,5.717087001489718e-19,True,5.717087001489718e-19,far,mid
5,random_2,-0.42606089900253974,-0.9046944845311856,0.03,optimal,True,-0.5000001551175222,8.402836678689241e-07,125.8216833947334,-51.1487641771554,False,0.0,0.027968409705690478,0.5526307158035346,0.0,False,185.30060006893027,59.47891667419687,5.551115123125783e-17,-0.872836090288714,0.0655017444190018,-2.0064406219207935,0.0,optimal,-0.50000099540119,176.9704475718888,0.30527273294878743,16,vel_lower,-9.95401190029277e-07,0,u_lower,0,14,0.0,0.0,5.114801869772964e-20,5.717087001489718e-19,True,5.717087001489718e-19,far,mid
5,random_3,0.8847938231067735,0.46598271490700144,0.005,optimal,True,-0.49999696788854414,4.027512645887743e-06,193.59498898089976,16.62454140901096,False,0.0,0.3236192521338498,0.2843993175636569,0.0,False,176.99121012799094,-16.603778852908817,5.551115123125783e-17,-0.872836090288714,0.0655017444190018,-2.0064406219207935,0.0,optimal,-0.50000099540119,176.9704475718888,0.30527273294878743,16,vel_lower,-9.95401190029277e-07,0,u_lower,0,14,0.0,0.0,5.114801869772964e-20,5.717087001489718e-19,True,5.717087001489718e-19,far,mid
5,random_3,0.8847938231067735,0.46598271490700144,0.015,optimal,True,-0.49999962294890593,1.3724522840985465e-06,232.06776951931448,55.097321947425684,False,0.0,0.36521222942709863,0.24638659759073855,0.0,False,177.10020431990367,-54.967565199410814,5.551115123125783e-17,-0.872836090288714,0.0655017444190018,-2.0064406219207935,0.0,optimal,-0.50000099540119,176.9704475718888,0.30527273294878743,16,vel_lower,-9.95401190029277e-07,0,u_lower,0,14,0.0,0.0,5.114801869772964e-20,5.717087001489718e-19,True,5.717087001489718e-19,far,mid
5,random_3,0.8847938231067735,0.46598271490700144,0.03,optimal,True,-0.4999994523005593,1.543100630718719e-06,303.00066014663685,126.03021257474805,False,0.0,0.45880533316935,0.2158339411742184,0.0,False,177.23995015782452,-125.76070998881232,5.551115123125783e-17,-0.872836090288714,0.0655017444190018,-2.0064406219207935,0.0,optimal,-0.50000099540119,176.9704475718888,0.30527273294878743,16,vel_lower,-9.95401190029277e-07,0,u_lower,0,14,0.0,0.0,5.114801869772964e-20,5.717087001489718e-19,True,5.717087001489718e-19,far,mid
6,pos_plus,1.0,0.0,0.005,optimal,True,-0.10438369515571304,0.147678129570041,0.8514231600900075,-0.11435406409088211,False,0.0,0.7924365289125102,0.8524410905690935,0.0,False,1.4891900440739494,0.6377668839839419,1.3492758748612684e-17,1.048419750376263,0.15799727894647786,1.1872036043927197,0.0,optimal,0.04329443441432798,0.9657772241808896,0.8025794317340162,18,pos_upper,0.35669439555928284,6,u_lower,0,0,1.3492758748612684e-17,6.096069895665782e-18,5.114801869772964e-20,1.091225113929578e-19,False,1.3492758748612684e-17,far,far
6,pos_plus,1.0,0.0,0.015,optimal,True,-0.3997514480101314,0.4430458824244594,1.1312786143665283,0.1655013901856387,False,0.0,0.7721509090428063,0.8819778658545353,0.0,False,5.6766989183278405,4.545420303961312,1.3492758748612684e-17,1.048419750376263,0.15799727894647786,1.1872036043927197,0.0,optimal,0.04329443441432798,0.9657772241808896,0.8025794317340162,18,pos_upper,0.35669439555928284,6,u_lower,0,0,1.3492758748612684e-17,6.096069895665782e-18,5.114801869772964e-20,1.091225113929578e-19,False,1.3492758748612684e-17,far,far
6,pos_plus,1.0,0.0,0.03,optimal,True,-0.5000001641018041,0.5432945985161322,3.2092350152300986,2.243457791049209,False,0.0,0.6958974123942994,0.6958974216936578,0.0,False,17.2982749678086,14.0890399525785,1.3492758748612684e-17,1.048419750376263,0.15799727894647786,1.1872036043927197,0.0,optimal,0.04329443441432798,0.9657772241808896,0.8025794317340162,18,pos_upper,0.35669439555928284,6,u_lower,0,0,1.3492758748612684e-17,6.096069895665782e-18,5.114801869772964e-20,1.091225113929578e-19,False,1.3492758748612684e-17,far,far
6,pos_minus,-1.0,0.0,0.005,optimal,True,0.1909840587542753,0.1476896243399473,1.2496839849895434,0.28390676080865374,False,0.0,0.8115357663482992,0.72272214875942,0.0,False,1.4892560113876703,0.2395720263981269,1.3492758748612684e-17,1.048419750376263,0.15799727894647786,1.1872036043927197,0.0,optimal,0.04329443441432798,0.9657772241808896,0.8025794317340162,18,pos_upper,0.35669439555928284,6,u_lower,0,0,1.3492758748612684e-17,6.096069895665782e-18,5.114801869772964e-20,1.091225113929578e-19,False,1.3492758748612684e-17,far,far
6,pos_minus,-1.0,0.0,0.015,optimal,True,0.4863642773857377,0.4430698429714097,2.3261205668331724,1.3603433426522828,False,0.0,0.7266161503392853,0.5630075626600446,0.0,False,5.677094742645695,3.350974175812522,1.3492758748612684e-17,1.048419750376263,0.15799727894647786,1.1872036043927197,0.0,optimal,0.04329443441432798,0.9657772241808896,0.8025794317340162,18,pos_upper,0.35669439555928284,6,u_lower,0,0,1.3492758748612684e-17,6.096069895665782e-18,5.114801869772964e-20,1.091225113929578e-19,False,1.3492758748612684e-17,far,far
6,pos_minus,-1.0,0.0,0.03,optimal,True,0.49999999999989275,0.45670556558556474,5.45582081544328,4.49004359126239,False,0.0,0.5720916265725865,0.32689436725110754,0.0,False,18.64469622496192,13.188875409518639,1.3492758748612684e-17,1.048419750376263,0.15799727894647786,1.1872036043927197,0.0,optimal,0.04329443441432798,0.9657772241808896,0.8025794317340162,18,pos_upper,0.35669439555928284,6,u_lower,0,0,1.3492758748612684e-17,6.096069895665782e-18,5.114801869772964e-20,1.091225113929578e-19,False,1.3492758748612684e-17,far,far
6,vel_plus,0.0,1.0,0.005,optimal,True,-0.005282197012272201,0.04857663142660018,1.0617510871467093,0.09597386296581967,False,0.0,0.7980793922444027,0.8425309407547493,0.0,False,1.3033350684955867,0.24158398134887737,1.3492758748612684e-17,1.048419750376263,0.15799727894647786,1.1872036043927197,0.0,optimal,0.04329443441432798,0.9657772241808896,0.8025794317340162,18,pos_upper,0.35669439555928284,6,u_lower,0,0,1.3492758748612684e-17,6.096069895665782e-18,5.114801869772964e-20,1.091225113929578e-19,False,1.3492758748612684e-17,far,far
6,vel_plus,0.0,1.0,0.015,optimal,True,-0.10243448985635521,0.14572892427068318,1.3543275301230686,0.388550305942179,False,0.0,0.7890792930937289,0.8146570081769925,0.0,False,4.003806256923427,2.649478726800359,1.3492758748612684e-17,1.048419750376263,0.15799727894647786,1.1872036043927197,0.0,optimal,0.04329443441432798,0.9657772241808896,0.8025794317340162,18,pos_upper,0.35669439555928284,6,u_lower,0,0,1.3492758748612684e-17,6.096069895665782e-18,5.114801869772964e-20,1.091225113929578e-19,False,1.3492758748612684e-17,far,far
6,vel_plus,0.0,1.0,0.03,optimal,True,-0.24816292913806315,0.29145736355239116,2.044758716304011,1.0789814921231216,False,0.0,0.7755791443699689,0.6098106032483481,0.0,False,13.1178965181257,11.073137801821689,1.3492758748612684e-17,1.048419750376263,0.15799727894647786,1.1872036043927197,0.0,optimal,0.04329443441432798,0.9657772241808896,0.8025794317340162,18,pos_upper,0.35669439555928284,6,u_lower,0,0,1.3492758748612684e-17,6.096069895665782e-18,5.114801869772964e-20,1.091225113929578e-19,False,1.3492758748612684e-17,far,far
6,vel_minus,0.0,-1.0,0.005,optimal,True,0.0918700958536251,0.04857566143929712,0.9033434556032407,-0.06243376857764893,False,0.0,0.8070794913919923,0.7305794913921966,0.0,False,1.3033350684581573,0.3999916128549166,1.3492758748612684e-17,1.048419750376263,0.15799727894647786,1.1872036043927197,0.0,optimal,0.04329443441432798,0.9657772241808896,0.8025794317340162,18,pos_upper,0.35669439555928284,6,u_lower,0,0,1.3492758748612684e-17,6.096069895665782e-18,5.114801869772964e-20,1.091225113929578e-19,False,1.3492758748612684e-17,far,far
6,vel_minus,0.0,-1.0,0.015,optimal,True,0.18902238870700067,0.14572795429267268,0.87910463563013,-0.08667258855075965,False,0.0,0.810336958093548,0.5865795905412645,0.0,False,4.003806256923414,3.1247016212932843,1.3492758748612684e-17,1.048419750376263,0.15799727894647786,1.1872036043927197,0.0,optimal,0.04329443441432798,0.9657772241808896,0.8025794317340162,18,pos_upper,0.35669439555928284,6,u_lower,0,0,1.3492758748612684e-17,6.096069895665782e-18,5.114801869772964e-20,1.091225113929578e-19,False,1.3492758748612684e-17,far,far
6,vel_minus,0.0,-1.0,0.03,optimal,True,0.33475082798942934,0.29145639357510134,1.0943129273074212,0.12853570312653162,False,0.0,0.8097531392166442,0.3705797392649026,0.0,False,13.117896517999897,12.023583590692477,1.3492758748612684e-17,1.048419750376263,0.15799727894647786,1.1872036043927197,0.0,optimal,0.04329443441432798,0.9657772241808896,0.8025794317340162,18,pos_upper,0.35669439555928284,6,u_lower,0,0,1.3492758748612684e-17,6.096069895665782e-18,5.114801869772964e-20,1.091225113929578e-19,False,1.3492758748612684e-17,far,far
6,random_0,0.9909289106818766,-0.13438710494251077,0.005,optimal,True,-0.09652844203456384,0.13982287644889183,0.8397480472861147,-0.12602917689477489,False,0.0,0.7931334889052861,0.8516555652569785,0.0,False,1.3788281485619747,0.5390801012758599,1.3492758748612684e-17,1.048419750376263,0.15799727894647786,1.1872036043927197,0.0,optimal,0.04329443441432798,0.9657772241808896,0.8025794317340162,18,pos_upper,0.35669439555928284,6,u_lower,0,0,1.3492758748612684e-17,6.096069895665782e-18,5.114801869772964e-20,1.091225113929578e-19,False,1.3492758748612684e-17,far,far
6,random_0,0.9909289106818766,-0.13438710494251077,0.015,optimal,True,-0.37617322495429717,0.4194676593686252,1.079374461941348,0.11359723776045827,False,0.0,0.7742415830807308,0.8796200435489518,0.0,False,4.683243977790619,3.6038695158492713,1.3492758748612684e-17,1.048419750376263,0.15799727894647786,1.1872036043927197,0.0,optimal,0.04329443441432798,0.9657772241808896,0.8025794317340162,18,pos_upper,0.35669439555928284,6,u_lower,0,0,1.3492758748612684e-17,6.096069895665782e-18,5.114801869772964e-20,1.091225113929578e-19,False,1.3492758748612684e-17,far,far
6,random_0,0.9909289106818766,-0.13438710494251077,0.03,optimal,True,-0.5000007319031823,0.5432951663175103,2.8886171776537566,1.922839953472867,False,0.0,0.7030643681429859,0.7501325759117665,0.0,False,14.288135933848734,11.399518756194977,1.3492758748612684e-17,1.048419750376263,0.15799727894647786,1.1872036043927197,0.0,optimal,0.04329443441432798,0.9657772241808896,0.8025794317340162,18,pos_upper,0.35669439555928284,6,u_lower,0,0,1.3492758748612684e-17,6.096069895665782e-18,5.114801869772964e-20,1.091225113929578e-19,False,1.3492758748612684e-17,far,far
6,random_1,0.9085874070339034,-0.41769477346431794,0.005,optimal,True,-0.07060542156494837,0.11389985597927635,0.820120090614269,-0.14565713356662058,False,0.0,0.7952435531981115,0.845062769659285,0.0,False,1.1516821487901217,0.3315620581758526,1.3492758748612684e-17,1.048419750376263,0.15799727894647786,1.1872036043927197,0.0,optimal,0.04329443441432798,0.9657772241808896,0.8025794317340162,18,pos_upper,0.35669439555928284,6,u_lower,0,0,1.3492758748612684e-17,6.096069895665782e-18,5.114801869772964e-20,1.091225113929578e-19,False,1.3492758748612684e-17,far,far
6,random_1,0.9085874070339034,-0.41769477346431794,0.015,optimal,True,-0.298404163557923,0.341698597972251,0.9389733781686819,-0.026803846012207755,False,0.0,0.780571775963649,0.8718431374093144,0.0,False,2.638929980105192,1.6999566019365102,1.3492758748612684e-17,1.048419750376263,0.15799727894647786,1.1872036043927197,0.0,optimal,0.04329443441432798,0.9657772241808896,0.8025794317340162,18,pos_upper,0.35669439555928284,6,u_lower,0,0,1.3492758748612684e-17,6.096069895665782e-18,5.114801869772964e-20,1.091225113929578e-19,False,1.3492758748612684e-17,far,far
6,random_1,0.9085874070339034,-0.41769477346431794,0.03,optimal,True,-0.4999999999996665,0.5432944344139945,2.1655336864592845,1.199756462278395,False,0.0,0.7370015275252564,0.8729933272086199,0.0,False,7.392340483545531,5.226806797086246,1.3492758748612684e-17,1.048419750376263,0.15799727894647786,1.1872036043927197,0.0,optimal,0.04329443441432798,0.9657772241808896,0.8025794317340162,18,pos_upper,0.35669439555928284,6,u_lower,0,0,1.3492758748612684e-17,6.096069895665782e-18,5.114801869772964e-20,1.091225113929578e-19,False,1.3492758748612684e-17,far,far
6,random_2,-0.42606089900253974,-0.9046944845311856,0.005,optimal,True,0.15016550193181855,0.10687106751749056,1.0126972168184907,0.04691999263760105,False,0.0,0.8109720226865784,0.7034174137100779,0.0,False,1.6469994338560512,0.6343022170375605,1.3492758748612684e-17,1.048419750376263,0.15799727894647786,1.1872036043927197,0.0,optimal,0.04329443441432798,0.9657772241808896,0.8025794317340162,18,pos_upper,0.35669439555928284,6,u_lower,0,0,1.3492758748612684e-17,6.096069895665782e-18,5.114801869772964e-20,1.091225113929578e-19,False,1.3492758748612684e-17,far,far
6,random_2,-0.42606089900253974,-0.9046944845311856,0.015,optimal,True,0.3639086069354738,0.32061417252114577,1.308928510320264,0.3431512861393743,False,0.0,0.8025386652832729,0.5050933574987084,0.0,False,7.096785545345195,5.787857035024931,1.3492758748612684e-17,1.048419750376263,0.15799727894647786,1.1872036043927197,0.0,optimal,0.04329443441432798,0.9657772241808896,0.8025794317340162,18,pos_upper,0.35669439555928284,6,u_lower,0,0,1.3492758748612684e-17,6.096069895665782e-18,5.114801869772964e-20,1.091225113929578e-19,False,1.3492758748612684e-17,far,far
6,random_2,-0.42606089900253974,-0.9046944845311856,0.03,optimal,True,0.500000000000216,0.45670556558588804,2.292556165243607,1.3267789410627175,False,0.0,0.7563690812280466,0.2083721043773228,0.0,False,25.230210258231097,22.93765409298749,1.3492758748612684e-17,1.048419750376263,0.15799727894647786,1.1872036043927197,0.0,optimal,0.04329443441432798,0.9657772241808896,0.8025794317340162,18,pos_upper,0.35669439555928284,6,u_lower,0,0,1.3492758748612684e-17,6.096069895665782e-18,5.114801869772964e-20,1.091225113929578e-19,False,1.3492758748612684e-17,far,far
6,random_3,0.8847938231067735,0.46598271490700144,0.005,optimal,True,-0.1100169916361858,0.1533114260505138,0.9014310823918613,-0.06434614178902831,False,0.0,0.7915082920436372,0.8530044202171407,0.0,False,1.7803826173893063,0.8789515349974449,1.3492758748612684e-17,1.048419750376263,0.15799727894647786,1.1872036043927197,0.0,optimal,0.04329443441432798,0.9657772241808896,0.8025794317340162,18,pos_upper,0.35669439555928284,6,u_lower,0,0,1.3492758748612684e-17,6.096069895665782e-18,5.114801869772964e-20,1.091225113929578e-19,False,1.3492758748612684e-17,far,far
6,random_3,0.8847938231067735,0.46598271490700144,0.015,optimal,True,-0.4166388737326513,0.4599333081469793,1.2223993383978176,0.25662211421692793,False,0.0,0.769365992493837,0.8133914766543722,0.0,False,8.29723419683313,7.074834858435313,1.3492758748612684e-17,1.048419750376263,0.15799727894647786,1.1872036043927197,0.0,optimal,0.04329443441432798,0.9657772241808896,0.8025794317340162,18,pos_upper,0.35669439555928284,6,u_lower,0,0,1.3492758748612684e-17,6.096069895665782e-18,5.114801869772964e-20,1.091225113929578e-19,False,1.3492758748612684e-17,far,far
6,random_3,0.8847938231067735,0.46598271490700144,0.03,optimal,True,-0.5000014039531927,0.5432958383675207,3.7520800803289256,2.786302856148036,False,0.0,0.6969487610169554,0.5445921447637306,0.0,False,24.264612451819243,20.512532371490316,1.3492758748612684e-17,1.048419750376263,0.15799727894647786,1.1872036043927197,0.0,optimal,0.04329443441432798,0.9657772241808896,0.8025794317340162,18,pos_upper,0.35669439555928284,6,u_lower,0,0,1.3492758748612684e-17,6.096069895665782e-18,5.114801869772964e-20,1.091225113929578e-19,False,1.3492758748612684e-17,far,far
7,pos_plus,1.0,0.0,0.005,optimal,True,0.499998536210646,1.169948000090404e-06,493.0213436170686,-21.520214480654317,False,0.0,-2.5448321160803644e-05,-2.561324945293819e-05,2.561324945293819e-05,False,514.5429110872086,21.521567470139985,31.96849174231637,-0.4655169019844212,0.5648376292738838,1.8083571580821092,0.0,optimal,0.4999997061586461,514.5415580977229,-2.7195602785523576e-05,9,vel_upper,2.4861402414533273e-07,6,u_upper,8,8,2.220446049250313e-16,6.096069895665782e-18,34.769076811286666,8.861206290900627e-21,True,34.769076811286666,near,near
7,pos_plus,1.0,0.0,0.015,optimal,True,0.5000001915925814,4.854339352711179e-07,453.6079464906235,-60.933611607099465,True,1.0,-2.0091212108663825e-05,-2.008260631503056e-05,2.008260631503056e-05,False,514.5963265600969,60.988380069473465,26.46592910892163,-0.4655169019844212,0.5648376292738838,1.8083571580821092,0.0,optimal,0.4999997061586461,514.5415580977229,-2.7195602785523576e-05,9,vel_upper,2.4861402414533273e-07,6,u_upper,8,8,2.220446049250313e-16,6.096069895665782e-18,34.769076811286666,8.861206290900627e-21,True,34.769076811286666,near,near
7,pos_plus,1.0,0.0,0.03,optimal,True,0.500000232535407,5.263767609564596e-07,403.3955455417247,-111.14601255599825,True,3.0,-1.3929856504724114e-05,-1.3910795608973459e-05,1.3910795608973459e-05,False,515.3757358637076,111.98019032198295,18.487787881889048,-0.4655169019844212,0.5648376292738838,1.8083571580821092,0.0,optimal,0.4999997061586461,514.5415580977229,-2.7195602785523576e-05,9,vel_upper,2.4861402414533273e-07,6,u_upper,8,8,2.220446049250313e-16,6.096069895665782e-18,34.769076811286666,8.861206290900627e-21,True,34.769076811286666,near,near
7,pos_minus,-1.0,0.0,0.005,optimal,True,0.4999996876614103,1.849723579860907e-08,537.2743360265499,22.732777928826977,False,0.0,-1.722302968132361e-05,-1.7256800818765683e-05,1.7256800818765683e-05,False,514.5431436025593,-22.731192423990592,37.53720278908067,-0.4655169019844212,0.5648376292738838,1.8083571580821092,0.0,optimal,0.4999997061586461,514.5415580977229,-2.7195602785523576e-05,9,vel_upper,2.4861402414533273e-07,6,u_upper,8,8,2.220446049250313e-16,6.096069895665782e-18,34.769076811286666,8.861206290900627e-21,True,34.769076811286666,near,near
7,pos_minus,-1.0,0.0,0.015,optimal,True,0.4999989776040357,7.285546103630303e-07,586.3802835041791,71.8387254064562,True,1.0,-1.5168286505273798e-05,-1.527175318027929e-05,1.527175318027929e-05,False,514.5502167006247,-71.83006680355447,43.08278903414153,-0.4655169019844212,0.5648376292738838,1.8083571580821092,0.0,optimal,0.4999997061586461,514.5415580977229,-2.7195602785523576e-05,9,vel_upper,2.4861402414533273e-07,6,u_upper,8,8,2.220446049250313e-16,6.096069895665782e-18,34.769076811286666,8.861206290900627e-21,True,34.769076811286666,near,near
7,pos_minus,-1.0,0.0,0.03,optimal,True,0.49999826663854535,1.4395201007322278e-06,669.1575078272404,154.6159497295174,True,1.0,-1.9004419292478758e-05,-1.917796048034326e-05,1.917796048034326e-05,False,514.5540437370623,-154.60346409017802,51.42461589130559,-0.4655169019844212,0.5648376292738838,1.8083571580821092,0.0,optimal,0.4999997061586461,514.5415580977229,-2.7195602785523576e-05,9,vel_upper,2.4861402414533273e-07,6,u_upper,8,8,2.220446049250313e-16,6.096069895665782e-18,34.769076811286666,8.861206290900627e-21,True,34.769076811286666,near,near
7,vel_plus,0.0,1.0,0.005,optimal,True,0.4999998360860639,1.299274178245824e-07,509.950794566377,-4.590763531345942,True,1.0,-5.017844143750949e-06,0.03999614571894017,0.0,False,519.6357731246728,9.684978558295825,40.51126013322969,-0.4655169019844212,0.5648376292738838,1.8083571580821092,0.0,optimal,0.4999997061586461,514.5415580977229,-2.7195602785523576e-05,9,vel_upper,2.4861402414533273e-07,6,u_upper,8,8,2.220446049250313e-16,6.096069895665782e-18,34.769076811286666,8.861206290900627e-21,True,34.769076811286666,near,near
7,vel_plus,0.0,1.0,0.015,optimal,True,0.5000001501761825,4.4401753640510577e-07,503.0856339084781,-11.455924189244854,True,2.0,-5.209156644925272e-06,0.10499834370231897,0.0,False,533.576109927744,30.49047601926594,45.91430537345963,-0.4655169019844212,0.5648376292738838,1.8083571580821092,0.0,optimal,0.4999997061586461,514.5415580977229,-2.7195602785523576e-05,9,vel_upper,2.4861402414533273e-07,6,u_upper,8,8,2.220446049250313e-16,6.096069895665782e-18,34.769076811286666,8.861206290900627e-21,True,34.769076811286666,near,near
7,vel_plus,0.0,1.0,0.03,optimal,True,0.5000000192687164,3.1311007031575855e-07,496.55050453190194,-17.991053565821005,True,5.0,-3.998598569143752e-06,0.18000142886935266,0.0,False,562.7422004476858,66.1916959157839,51.55330881642998,-0.4655169019844212,0.5648376292738838,1.8083571580821092,0.0,optimal,0.4999997061586461,514.5415580977229,-2.7195602785523576e-05,9,vel_upper,2.4861402414533273e-07,6,u_upper,8,8,2.220446049250313e-16,6.096069895665782e-18,34.769076811286666,8.861206290900627e-21,True,34.769076811286666,near,near
7,vel_minus,0.0,-1.0,0.005,optimal,True,0.5000003431909454,6.370322993554112e-07,519.9865822920224,5.445024194299435,True,1.0,-9.603171845062874e-06,-0.07999689675772448,0.07999689675772448,True,510.6396842623135,-9.346898029708882,29.57769962400498,-0.4655169019844212,0.5648376292738838,1.8083571580821092,0.0,optimal,0.4999997061586461,514.5415580977229,-2.7195602785523576e-05,9,vel_upper,2.4861402414533273e-07,6,u_upper,8,8,2.220446049250313e-16,6.096069895665782e-18,34.769076811286666,8.861206290900627e-21,True,34.769076811286666,near,near
7,vel_minus,0.0,-1.0,0.015,optimal,True,0.5000015921578156,1.88599916950416e-06,534.4140611717012,19.872503073978237,True,4.0,-1.164664250064007e-05,-0.2400114672465421,0.2400114672465421,True,506.6992626601089,-27.714798511592278,16.84486623780762,-0.4655169019844212,0.5648376292738838,1.8083571580821092,0.0,optimal,0.4999997061586461,514.5415580977229,-2.7195602785523576e-05,9,vel_upper,2.4861402414533273e-07,6,u_upper,8,8,2.220446049250313e-16,6.096069895665782e-18,34.769076811286666,8.861206290900627e-21,True,34.769076811286666,near,near
7,vel_minus,0.0,-1.0,0.03,optimal,True,0.49999733480438024,2.371354265839898e-06,566.5061578049413,51.964599707218326,True,8.0,0.11516471619071411,-0.3799649448864364,0.3799649448864364,True,506.9422320511357,-59.56392575380556,4.1022901953848614e-17,-0.4655169019844212,0.5648376292738838,1.8083571580821092,0.0,optimal,0.4999997061586461,514.5415580977229,-2.7195602785523576e-05,9,vel_upper,2.4861402414533273e-07,6,u_upper,8,8,2.220446049250313e-16,6.096069895665782e-18,34.769076811286666,8.861206290900627e-21,True,34.769076811286666,near,near
7,random_0,0.9909289106818766,-0.13438710494251077,0.005,optimal,True,0.5000001493823021,4.432236559992475e-07,493.83014772028326,-20.711410377439677,False,0.0,-5.251395217786836e-06,-0.010754071663384046,0.010754071663384046,True,513.9214980177638,20.091350297480574,32.18843042244806,-0.4655169019844212,0.5648376292738838,1.8083571580821092,0.0,optimal,0.4999997061586461,514.5415580977229,-2.7195602785523576e-05,9,vel_upper,2.4861402414533273e-07,6,u_upper,8,8,2.220446049250313e-16,6.096069895665782e-18,34.769076811286666,8.861206290900627e-21,True,34.769076811286666,near,near
7,random_0,0.9909289106818766,-0.13438710494251077,0.015,optimal,True,0.4999990594251037,6.46733542386535e-07,455.8177862455999,-58.723771852123036,True,2.0,-1.0211534272830392e-05,-0.03023609619232359,0.03023609619232359,True,512.8000989766232,56.982312731023285,26.181321502963844,-0.4655169019844212,0.5648376292738838,1.8083571580821092,0.0,optimal,0.4999997061586461,514.5415580977229,-2.7195602785523576e-05,9,vel_upper,2.4861402414533273e-07,6,u_upper,8,8,2.220446049250313e-16,6.096069895665782e-18,34.769076811286666,8.861206290900627e-21,True,34.769076811286666,near,near
7,random_0,0.9909289106818766,-0.13438710494251077,0.03,optimal,True,0.4999992036479178,5.025107283063157e-07,407.13656396865656,-107.40499412906638,True,4.0,-9.758515138846846e-06,-0.05240780083801222,0.05240780083801222,True,511.9092373632206,104.77267339456404,14.426009730938503,-0.4655169019844212,0.5648376292738838,1.8083571580821092,0.0,optimal,0.4999997061586461,514.5415580977229,-2.7195602785523576e-05,9,vel_upper,2.4861402414533273e-07,6,u_upper,8,8,2.220446049250313e-16,6.096069895665782e-18,34.769076811286666,8.861206290900627e-21,True,34.769076811286666,near,near
7,random_1,0.9085874070339034,-0.41769477346431794,0.005,optimal,True,0.4999999597694852,2.5361083910713234e-07,496.9413589331178,-17.600199164605158,True,1.0,-1.4292520897019045e-05,-0.03341890561250671,0.03341890561250671,True,512.7070618773704,15.76570294425261,31.701230312555268,-0.4655169019844212,0.5648376292738838,1.8083571580821092,0.0,optimal,0.4999997061586461,514.5415580977229,-2.7195602785523576e-05,9,vel_upper,2.4861402414533273e-07,6,u_upper,8,8,2.220446049250313e-16,6.096069895665782e-18,34.769076811286666,8.861206290900627e-21,True,34.769076811286666,near,near
7,random_1,0.9085874070339034,-0.41769477346431794,0.015,optimal,True,0.49999963312638734,7.303225874055741e-08,464.64396251937035,-49.89759557835259,True,2.0,-8.155280133426146e-06,-0.09398304983689965,0.09398304983689965,True,509.80852988699445,45.1645673676241,23.02562511772297,-0.4655169019844212,0.5648376292738838,1.8083571580821092,0.0,optimal,0.4999997061586461,514.5415580977229,-2.7195602785523576e-05,9,vel_upper,2.4861402414533273e-07,6,u_upper,8,8,2.220446049250313e-16,6.096069895665782e-18,34.769076811286666,8.861206290900627e-21,True,34.769076811286666,near,near
7,random_1,0.9085874070339034,-0.41769477346431794,0.03,optimal,True,0.5000012964612983,1.5903026522323671e-06,422.7636403962113,-91.77791770151163,True,6.0,-2.192109367360473e-06,-0.1728989884150547,0.1728989884150547,True,507.24562246064426,84.48198206443294,8.904611501136792,-0.4655169019844212,0.5648376292738838,1.8083571580821092,0.0,optimal,0.4999997061586461,514.5415580977229,-2.7195602785523576e-05,9,vel_upper,2.4861402414533273e-07,6,u_upper,8,8,2.220446049250313e-16,6.096069895665782e-18,34.769076811286666,8.861206290900627e-21,True,34.769076811286666,near,near
7,random_2,-0.42606089900253974,-0.9046944845311856,0.005,optimal,True,0.49999943269985275,2.7345879333173784e-07,529.0799388523426,14.538380754619652,True,1.0,-1.4906830009930871e-05,-0.07237603885254562,0.07237603885254562,True,510.9651299904815,-18.114808861861093,30.53143356194302,-0.4655169019844212,0.5648376292738838,1.8083571580821092,0.0,optimal,0.4999997061586461,514.5415580977229,-2.7195602785523576e-05,9,vel_upper,2.4861402414533273e-07,6,u_upper,8,8,2.220446049250313e-16,6.096069895665782e-18,34.769076811286666,8.861206290900627e-21,True,34.769076811286666,near,near
7,random_2,-0.42606089900253974,-0.9046944845311856,0.015,optimal,True,0.4999983297248107,1.3764338354094185e-06,562.5080162486107,47.966458150887775,True,3.0,-1.5222784359725239e-05,-0.2181419580626207,0.2181419580626207,True,506.95718806959655,-55.55082817901416,23.190441972606234,-0.4655169019844212,0.5648376292738838,1.8083571580821092,0.0,optimal,0.4999997061586461,514.5415580977229,-2.7195602785523576e-05,9,vel_upper,2.4861402414533273e-07,6,u_upper,8,8,2.220446049250313e-16,6.096069895665782e-18,34.769076811286666,8.861206290900627e-21,True,34.769076811286666,near,near
7,random_2,-0.42606089900253974,-0.9046944845311856,0.03,optimal,True,0.49999481754948033,4.888609165754065e-06,627.4258292306944,112.88427113297143,True,8.0,0.0694202778679931,-0.3878709967518461,0.3878709967518461,True,507.0025202419726,-120.42330898872177,1.3840596740970042e-16,-0.4655169019844212,0.5648376292738838,1.8083571580821092,0.0,optimal,0.4999997061586461,514.5415580977229,-2.7195602785523576e-05,9,vel_upper,2.4861402414533273e-07,6,u_upper,8,8,2.220446049250313e-16,6.096069895665782e-18,34.769076811286666,8.861206290900627e-21,True,34.769076811286666,near,near
7,random_3,0.8847938231067735,0.46598271490700144,0.005,optimal,True,0.49999957625222347,1.299064226190083e-07,493.3258137080997,-21.21574438962324,False,0.0,-1.0694085527340746e-05,0.020960772674273653,0.0,False,516.7941474858476,23.468333777747887,33.94132831532867,-0.4655169019844212,0.5648376292738838,1.8083571580821092,0.0,optimal,0.4999997061586461,514.5415580977229,-2.7195602785523576e-05,9,vel_upper,2.4861402414533273e-07,6,u_upper,8,8,2.220446049250313e-16,6.096069895665782e-18,34.769076811286666,8.861206290900627e-21,True,34.769076811286666,near,near
7,random_3,0.8847938231067735,0.46598271490700144,0.015,optimal,True,0.49999970780483216,1.6461860763428149e-09,454.8134848838281,-59.728073213894845,True,2.0,-1.3182414977830348e-05,0.0559091919492305,0.0,False,522.1743066756407,67.36082179181255,32.22313618117477,-0.4655169019844212,0.5648376292738838,1.8083571580821092,0.0,optimal,0.4999997061586461,514.5415580977229,-2.7195602785523576e-05,9,vel_upper,2.4861402414533273e-07,6,u_upper,8,8,2.220446049250313e-16,6.096069895665782e-18,34.769076811286666,8.861206290900627e-21,True,34.769076811286666,near,near
7,random_3,0.8847938231067735,0.46598271490700144,0.03,optimal,True,0.49999936644187937,3.397167667174017e-07,406.1571940975449,-108.38436400017804,True,5.0,-2.671315251201456e-05,0.09783782692408638,0.0,False,532.7356386102907,126.57844451274582,29.687812263538078,-0.4655169019844212,0.5648376292738838,1.8083571580821092,0.0,optimal,0.4999997061586461,514.5415580977229,-2.7195602785523576e-05,9,vel_upper,2.4861402414533273e-07,6,u_upper,8,8,2.220446049250313e-16,6.096069895665782e-18,34.769076811286666,8.861206290900627e-21,True,34.769076811286666,near,near
8,pos_plus,1.0,0.0,0.005,optimal,True,-0.5000101918927559,1.072370187787941e-05,87.51740621050136,5.553061581190349,False,0.0,0.20815968025167675,0.20816026554555833,0.0,False,82.25195016653478,-5.26545604396658,1.2284512062538443e-16,0.8908271906360379,-0.36643355057763893,-0.15308338285564282,0.0,optimal,-0.499999468190878,81.96434462931101,0.24325851513313668,9,vel_lower,2.2267547811205546e-07,6,u_lower,0,7,2.0816681711721685e-17,6.096069895665782e-18,1.2284512062538443e-16,0.0,True,1.2284512062538443e-16,mid,mid
8,pos_plus,1.0,0.0,0.015,optimal,True,-0.5000037914473534,4.323256475424753e-06,100.65420181631109,18.689857187000072,False,0.0,0.13462954214044842,0.13462978438144357,0.0,False,84.19143942928693,-16.462762387024156,1.2284512062538443e-16,0.8908271906360379,-0.36643355057763893,-0.15308338285564282,0.0,optimal,-0.499999468190878,81.96434462931101,0.24325851513313668,9,vel_lower,2.2267547811205546e-07,6,u_lower,0,7,2.0816681711721685e-17,6.096069895665782e-18,1.2284512062538443e-16,0.0,True,1.2284512062538443e-16,mid,mid
8,pos_plus,1.0,0.0,0.03,optimal,True,-0.5000140408450322,1.4572654154221265e-05,126.47756669121358,44.51322206190257,False,0.0,0.02341316011236727,0.023414177105943512,0.0,False,88.32325401424752,-38.15431267696606,1.3877787807814457e-16,0.8908271906360379,-0.36643355057763893,-0.15308338285564282,0.0,optimal,-0.499999468190878,81.96434462931101,0.24325851513313668,9,vel_lower,2.2267547811205546e-07,6,u_lower,0,7,2.0816681711721685e-17,6.096069895665782e-18,1.2284512062538443e-16,0.0,True,1.2284512062538443e-16,mid,mid
8,pos_minus,-1.0,0.0,0.005,optimal,True,-0.4999977832609807,1.6849298972720916e-06,76.99655802918907,-4.96778660012194,False,0.0,0.2713678605833648,0.27136775800896673,0.0,False,82.28524250591794,5.288684476728861,3.122502256758253e-17,0.8908271906360379,-0.36643355057763893,-0.15308338285564282,0.0,optimal,-0.499999468190878,81.96434462931101,0.24325851513313668,9,vel_lower,2.2267547811205546e-07,6,u_lower,0,7,2.0816681711721685e-17,6.096069895665782e-18,1.2284512062538443e-16,0.0,True,1.2284512062538443e-16,mid,mid
8,pos_minus,-1.0,0.0,0.015,optimal,True,-0.5000065065872653,7.0383963873266175e-06,68.61824322119462,-13.346101408116397,False,0.0,0.3386686577563519,0.33866851340083126,0.0,False,85.24970120765227,16.631457986457647,3.122502256758253e-17,0.8908271906360379,-0.36643355057763893,-0.15308338285564282,0.0,optimal,-0.499999468190878,81.96434462931101,0.24325851513313668,9,vel_lower,2.2267547811205546e-07,6,u_lower,0,7,2.0816681711721685e-17,6.096069895665782e-18,1.2284512062538443e-16,0.0,True,1.2284512062538443e-16,mid,mid
8,pos_minus,-1.0,0.0,0.03,optimal,True,-0.499993463017462,6.005173415979392e-06,59.288744088065755,-22.67560054124526,False,0.0,0.42132940272685193,0.4213286596661656,0.0,False,96.44681257345376,37.158068485388,3.122502256758253e-17,0.8908271906360379,-0.36643355057763893,-0.15308338285564282,0.0,optimal,-0.499999468190878,81.96434462931101,0.24325851513313668,9,vel_lower,2.2267547811205546e-07,6,u_lower,0,7,2.0816681711721685e-17,6.096069895665782e-18,1.2284512062538443e-16,0.0,True,1.2284512062538443e-16,mid,mid
8,vel_plus,0.0,1.0,0.005,optimal,True,-0.500000224708103,7.56517225031228e-07,82.92954164862903,0.9651970193180119,False,0.0,0.2584951707948049,0.21349518369920617,0.0,False,82.23064390683574,-0.6988977417932887,3.122502256758253e-17,0.8908271906360379,-0.36643355057763893,-0.15308338285564282,0.0,optimal,-0.499999468190878,81.96434462931101,0.24325851513313668,9,vel_lower,2.2267547811205546e-07,6,u_lower,0,7,2.0816681711721685e-17,6.096069895665782e-18,1.2284512062538443e-16,0.0,True,1.2284512062538443e-16,mid,mid
8,vel_plus,0.0,1.0,0.015,optimal,True,-0.5000018404887914,2.3722979133888877e-06,85.45130102837021,3.4869563990591956,False,0.0,0.30490307280578755,0.15169311776709837,0.0,False,84.16956448914902,-1.2817365392211855,3.122502256758253e-17,0.8908271906360379,-0.36643355057763893,-0.15308338285564282,0.0,optimal,-0.499999468190878,81.96434462931101,0.24325851513313668,9,vel_lower,2.2267547811205546e-07,6,u_lower,0,7,2.0816681711721685e-17,6.096069895665782e-18,1.2284512062538443e-16,0.0,True,1.2284512062538443e-16,mid,mid
8,vel_plus,0.0,1.0,0.03,optimal,True,-0.5000080393755675,8.57118468949869e-06,91.28222804381909,9.317883414508074,False,0.0,0.40214929001110367,0.021373983900683347,0.0,False,89.09784089188288,-2.184387151936207,3.122502256758253e-17,0.8908271906360379,-0.36643355057763893,-0.15308338285564282,0.0,optimal,-0.499999468190878,81.96434462931101,0.24325851513313668,9,vel_lower,2.2267547811205546e-07,6,u_lower,0,7,2.0816681711721685e-17,6.096069895665782e-18,1.2284512062538443e-16,0.0,True,1.2284512062538443e-16,mid,mid
8,vel_minus,0.0,-1.0,0.005,optimal,True,-0.4999926402259636,6.827964914357665e-06,81.15883608295333,-0.8055085463576859,False,0.0,0.22530635850972092,0.2653059733799914,0.0,False,82.23449927305352,1.0756631901001867,3.122502256758253e-17,0.8908271906360379,-0.36643355057763893,-0.15308338285564282,0.0,optimal,-0.499999468190878,81.96434462931101,0.24325851513313668,9,vel_lower,2.2267547811205546e-07,6,u_lower,0,7,2.0816681711721685e-17,6.096069895665782e-18,1.2284512062538443e-16,0.0,True,1.2284512062538443e-16,mid,mid
8,vel_minus,0.0,-1.0,0.015,optimal,True,-0.4999999833604759,5.151695979255244e-07,80.02766075218311,-1.936683877127905,False,0.0,0.2099743904009037,0.3149743896185019,0.0,False,84.45393648021596,4.426275728032849,3.122502256758253e-17,0.8908271906360379,-0.36643355057763893,-0.15308338285564282,0.0,optimal,-0.499999468190878,81.96434462931101,0.24325851513313668,9,vel_lower,2.2267547811205546e-07,6,u_lower,0,7,2.0816681711721685e-17,6.096069895665782e-18,1.2284512062538443e-16,0.0,True,1.2284512062538443e-16,mid,mid
8,vel_minus,0.0,-1.0,0.03,optimal,True,-0.4999853666914032,1.4101499474783452e-05,79.48868693506358,-2.475657694247431,False,0.0,0.20519739727697395,0.3835722787439906,0.0,False,91.88015836140733,12.391471426343742,3.122502256758253e-17,0.8908271906360379,-0.36643355057763893,-0.15308338285564282,0.0,optimal,-0.499999468190878,81.96434462931101,0.24325851513313668,9,vel_lower,2.2267547811205546e-07,6,u_lower,0,7,2.0816681711721685e-17,6.096069895665782e-18,1.2284512062538443e-16,0.0,True,1.2284512062538443e-16,mid,mid
8,random_0,0.9909289106818766,-0.13438710494251077,0.005,optimal,True,-0.5000002380831937,7.698923157328785e-07,87.31266483499965,5.348320205688637,False,0.0,0.2049515534937647,0.21099898688867602,0.0,False,82.18272559626635,-5.1299392387333,3.122502256758253e-17,0.8908271906360379,-0.36643355057763893,-0.15308338285564282,0.0,optimal,-0.499999468190878,81.96434462931101,0.24325851513313668,9,vel_lower,2.2267547811205546e-07,6,u_lower,0,7,2.0816681711721685e-17,6.096069895665782e-18,1.2284512062538443e-16,0.0,True,1.2284512062538443e-16,mid,mid
8,random_0,0.9909289106818766,-0.13438710494251077,0.015,optimal,True,-0.5000032445158876,3.7763250096412015e-06,99.74748958355673,17.783144954245714,False,0.0,0.129718703205566,0.15189278281784135,0.0,False,83.6630834812389,-16.08440610231783,3.122502256758253e-17,0.8908271906360379,-0.36643355057763893,-0.15308338285564282,0.0,optimal,-0.499999468190878,81.96434462931101,0.24325851513313668,9,vel_lower,2.2267547811205546e-07,6,u_lower,0,7,2.0816681711721685e-17,6.096069895665782e-18,1.2284512062538443e-16,0.0,True,1.2284512062538443e-16,mid,mid
8,random_0,0.9909289106818766,-0.13438710494251077,0.03,optimal,True,-0.5000119692148695,1.250102399147357e-05,123.44727340162069,41.48292877230968,False,0.0,0.007585190700626576,0.056947196414980916,0.0,False,87.05922184892665,-36.38805155269404,7.979727989493313e-17,0.8908271906360379,-0.36643355057763893,-0.15308338285564282,0.0,optimal,-0.499999468190878,81.96434462931101,0.24325851513313668,9,vel_lower,2.2267547811205546e-07,6,u_lower,0,7,2.0816681711721685e-17,6.096069895665782e-18,1.2284512062538443e-16,0.0,True,1.2284512062538443e-16,mid,mid
8,random_1,0.9085874070339034,-0.41769477346431794,0.005,optimal,True,-0.4999989656686518,5.025222261645368e-07,86.53402882115007,4.569684191839059,False,0.0,0.1997485913823498,0.2185447967892853,0.0,False,82.05167726735083,-4.482351553799248,7.979727989493313e-17,0.8908271906360379,-0.36643355057763893,-0.15308338285564282,0.0,optimal,-0.499999468190878,81.96434462931101,0.24325851513313668,9,vel_lower,2.2267547811205546e-07,6,u_lower,0,7,2.0816681711721685e-17,6.096069895665782e-18,1.2284512062538443e-16,0.0,True,1.2284512062538443e-16,mid,mid
8,random_1,0.9085874070339034,-0.41769477346431794,0.015,optimal,True,-0.5000171849013759,1.7716710497939214e-05,96.73108026663677,14.766735637325752,False,0.0,0.11875766645312902,0.18141289440451902,0.0,False,82.63621196793807,-14.0948682986987,7.979727989493313e-17,0.8908271906360379,-0.36643355057763893,-0.15308338285564282,0.0,optimal,-0.499999468190878,81.96434462931101,0.24325851513313668,9,vel_lower,2.2267547811205546e-07,6,u_lower,0,7,2.0816681711721685e-17,6.096069895665782e-18,1.2284512062538443e-16,0.0,True,1.2284512062538443e-16,mid,mid
8,random_1,0.9085874070339034,-0.41769477346431794,0.03,optimal,True,-0.4999999183919576,4.5020107963811284e-07,114.86696446352603,32.90261983421502,True,1.0,-9.237477716084186e-06,0.13782999972036036,0.0,False,84.00436257706625,-30.862601886459785,2.8553621841033334,0.8908271906360379,-0.36643355057763893,-0.15308338285564282,0.0,optimal,-0.499999468190878,81.96434462931101,0.24325851513313668,9,vel_lower,2.2267547811205546e-07,6,u_lower,0,7,2.0816681711721685e-17,6.096069895665782e-18,1.2284512062538443e-16,0.0,True,1.2284512062538443e-16,mid,mid
8,random_2,-0.42606089900253974,-0.9046944845311856,0.005,optimal,True,-0.499999685799636,2.1760875801302149e-07,79.13146548986164,-2.832879139449375,False,0.0,0.23971236943469032,0.27590013291228777,0.0,False,82.47269223564106,3.341226745779423,6.591949208711867e-17,0.8908271906360379,-0.36643355057763893,-0.15308338285564282,0.0,optimal,-0.499999468190878,81.96434462931101,0.24325851513313668,9,vel_lower,2.2267547811205546e-07,6,u_lower,0,7,2.0816681711721685e-17,6.096069895665782e-18,1.2284512062538443e-16,0.0,True,1.2284512062538443e-16,mid,mid
8,random_2,-0.42606089900253974,-0.9046944845311856,0.015,optimal,True,-0.49999583512643125,3.6330644467286177e-06,74.57672856983514,-7.387616059475874,False,0.0,0.25974465133752433,0.3483737478592267,0.0,False,86.84109049250824,12.264361922673103,6.591949208711867e-17,0.8908271906360379,-0.36643355057763893,-0.15308338285564282,0.0,optimal,-0.499999468190878,81.96434462931101,0.24325851513313668,9,vel_lower,2.2267547811205546e-07,6,u_lower,0,7,2.0816681711721685e-17,6.096069895665782e-18,1.2284512062538443e-16,0.0,True,1.2284512062538443e-16,mid,mid
8,random_2,-0.42606089900253974,-0.9046944845311856,0.03,optimal,True,-0.4999995782072866,1.1001640859431561e-07,70.12206454364687,-11.842280085664143,False,0.0,0.3070465703224361,0.4354439257091506,0.0,False,102.09536040792575,31.97329586427888,6.591949208711867e-17,0.8908271906360379,-0.36643355057763893,-0.15308338285564282,0.0,optimal,-0.499999468190878,81.96434462931101,0.24325851513313668,9,vel_lower,2.2267547811205546e-07,6,u_lower,0,7,2.0816681711721685e-17,6.096069895665782e-18,1.2284512062538443e-16,0.0,True,1.2284512062538443e-16,mid,mid
8,random_3,0.8847938231067735,0.46598271490700144,0.005,optimal,True,-0.5000044254752493,4.957284371276405e-06,87.38575339204253,5.421408762731517,False,0.0,0.22292791186189276,0.2009929885142826,0.0,False,82.46112290649562,-4.924630485546913,6.591949208711867e-17,0.8908271906360379,-0.36643355057763893,-0.15308338285564282,0.0,optimal,-0.499999468190878,81.96434462931101,0.24325851513313668,9,vel_lower,2.2267547811205546e-07,6,u_lower,0,7,2.0816681711721685e-17,6.096069895665782e-18,1.2284512062538443e-16,0.0,True,1.2284512062538443e-16,mid,mid
8,random_3,0.8847938231067735,0.46598271490700144,0.015,optimal,True,-0.49999979631338315,3.281225051665615e-07,100.80599823288867,18.841653603577655,False,0.0,0.1810160320306049,0.10201427438399413,0.0,False,85.65359117272367,-15.152407060165004,6.591949208711867e-17,0.8908271906360379,-0.36643355057763893,-0.15308338285564282,0.0,optimal,-0.499999468190878,81.96434462931101,0.24325851513313668,9,vel_lower,2.2267547811205546e-07,6,u_lower,0,7,2.0816681711721685e-17,6.096069895665782e-18,1.2284512062538443e-16,0.0,True,1.2284512062538443e-16,mid,mid
8,random_3,0.8847938231067735,0.46598271490700144,0.03,optimal,True,-0.4999989226461297,5.455447482649589e-07,129.69982624587152,47.735481616560506,False,0.0,0.1499486841440062,-0.04959234397483758,0.04959234397483758,True,91.01360546213658,-38.68622078373494,6.591949208711867e-17,0.8908271906360379,-0.36643355057763893,-0.15308338285564282,0.0,optimal,-0.499999468190878,81.96434462931101,0.24325851513313668,9,vel_lower,2.2267547811205546e-07,6,u_lower,0,7,2.0816681711721685e-17,6.096069895665782e-18,1.2284512062538443e-16,0.0,True,1.2284512062538443e-16,mid,mid
9,pos_plus,1.0,0.0,0.005,optimal,True,0.4999863265115568,2.1149803156650382e-05,1103.0410543028108,-44.215578832770234,False,0.0,0.4072712380208974,0.36828627292520677,0.0,False,1147.265875629502,44.2248213266912,8.881784197001252e-16,-1.459827949480868,-0.4148526095189426,0.8420251849152911,0.0,optimal,0.5000074763147134,1147.256633135581,0.36829266558486706,8,pos_lower,-7.476314713428245e-06,0,u_upper,0,17,4.141591335219444e-17,8.881784197001252e-16,1.4645051169690957e-16,5.334274688628682e-17,True,8.881784197001252e-16,far,mid
9,pos_plus,1.0,0.0,0.015,optimal,True,0.49999965342907743,7.822885635999643e-06,1018.231415055268,-129.02521808031304,False,0.0,0.4702456870208491,0.36828986937554076,0.0,False,1147.2617728438586,129.03035778859055,8.881784197001252e-16,-1.459827949480868,-0.4148526095189426,0.8420251849152911,0.0,optimal,0.5000074763147134,1147.256633135581,0.36829266558486706,8,pos_lower,-7.476314713428245e-06,0,u_upper,0,17,4.141591335219444e-17,8.881784197001252e-16,1.4645051169690957e-16,5.334274688628682e-17,True,8.881784197001252e-16,far,mid
9,pos_plus,1.0,0.0,0.03,optimal,True,0.4999994801872299,7.996127483533844e-06,900.1483139352014,-247.1083192003797,False,0.0,0.5272015060134858,0.36828982262309085,0.0,False,1147.265674392555,247.11736045735358,8.881784197001252e-16,-1.459827949480868,-0.4148526095189426,0.8420251849152911,0.0,optimal,0.5000074763147134,1147.256633135581,0.36829266558486706,8,pos_lower,-7.476314713428245e-06,0,u_upper,0,17,4.141591335219444e-17,8.881784197001252e-16,1.4645051169690957e-16,5.334274688628682e-17,True,8.881784197001252e-16,far,mid
9,pos_minus,-1.0,0.0,0.005,optimal,True,0.5000012131382778,6.263176435594708e-06,1192.7018687772638,45.44523564168276,False,0.0,0.3243052313969095,0.36829029029130855,0.0,False,1147.2600238696043,-45.441844907659515,8.881784197001252e-16,-1.459827949480868,-0.4148526095189426,0.8420251849152911,0.0,optimal,0.5000074763147134,1147.256633135581,0.36829266558486706,8,pos_lower,-7.476314713428245e-06,0,u_upper,0,17,4.141591335219444e-17,8.881784197001252e-16,1.4645051169690957e-16,5.334274688628682e-17,True,8.881784197001252e-16,far,mid
9,pos_minus,-1.0,0.0,0.015,optimal,True,0.5000273497360059,1.9873421292504467e-05,1287.2205634911973,139.96393035561618,False,0.0,0.22135053626107104,0.368297343606117,0.0,False,1147.2508842195841,-139.96967927161313,8.881784197001252e-16,-1.459827949480868,-0.4148526095189426,0.8420251849152911,0.0,optimal,0.5000074763147134,1147.256633135581,0.36829266558486706,8,pos_lower,-7.476314713428245e-06,0,u_upper,0,17,4.141591335219444e-17,8.881784197001252e-16,1.4645051169690957e-16,5.334274688628682e-17,True,8.881784197001252e-16,far,mid
9,pos_minus,-1.0,0.0,0.03,optimal,True,0.5000005198711633,6.956443550087954e-06,1438.15608888448,290.89945574889884,False,0.0,0.029378843951015643,0.3682901032006243,0.0,False,1147.265265689995,-290.89082319448494,8.881784197001252e-16,-1.459827949480868,-0.4148526095189426,0.8420251849152911,0.0,optimal,0.5000074763147134,1147.256633135581,0.36829266558486706,8,pos_lower,-7.476314713428245e-06,0,u_upper,0,17,4.141591335219444e-17,8.881784197001252e-16,1.4645051169690957e-16,5.334274688628682e-17,True,8.881784197001252e-16,far,mid
9,vel_plus,0.0,1.0,0.005,optimal,True,0.49999882743924456,8.648875468864059e-06,1121.716372291896,-25.54026084368502,False,0.0,0.38228953902404106,0.36828964646720297,0.0,False,1147.2619729186629,25.545600626766827,8.881784197001252e-16,-1.459827949480868,-0.4148526095189426,0.8420251849152911,0.0,optimal,0.5000074763147134,1147.256633135581,0.36829266558486706,8,pos_lower,-7.476314713428245e-06,0,u_upper,0,17,4.141591335219444e-17,8.881784197001252e-16,1.4645051169690957e-16,5.334274688628682e-17,True,8.881784197001252e-16,far,mid
9,vel_plus,0.0,1.0,0.015,optimal,True,0.49997913881131933,2.8337503394093577e-05,1072.7554100253435,-74.50122311023756,False,0.0,0.27994632736788316,0.36828433306562447,0.0,False,1147.2789359163403,74.52352589099678,8.881784197001252e-16,-1.459827949480868,-0.4148526095189426,0.8420251849152911,0.0,optimal,0.5000074763147134,1147.256633135581,0.36829266558486706,8,pos_lower,-7.476314713428245e-06,0,u_upper,0,17,4.141591335219444e-17,8.881784197001252e-16,1.4645051169690957e-16,5.334274688628682e-17,True,8.881784197001252e-16,far,mid
9,vel_plus,0.0,1.0,0.03,optimal,True,0.4999996036662021,7.87264851132008e-06,1004.5884888212101,-142.66814431437092,False,0.0,0.02341919736005904,0.3682898559461143,0.0,False,1147.3020310713257,142.71354225011555,8.881784197001252e-16,-1.459827949480868,-0.4148526095189426,0.8420251849152911,0.0,optimal,0.5000074763147134,1147.256633135581,0.36829266558486706,8,pos_lower,-7.476314713428245e-06,0,u_upper,0,17,4.141591335219444e-17,8.881784197001252e-16,1.4645051169690957e-16,5.334274688628682e-17,True,8.881784197001252e-16,far,mid
9,vel_minus,0.0,-1.0,0.005,optimal,True,0.5000009251263293,6.551188384107398e-06,1173.5107975232554,26.254164387674336,False,0.0,0.35130510570117846,0.3682902125660996,0.0,False,1147.261148323258,-26.249649199997293,8.881784197001252e-16,-1.459827949480868,-0.4148526095189426,0.8420251849152911,0.0,optimal,0.5000074763147134,1147.256633135581,0.36829266558486706,8,pos_lower,-7.476314713428245e-06,0,u_upper,0,17,4.141591335219444e-17,8.881784197001252e-16,1.4645051169690957e-16,5.334274688628682e-17,True,8.881784197001252e-16,far,mid
9,vel_minus,0.0,-1.0,0.015,optimal,True,0.5000208611464588,1.338483174539995e-05,1228.1210212899978,80.8643881544167,False,0.0,0.303363173668296,0.36829559273093504,0.0,False,1147.2625344973592,-80.85848679263859,8.881784197001252e-16,-1.459827949480868,-0.4148526095189426,0.8420251849152911,0.0,optimal,0.5000074763147134,1147.256633135581,0.36829266558486706,8,pos_lower,-7.476314713428245e-06,0,u_upper,0,17,4.141591335219444e-17,8.881784197001252e-16,1.4645051169690957e-16,5.334274688628682e-17,True,8.881784197001252e-16,far,mid
9,vel_minus,0.0,-1.0,0.03,optimal,True,0.5000004135700062,7.06274470718693e-06,1315.3625450879038,168.10591195232269,False,0.0,0.1444378577778258,0.3682900745551698,0.0,False,1147.2867886383085,-168.07575644959525,8.881784197001252e-16,-1.459827949480868,-0.4148526095189426,0.8420251849152911,0.0,optimal,0.5000074763147134,1147.256633135581,0.36829266558486706,8,pos_lower,-7.476314713428245e-06,0,u_upper,0,17,4.141591335219444e-17,8.881784197001252e-16,1.4645051169690957e-16,5.334274688628682e-17,True,8.881784197001252e-16,far,mid
9,random_0,0.9909289106818766,-0.13438710494251077,0.005,optimal,True,0.4999990519252399,8.42438947351587e-06,1106.8087559779221,-40.44787715765892,False,0.0,0.405546394757095,0.36828970704879427,0.0,False,1147.2607839498037,40.452027971881535,8.881784197001252e-16,-1.459827949480868,-0.4148526095189426,0.8420251849152911,0.0,optimal,0.5000074763147134,1147.256633135581,0.36829266558486706,8,pos_lower,-7.476314713428245e-06,0,u_upper,0,17,4.141591335219444e-17,8.881784197001252e-16,1.4645051169690957e-16,5.334274688628682e-17,True,8.881784197001252e-16,far,mid
9,random_0,0.9909289106818766,-0.13438710494251077,0.015,optimal,True,0.4999757018471128,3.177446760060931e-05,1028.8850063036525,-118.37162683192855,False,0.0,0.46741485564169216,0.3682834057349693,0.0,False,1147.2703819887174,118.3853756850649,8.881784197001252e-16,-1.459827949480868,-0.4148526095189426,0.8420251849152911,0.0,optimal,0.5000074763147134,1147.256633135581,0.36829266558486706,8,pos_lower,-7.476314713428245e-06,0,u_upper,0,17,4.141591335219444e-17,8.881784197001252e-16,1.4645051169690957e-16,5.334274688628682e-17,True,8.881784197001252e-16,far,mid
9,random_0,0.9909289106818766,-0.13438710494251077,0.03,optimal,True,0.49999953813290055,7.938181812883194e-06,919.3965739136833,-227.8600592218978,False,0.0,0.526190350211623,0.368289838260782,0.0,False,1147.2624293343056,227.86585542062232,8.881784197001252e-16,-1.459827949480868,-0.4148526095189426,0.8420251849152911,0.0,optimal,0.5000074763147134,1147.256633135581,0.36829266558486706,8,pos_lower,-7.476314713428245e-06,0,u_upper,0,17,4.141591335219444e-17,8.881784197001252e-16,1.4645051169690957e-16,5.334274688628682e-17,True,8.881784197001252e-16,far,mid
9,random_1,0.9085874070339034,-0.41769477346431794,0.005,optimal,True,0.5000008213995097,6.654915203685441e-06,1117.5959301456933,-29.660702989887795,False,0.0,0.3987860292921801,0.36829018457350515,0.0,False,1147.260047176044,29.66411703035078,8.881784197001252e-16,-1.459827949480868,-0.4148526095189426,0.8420251849152911,0.0,optimal,0.5000074763147134,1147.256633135581,0.36829266558486706,8,pos_lower,-7.476314713428245e-06,0,u_upper,0,17,4.141591335219444e-17,8.881784197001252e-16,1.4645051169690957e-16,5.334274688628682e-17,True,8.881784197001252e-16,far,mid
9,random_1,0.9085874070339034,-0.41769477346431794,0.015,optimal,True,0.4999838642284809,2.3612086232527307e-05,1059.8014418426335,-87.45519129294757,False,0.0,0.4536315525522794,0.36828560851105907,0.0,False,1147.26680342888,87.46536158624644,8.881784197001252e-16,-1.459827949480868,-0.4148526095189426,0.8420251849152911,0.0,optimal,0.5000074763147134,1147.256633135581,0.36829266558486706,8,pos_lower,-7.476314713428245e-06,0,u_upper,0,17,4.141591335219444e-17,8.881784197001252e-16,1.4645051169690957e-16,5.334274688628682e-17,True,8.881784197001252e-16,far,mid
9,random_1,0.9085874070339034,-0.41769477346431794,0.03,optimal,True,0.4999757933781871,3.1682936526333805e-05,976.9146943824551,-170.341938753126,False,0.0,0.5157401075231713,0.3682834305145666,0.0,False,1147.2702810013748,170.3555866189197,8.881784197001252e-16,-1.459827949480868,-0.4148526095189426,0.8420251849152911,0.0,optimal,0.5000074763147134,1147.256633135581,0.36829266558486706,8,pos_lower,-7.476314713428245e-06,0,u_upper,0,17,4.141591335219444e-17,8.881784197001252e-16,1.4645051169690957e-16,5.334274688628682e-17,True,8.881784197001252e-16,far,mid
9,random_2,-0.42606089900253974,-0.9046944845311856,0.005,optimal,True,0.5000008067083409,6.669606372522452e-06,1190.5051780510776,43.248544915496495,False,0.0,0.3336611860233565,0.368290180608823,0.0,False,1147.2613232503506,-43.24385480072692,8.881784197001252e-16,-1.459827949480868,-0.4148526095189426,0.8420251849152911,0.0,optimal,0.5000074763147134,1147.256633135581,0.36829266558486706,8,pos_lower,-7.476314713428245e-06,0,u_upper,0,17,4.141591335219444e-17,8.881784197001252e-16,1.4645051169690957e-16,5.334274688628682e-17,True,8.881784197001252e-16,far,mid
9,random_2,-0.42606089900253974,-0.9046944845311856,0.015,optimal,True,0.5000003867801652,7.089534548199161e-06,1281.2778902447126,134.0212571091315,False,0.0,0.23443282620540007,0.36829006728361713,0.0,False,1147.2717412028776,-134.006149041835,8.881784197001252e-16,-1.459827949480868,-0.4148526095189426,0.8420251849152911,0.0,optimal,0.5000074763147134,1147.256633135581,0.36829266558486706,8,pos_lower,-7.476314713428245e-06,0,u_upper,0,17,4.141591335219444e-17,8.881784197001252e-16,1.4645051169690957e-16,5.334274688628682e-17,True,8.881784197001252e-16,far,mid
9,random_2,-0.42606089900253974,-0.9046944845311856,0.03,infeasible,False,,,,,True,,,,,,,,,-1.459827949480868,-0.4148526095189426,0.8420251849152911,0.0,optimal,0.5000074763147134,1147.256633135581,0.36829266558486706,8,pos_lower,-7.476314713428245e-06,0,u_upper,0,17,4.141591335219444e-17,8.881784197001252e-16,1.4645051169690957e-16,5.334274688628682e-17,True,8.881784197001252e-16,far,mid
9,random_3,0.8847938231067735,0.46598271490700144,0.005,optimal,True,0.5000067200583231,7.562563902885344e-07,1096.4092246312198,-50.84740850436128,False,0.0,0.4081377851162329,0.3682917764323266,0.0,False,1147.2584125942763,50.849187963056465,8.881784197001252e-16,-1.459827949480868,-0.4148526095189426,0.8420251849152911,0.0,optimal,0.5000074763147134,1147.256633135581,0.36829266558486706,8,pos_lower,-7.476314713428245e-06,0,u_upper,0,17,4.141591335219444e-17,8.881784197001252e-16,1.4645051169690957e-16,5.334274688628682e-17,True,8.881784197001252e-16,far,mid
9,random_3,0.8847938231067735,0.46598271490700144,0.015,optimal,True,0.4999995702273735,7.906087339915047e-06,1000.0499450479978,-147.2066880875833,False,0.0,0.4211002614783006,0.3682898469220519,0.0,False,1147.266784804446,147.21683975644817,8.881784197001252e-16,-1.459827949480868,-0.4148526095189426,0.8420251849152911,0.0,optimal,0.5000074763147134,1147.256633135581,0.36829266558486706,8,pos_lower,-7.476314713428245e-06,0,u_upper,0,17,4.141591335219444e-17,8.881784197001252e-16,1.4645051169690957e-16,5.334274688628682e-17,True,8.881784197001252e-16,far,mid
9,random_3,0.8847938231067735,0.46598271490700144,0.03,optimal,True,0.49999935531833795,8.12099637548247e-06,868.8387774597594,-278.41785567582167,False,0.0,0.3057577976665139,0.36828978892495434,0.0,False,1147.2856405223606,278.4468630626012,8.881784197001252e-16,-1.459827949480868,-0.4148526095189426,0.8420251849152911,0.0,optimal,0.5000074763147134,1147.256633135581,0.36829266558486706,8,pos_lower,-7.476314713428245e-06,0,u_upper,0,17,4.141591335219444e-17,8.881784197001252e-16,1.4645051169690957e-16,5.334274688628682e-17,True,8.881784197001252e-16,far,mid
10,pos_plus,1.0,0.0,0.005,optimal,True,-0.5000136754489286,9.665174479978056e-06,696.5443460104373,35.435645115667285,False,0.0,0.48898995628693953,0.48898968862384073,0.0,False,661.1061834218395,-35.43816258859772,3.0237637291248694e-16,0.7832388989050147,0.5610116789210521,-0.801203352564501,0.0,optimal,-0.5000040102744486,661.10870089477,0.48898880059874195,1,vel_upper,-4.010274448629225e-06,0,u_lower,0,17,3.0237637291248694e-16,1.5118818645624347e-16,1.6529685927363484e-17,7.322525584845479e-17,True,3.0237637291248694e-16,far,mid
10,pos_plus,1.0,0.0,0.015,optimal,True,-0.5000003465709224,3.66370352622436e-06,771.0776510913627,109.96895019659269,False,0.0,0.488988362519414,0.48898835573604016,0.0,False,661.1114403808999,-109.96621071046275,3.0237637291248694e-16,0.7832388989050147,0.5610116789210521,-0.801203352564501,0.0,optimal,-0.5000040102744486,661.10870089477,0.48898880059874195,1,vel_upper,-4.010274448629225e-06,0,u_lower,0,17,3.0237637291248694e-16,1.5118818645624347e-16,1.6529685927363484e-17,7.322525584845479e-17,True,3.0237637291248694e-16,far,mid
10,pos_plus,1.0,0.0,0.03,optimal,True,-0.5000005198127714,3.49046167724687e-06,891.9910292631056,230.8823283683356,False,0.0,0.47554183378647563,0.488988373060225,0.0,False,661.115220265686,-230.87580899741954,3.0237637291248694e-16,0.7832388989050147,0.5610116789210521,-0.801203352564501,0.0,optimal,-0.5000040102744486,661.10870089477,0.48898880059874195,1,vel_upper,-4.010274448629225e-06,0,u_lower,0,17,3.0237637291248694e-16,1.5118818645624347e-16,1.6529685927363484e-17,7.322525584845479e-17,True,3.0237637291248694e-16,far,mid
10,pos_minus,-1.0,0.0,0.005,optimal,True,-0.49999878637022255,5.223904226081544e-06,626.8873145489447,-34.221386345825294,False,0.0,0.48898817596179656,0.4889881997159702,0.0,False,661.1107869078234,34.22347235887867,3.0237637291248694e-16,0.7832388989050147,0.5610116789210521,-0.801203352564501,0.0,optimal,-0.5000040102744486,661.10870089477,0.48898880059874195,1,vel_upper,-4.010274448629225e-06,0,u_lower,0,17,3.0237637291248694e-16,1.5118818645624347e-16,1.6529685927363484e-17,7.322525584845479e-17,True,3.0237637291248694e-16,far,mid
10,pos_minus,-1.0,0.0,0.015,optimal,True,-0.4999996534560286,4.356818420037101e-06,562.0888019788412,-99.01989891592882,False,0.0,0.4889882796417062,0.4889882864245507,0.0,False,661.1116546747913,99.02285269595018,3.0237637291248694e-16,0.7832388989050147,0.5610116789210521,-0.801203352564501,0.0,optimal,-0.5000040102744486,661.10870089477,0.48898880059874195,1,vel_upper,-4.010274448629225e-06,0,u_lower,0,17,3.0237637291248694e-16,1.5118818645624347e-16,1.6529685927363484e-17,7.322525584845479e-17,True,3.0237637291248694e-16,far,mid
10,pos_minus,-1.0,0.0,0.03,optimal,True,-0.49999948018722545,4.530087223175716e-06,474.01319544307637,-187.0955054516936,False,0.0,0.4889882589234654,0.48898826909767046,0.0,False,661.115541692052,187.10234624897566,3.0237637291248694e-16,0.7832388989050147,0.5610116789210521,-0.801203352564501,0.0,optimal,-0.5000040102744486,661.10870089477,0.48898880059874195,1,vel_upper,-4.010274448629225e-06,0,u_lower,0,17,3.0237637291248694e-16,1.5118818645624347e-16,1.6529685927363484e-17,7.322525584845479e-17,True,3.0237637291248694e-16,far,mid
10,vel_plus,0.0,1.0,0.005,optimal,True,-0.5000011717379225,2.838536526161839e-06,681.9743715146376,20.865670619867615,False,0.0,0.4839884611869677,0.4889884382527402,0.0,False,661.1110606357925,-20.86331087884514,3.0237637291248694e-16,0.7832388989050147,0.5610116789210521,-0.801203352564501,0.0,optimal,-0.5000040102744486,661.10870089477,0.48898880059874195,1,vel_upper,-4.010274448629225e-06,0,u_lower,0,17,3.0237637291248694e-16,1.5118818645624347e-16,1.6529685927363484e-17,7.322525584845479e-17,True,3.0237637291248694e-16,far,mid
10,vel_plus,0.0,1.0,0.015,optimal,True,-0.5000208611885371,1.685091408842876e-05,725.8141569913536,64.70545609658359,False,0.0,0.473990815514026,0.4889904071978016,0.0,False,661.1141962626284,-64.69996072872516,3.0237637291248694e-16,0.7832388989050147,0.5610116789210521,-0.801203352564501,0.0,optimal,-0.5000040102744486,661.10870089477,0.48898880059874195,1,vel_upper,-4.010274448629225e-06,0,u_lower,0,17,3.0237637291248694e-16,1.5118818645624347e-16,1.6529685927363484e-17,7.322525584845479e-17,True,3.0237637291248694e-16,far,mid
10,vel_plus,0.0,1.0,0.03,optimal,True,-0.5000004126299926,3.597644456010407e-06,796.8931955395575,135.78449464478751,False,0.0,0.4589883704185832,0.4889883623419472,0.0,False,661.1441900747641,-135.7490054647934,3.0237637291248694e-16,0.7832388989050147,0.5610116789210521,-0.801203352564501,0.0,optimal,-0.5000040102744486,661.10870089477,0.48898880059874195,1,vel_upper,-4.010274448629225e-06,0,u_lower,0,17,3.0237637291248694e-16,1.5118818645624347e-16,1.6529685927363484e-17,7.322525584845479e-17,True,3.0237637291248694e-16,far,mid
10,vel_minus,0.0,-1.0,0.005,optimal,True,-0.49999907431992124,4.935954527385267e-06,640.9524005934661,-20.156300301303872,False,0.0,0.4939882103927551,0.48898822851094004,0.0,False,661.1117091161569,20.15930852269082,3.0237637291248694e-16,0.7832388989050147,0.5610116789210521,-0.801203352564501,0.0,optimal,-0.5000040102744486,661.10870089477,0.48898880059874195,1,vel_upper,-4.010274448629225e-06,0,u_lower,0,17,3.0237637291248694e-16,1.5118818645624347e-16,1.6529685927363484e-17,7.322525584845479e-17,True,3.0237637291248694e-16,far,mid
10,vel_minus,0.0,-1.0,0.015,optimal,True,-0.4999997356759473,4.2745985013303844e-06,602.7547631951711,-58.35393769959887,False,0.0,0.4289297267888863,0.4889882946465427,0.0,False,661.1207305543046,58.36596735913349,3.0237637291248694e-16,0.7832388989050147,0.5610116789210521,-0.801203352564501,0.0,optimal,-0.5000040102744486,661.10870089477,0.48898880059874195,1,vel_upper,-4.010274448629225e-06,0,u_lower,0,17,3.0237637291248694e-16,1.5118818645624347e-16,1.6529685927363484e-17,7.322525584845479e-17,True,3.0237637291248694e-16,far,mid
10,vel_minus,0.0,-1.0,0.03,optimal,True,-0.4999996764657074,4.333808741208145e-06,550.7520208404046,-110.35668005436537,False,0.0,0.18110247135225999,0.4889882887255187,0.0,False,661.2012816277687,110.4492607873641,3.0237637291248694e-16,0.7832388989050147,0.5610116789210521,-0.801203352564501,0.0,optimal,-0.5000040102744486,661.10870089477,0.48898880059874195,1,vel_upper,-4.010274448629225e-06,0,u_lower,0,17,3.0237637291248694e-16,1.5118818645624347e-16,1.6529685927363484e-17,7.322525584845479e-17,True,3.0237637291248694e-16,far,mid
10,random_0,0.9909289106818766,-0.13438710494251077,0.005,optimal,True,-0.5000009453042751,3.064970173549675e-06,693.363927119221,32.25522622445101,False,0.0,0.48966036963637805,0.48898841560937545,0.0,False,661.1100299206634,-32.25389719855764,3.0237637291248694e-16,0.7832388989050147,0.5610116789210521,-0.801203352564501,0.0,optimal,-0.5000040102744486,661.10870089477,0.48898880059874195,1,vel_upper,-4.010274448629225e-06,0,u_lower,0,17,3.0237637291248694e-16,1.5118818645624347e-16,1.6529685927363484e-17,7.322525584845479e-17,True,3.0237637291248694e-16,far,mid
10,random_0,0.9909289106818766,-0.13438710494251077,0.015,optimal,True,-0.500000307878405,3.7023960436366465e-06,760.8419355583305,99.73323466356055,False,0.0,0.4910041644669798,0.48898835186678846,0.0,False,661.1106467756214,-99.73128878270916,3.0237637291248694e-16,0.7832388989050147,0.5610116789210521,-0.801203352564501,0.0,optimal,-0.5000040102744486,661.10870089477,0.48898880059874195,1,vel_upper,-4.010274448629225e-06,0,u_lower,0,17,3.0237637291248694e-16,1.5118818645624347e-16,1.6529685927363484e-17,7.322525584845479e-17,True,3.0237637291248694e-16,far,mid
10,random_0,0.9909289106818766,-0.13438710494251077,0.03,optimal,True,-0.5000004618152151,3.548459233559953e-06,869.4826886493313,208.3739877545613,False,0.0,0.49301998944777925,0.48898836726046946,0.0,False,661.1120159174362,-208.37067273189507,3.0237637291248694e-16,0.7832388989050147,0.5610116789210521,-0.801203352564501,0.0,optimal,-0.5000040102744486,661.10870089477,0.48898880059874195,1,vel_upper,-4.010274448629225e-06,0,u_lower,0,17,3.0237637291248694e-16,1.5118818645624347e-16,1.6529685927363484e-17,7.322525584845479e-17,True,3.0237637291248694e-16,far,mid
10,random_1,0.9085874070339034,-0.41769477346431794,0.005,optimal,True,-0.49999917860048526,4.831673963368033e-06,684.4448307510131,23.336129856243133,False,0.0,0.49107669672920395,0.48898823893899646,0.0,False,661.1105349528243,-23.334295798188805,3.0237637291248694e-16,0.7832388989050147,0.5610116789210521,-0.801203352564501,0.0,optimal,-0.5000040102744486,661.10870089477,0.48898880059874195,1,vel_upper,-4.010274448629225e-06,0,u_lower,0,17,3.0237637291248694e-16,1.5118818645624347e-16,1.6529685927363484e-17,7.322525584845479e-17,True,3.0237637291248694e-16,far,mid
10,random_1,0.9085874070339034,-0.41769477346431794,0.015,optimal,True,-0.5000161357715032,1.2125497054538137e-05,732.6317768560997,71.52307596132971,False,0.0,0.4952556720717003,0.4889899346560982,0.0,False,661.1053827656302,-71.52639409046947,3.0237637291248694e-16,0.7832388989050147,0.5610116789210521,-0.801203352564501,0.0,optimal,-0.5000040102744486,661.10870089477,0.48898880059874195,1,vel_upper,-4.010274448629225e-06,0,u_lower,0,17,3.0237637291248694e-16,1.5118818645624347e-16,1.6529685927363484e-17,7.322525584845479e-17,True,3.0237637291248694e-16,far,mid
10,random_1,0.9085874070339034,-0.41769477346431794,0.03,optimal,True,-0.5000003067206422,3.703553806411186e-06,808.7431984832575,147.63449758848753,False,0.0,0.4625537029168596,0.4889883517510122,0.0,False,661.1105809176825,-147.63261756557506,3.0237637291248694e-16,0.7832388989050147,0.5610116789210521,-0.801203352564501,0.0,optimal,-0.5000040102744486,661.10870089477,0.48898880059874195,1,vel_upper,-4.010274448629225e-06,0,u_lower,0,17,3.0237637291248694e-16,1.5118818645624347e-16,1.6529685927363484e-17,7.322525584845479e-17,True,3.0237637291248694e-16,far,mid
10,random_2,-0.42606089900253974,-0.9046944845311856,0.005,optimal,True,-0.49999919323996256,4.817034486070959e-06,628.4273482514438,-32.681352643326136,False,0.0,0.4935116970350246,0.4889882404029442,0.0,False,661.1118007258542,32.684452474410364,3.0237637291248694e-16,0.7832388989050147,0.5610116789210521,-0.801203352564501,0.0,optimal,-0.5000040102744486,661.10870089477,0.48898880059874195,1,vel_upper,-4.010274448629225e-06,0,u_lower,0,17,3.0237637291248694e-16,1.5118818645624347e-16,1.6529685927363484e-17,7.322525584845479e-17,True,3.0237637291248694e-16,far,mid
10,random_2,-0.42606089900253974,-0.9046944845311856,0.015,optimal,True,-0.49999961321982894,4.39705461968698e-06,567.3427702093155,-93.76593068545446,False,0.0,0.45539322502076995,0.48898828240093084,0.0,False,661.121923756092,93.77915354677646,3.0237637291248694e-16,0.7832388989050147,0.5610116789210521,-0.801203352564501,0.0,optimal,-0.5000040102744486,661.10870089477,0.48898880059874195,1,vel_upper,-4.010274448629225e-06,0,u_lower,0,17,3.0237637291248694e-16,1.5118818645624347e-16,1.6529685927363484e-17,7.322525584845479e-17,True,3.0237637291248694e-16,far,mid
10,random_2,-0.42606089900253974,-0.9046944845311856,0.03,optimal,True,-0.4999995289745095,4.481299939129713e-06,486.4046827801088,-174.70401811466115,False,0.0,0.24233210609251277,0.4889882739763989,0.0,False,661.2612751477805,174.85659236767162,3.0237637291248694e-16,0.7832388989050147,0.5610116789210521,-0.801203352564501,0.0,optimal,-0.5000040102744486,661.10870089477,0.48898880059874195,1,vel_upper,-4.010274448629225e-06,0,u_lower,0,17,3.0237637291248694e-16,1.5118818645624347e-16,1.6529685927363484e-17,7.322525584845479e-17,True,3.0237637291248694e-16,far,mid
10,random_3,0.8847938231067735,0.46598271490700144,0.005,optimal,True,-0.500001371431837,2.638842611646375e-06,702.375232402026,41.26653150725599,False,0.0,0.48665857149040703,0.48898845822213166,0.0,False,661.110540896138,-41.26469150588798,3.0237637291248694e-16,0.7832388989050147,0.5610116789210521,-0.801203352564501,0.0,optimal,-0.5000040102744486,661.10870089477,0.48898880059874195,1,vel_upper,-4.010274448629225e-06,0,u_lower,0,17,3.0237637291248694e-16,1.5118818645624347e-16,1.6529685927363484e-17,7.322525584845479e-17,True,3.0237637291248694e-16,far,mid
10,random_3,0.8847938231067735,0.46598271490700144,0.015,optimal,True,-0.5000004297901122,3.5804843364628525e-06,790.2397772156271,129.13107632085712,False,0.0,0.4819986317465669,0.4889883640579591,0.0,False,661.1163939053847,-129.1233833102424,3.0237637291248694e-16,0.7832388989050147,0.5610116789210521,-0.801203352564501,0.0,optimal,-0.5000040102744486,661.10870089477,0.48898880059874195,1,vel_upper,-4.010274448629225e-06,0,u_lower,0,17,3.0237637291248694e-16,1.5118818645624347e-16,1.6529685927363484e-17,7.322525584845479e-17,True,3.0237637291248694e-16,far,mid
10,random_3,0.8847938231067735,0.46598271490700144,0.03,optimal,True,-0.5000006446816601,3.3655927885734016e-06,935.3687220126674,274.2600211178974,False,0.0,0.3250919164453887,0.4889883855471139,0.0,False,661.1350987028657,-274.2336233098017,3.0237637291248694e-16,0.7832388989050147,0.5610116789210521,-0.801203352564501,0.0,optimal,-0.5000040102744486,661.10870089477,0.48898880059874195,1,vel_upper,-4.010274448629225e-06,0,u_lower,0,17,3.0237637291248694e-16,1.5118818645624347e-16,1.6529685927363484e-17,7.322525584845479e-17,True,3.0237637291248694e-16,far,mid
11,pos_plus,1.0,0.0,0.005,optimal,True,-0.49999962397771563,3.9861606188074106e-07,126.65723975716816,10.442923078701199,False,0.0,0.2773664575683067,0.2773664251134349,0.0,False,116.26590027648388,-10.39133948068428,1.3002517723015666e-17,-0.4145289406884196,-0.03653302646903045,-1.4284317482122857,0.0,optimal,-0.5000000225937775,116.21431667846696,0.3093828471586709,14,vel_lower,-2.2593777515567126e-08,0,u_lower,0,12,0.0,1.3002517723015666e-17,1.1844186898334749e-18,1.4870453285799891e-18,True,1.3002517723015666e-17,far,mid
11,pos_plus,1.0,0.0,0.015,optimal,True,-0.5000054486017174,5.426007939846045e-06,150.92932100696805,34.715004328501095,False,0.0,0.22587659294636153,0.22587701486850287,0.0,False,116.51194676713389,-34.41737423983416,1.3002517723015666e-17,-0.4145289406884196,-0.03653302646903045,-1.4284317482122857,0.0,optimal,-0.5000000225937775,116.21431667846696,0.3093828471586709,14,vel_lower,-2.2593777515567126e-08,0,u_lower,0,12,0.0,1.3002517723015666e-17,1.1844186898334749e-18,1.4870453285799891e-18,True,1.3002517723015666e-17,far,mid
11,pos_plus,1.0,0.0,0.03,optimal,True,-0.5000237317866963,2.3709192918830446e-05,196.14375827159705,79.9294415931301,False,0.0,0.17863298220488688,0.1786349068954991,0.0,False,116.83724764683093,-79.30651062476612,1.3002517723015666e-17,-0.4145289406884196,-0.03653302646903045,-1.4284317482122857,0.0,optimal,-0.5000000225937775,116.21431667846696,0.3093828471586709,14,vel_lower,-2.2593777515567126e-08,0,u_lower,0,12,0.0,1.3002517723015666e-17,1.1844186898334749e-18,1.4870453285799891e-18,True,1.3002517723015666e-17,far,mid
11,pos_minus,-1.0,0.0,0.005,optimal,True,-0.5000009835797803,9.609860027737227e-07,106.83872126385462,-9.375595414612334,False,0.0,0.345607319232639,0.3456073662776843,0.0,False,116.29957359055841,9.460852326703787,1.3002517723015666e-17,-0.4145289406884196,-0.03653302646903045,-1.4284317482122857,0.0,optimal,-0.5000000225937775,116.21431667846696,0.3093828471586709,14,vel_lower,-2.2593777515567126e-08,0,u_lower,0,12,0.0,1.3002517723015666e-17,1.1844186898334749e-18,1.4870453285799891e-18,True,1.3002517723015666e-17,far,mid
11,pos_minus,-1.0,0.0,0.015,optimal,True,-0.5000000690345894,4.644081186278015e-08,91.03817063952148,-25.176146038945475,False,0.0,0.4295677195076215,0.42956772756686146,0.0,False,117.49813755299877,26.459966913477288,1.3002517723015666e-17,-0.4145289406884196,-0.03653302646903045,-1.4284317482122857,0.0,optimal,-0.5000000225937775,116.21431667846696,0.3093828471586709,14,vel_lower,-2.2593777515567126e-08,0,u_lower,0,12,0.0,1.3002517723015666e-17,1.1844186898334749e-18,1.4870453285799891e-18,True,1.3002517723015666e-17,far,mid
11,pos_minus,-1.0,0.0,0.03,optimal,True,-0.5000000785712528,5.597747532171127e-08,73.54382612046922,-42.67049055799774,False,0.0,0.5080529913294904,0.5461758472328053,0.0,False,124.10799616652463,50.56417004605541,1.3002517723015666e-17,-0.4145289406884196,-0.03653302646903045,-1.4284317482122857,0.0,optimal,-0.5000000225937775,116.21431667846696,0.3093828471586709,14,vel_lower,-2.2593777515567126e-08,0,u_lower,0,12,0.0,1.3002517723015666e-17,1.1844186898334749e-18,1.4870453285799891e-18,True,1.3002517723015666e-17,far,mid
11,vel_plus,0.0,1.0,0.005,optimal,True,-0.499998658746135,1.3638476424882029e-06,120.22394995861009,4.0096332801431345,False,0.0,0.34717536169958485,0.2721752495063178,0.0,False,116.28814349325657,-3.9358064653535223,1.3002517723015666e-17,-0.4145289406884196,-0.03653302646903045,-1.4284317482122857,0.0,optimal,-0.5000000225937775,116.21431667846696,0.3093828471586709,14,vel_lower,-2.2593777515567126e-08,0,u_lower,0,12,0.0,1.3002517723015666e-17,1.1844186898334749e-18,1.4870453285799891e-18,True,1.3002517723015666e-17,far,mid
11,vel_plus,0.0,1.0,0.015,optimal,True,-0.500003805101207,3.782507429495041e-06,129.99188234500664,13.777565666539687,False,0.0,0.4455604807536909,0.2055607751655032,0.0,False,116.65830826793791,-13.333574077068732,1.3002517723015666e-17,-0.4145289406884196,-0.03653302646903045,-1.4284317482122857,0.0,optimal,-0.5000000225937775,116.21431667846696,0.3093828471586709,14,vel_lower,-2.2593777515567126e-08,0,u_lower,0,12,0.0,1.3002517723015666e-17,1.1844186898334749e-18,1.4870453285799891e-18,True,1.3002517723015666e-17,far,mid
11,vel_plus,0.0,1.0,0.03,optimal,True,-0.5000002889145834,2.66320805852871e-07,149.50045447028737,33.28613779182041,False,0.0,0.6434667225045417,0.1388094849874404,0.0,False,117.12864249493467,-32.3718119753527,1.3002517723015666e-17,-0.4145289406884196,-0.03653302646903045,-1.4284317482122857,0.0,optimal,-0.5000000225937775,116.21431667846696,0.3093828471586709,14,vel_lower,-2.2593777515567126e-08,0,u_lower,0,12,0.0,1.3002517723015666e-17,1.1844186898334749e-18,1.4870453285799891e-18,True,1.3002517723015666e-17,far,mid
11,vel_minus,0.0,-1.0,0.005,optimal,True,-0.5000002848298346,2.6223605709141395e-07,112.71667266771074,-3.4976440107562183,False,0.0,0.28060316013983466,0.34560316484101195,0.0,False,116.321121047216,3.604448379505257,1.3002517723015666e-17,-0.4145289406884196,-0.03653302646903045,-1.4284317482122857,0.0,optimal,-0.5000000225937775,116.21431667846696,0.3093828471586709,14,vel_lower,-2.2593777515567126e-08,0,u_lower,0,12,0.0,1.3002517723015666e-17,1.1844186898334749e-18,1.4870453285799891e-18,True,1.3002517723015666e-17,far,mid
11,vel_minus,0.0,-1.0,0.015,optimal,True,-0.5000000953920863,7.279830882556126e-08,107.03833743870706,-9.175979239759897,False,0.0,0.24083401196482557,0.4208340205669582,0.0,False,117.60903361766184,10.570696178954776,1.3002517723015666e-17,-0.4145289406884196,-0.03653302646903045,-1.4284317482122857,0.0,optimal,-0.5000000225937775,116.21431667846696,0.3093828471586709,14,vel_lower,-2.2593777515567126e-08,0,u_lower,0,12,0.0,1.3002517723015666e-17,1.1844186898334749e-18,1.4870453285799891e-18,True,1.3002517723015666e-17,far,mid
11,vel_minus,0.0,-1.0,0.03,optimal,True,-0.4999998090965626,2.1349721490704354e-07,101.0485694881707,-15.165747190296258,False,0.0,0.2025843953903903,0.5084384927308012,0.0,False,123.25491224186757,22.206342753696873,1.3002517723015666e-17,-0.4145289406884196,-0.03653302646903045,-1.4284317482122857,0.0,optimal,-0.5000000225937775,116.21431667846696,0.3093828471586709,14,vel_lower,-2.2593777515567126e-08,0,u_lower,0,12,0.0,1.3002517723015666e-17,1.1844186898334749e-18,1.4870453285799891e-18,True,1.3002517723015666e-17,far,mid
11,random_0,0.9909289106818766,-0.13438710494251077,0.005,optimal,True,-0.49999881692167214,1.205672105375477e-06,125.96926032438995,9.754943645922992,False,0.0,0.2725169918477265,0.28259592793961474,0.0,False,116.2517261394162,-9.717534184973744,1.3002517723015666e-17,-0.4145289406884196,-0.03653302646903045,-1.4284317482122857,0.0,optimal,-0.5000000225937775,116.21431667846696,0.3093828471586709,14,vel_lower,-2.2593777515567126e-08,0,u_lower,0,12,0.0,1.3002517723015666e-17,1.1844186898334749e-18,1.4870453285799891e-18,True,1.3002517723015666e-17,far,mid
11,random_0,0.9909289106818766,-0.13438710494251077,0.015,optimal,True,-0.5000044935216674,4.4709278899102145e-06,148.2545082061521,32.04019152768515,False,0.0,0.2064253433330614,0.2382807165433326,0.0,False,116.44760376005927,-31.806904446092844,1.3002517723015666e-17,-0.4145289406884196,-0.03653302646903045,-1.4284317482122857,0.0,optimal,-0.5000000225937775,116.21431667846696,0.3093828471586709,14,vel_lower,-2.2593777515567126e-08,0,u_lower,0,12,0.0,1.3002517723015666e-17,1.1844186898334749e-18,1.4870453285799891e-18,True,1.3002517723015666e-17,far,mid
11,random_0,0.9909289106818766,-0.13438710494251077,0.03,optimal,True,-0.5000199375738862,1.9914980108670655e-05,188.84936962322408,72.63505294475712,False,0.0,0.1269363573334087,0.19144378156772945,0.0,False,116.73583829177774,-72.11353133144634,2.7755575615628914e-17,-0.4145289406884196,-0.03653302646903045,-1.4284317482122857,0.0,optimal,-0.5000000225937775,116.21431667846696,0.3093828471586709,14,vel_lower,-2.2593777515567126e-08,0,u_lower,0,12,0.0,1.3002517723015666e-17,1.1844186898334749e-18,1.4870453285799891e-18,True,1.3002517723015666e-17,far,mid
11,random_1,0.9085874070339034,-0.41769477346431794,0.005,optimal,True,-0.5000011172316703,1.0946378927734202e-06,123.88592028923019,7.671603610763228,False,0.0,0.26373128060227,0.2929700250185028,0.0,False,116.22799356307802,-7.657926726152169,2.7755575615628914e-17,-0.4145289406884196,-0.03653302646903045,-1.4284317482122857,0.0,optimal,-0.5000000225937775,116.21431667846696,0.3093828471586709,14,vel_lower,-2.2593777515567126e-08,0,u_lower,0,12,0.0,1.3002517723015666e-17,1.1844186898334749e-18,1.4870453285799891e-18,True,1.3002517723015666e-17,far,mid
11,random_1,0.9085874070339034,-0.41769477346431794,0.015,optimal,True,-0.4999995443635471,4.782302304162656e-07,140.69722083189484,24.48290415342788,False,0.0,0.1749590680183557,0.26894035198510224,0.0,False,116.28884491271727,-24.408375919177573,2.7755575615628914e-17,-0.4145289406884196,-0.03653302646903045,-1.4284317482122857,0.0,optimal,-0.5000000225937775,116.21431667846696,0.3093828471586709,14,vel_lower,-2.2593777515567126e-08,0,u_lower,0,12,0.0,1.3002517723015666e-17,1.1844186898334749e-18,1.4870453285799891e-18,True,1.3002517723015666e-17,far,mid
11,random_1,0.9085874070339034,-0.41769477346431794,0.03,optimal,True,-0.5000048180897388,4.7954959613294434e-06,169.6224737691442,53.408157090677236,False,0.0,0.043632983497742805,0.2396186199645165,0.0,False,116.42390443446658,-53.198569334677615,5.551115123125783e-17,-0.4145289406884196,-0.03653302646903045,-1.4284317482122857,0.0,optimal,-0.5000000225937775,116.21431667846696,0.3093828471586709,14,vel_lower,-2.2593777515567126e-08,0,u_lower,0,12,0.0,1.3002517723015666e-17,1.1844186898334749e-18,1.4870453285799891e-18,True,1.3002517723015666e-17,far,mid
11,random_2,-0.42606089900253974,-0.9046944845311856,0.005,optimal,True,-0.4999992253677982,7.972259793431746e-07,109.14381358787729,-7.070503090589668,False,0.0,0.30085617521984354,0.35966124590962,0.0,False,116.42003527435358,7.2762216864762905,5.551115123125783e-17,-0.4145289406884196,-0.03653302646903045,-1.4284317482122857,0.0,optimal,-0.5000000225937775,116.21431667846696,0.3093828471586709,14,vel_lower,-2.2593777515567126e-08,0,u_lower,0,12,0.0,1.3002517723015666e-17,1.1844186898334749e-18,1.4870453285799891e-18,True,1.3002517723015666e-17,far,mid
11,random_2,-0.42606089900253974,-0.9046944845311856,0.015,optimal,True,-0.5000001389449089,1.1635113139618625e-07,97.78704273965843,-18.427273938808526,False,0.0,0.3053582755280959,0.4546602634410585,0.0,False,118.8708313491957,21.083788609537265,5.551115123125783e-17,-0.4145289406884196,-0.03653302646903045,-1.4284317482122857,0.0,optimal,-0.5000000225937775,116.21431667846696,0.3093828471586709,14,vel_lower,-2.2593777515567126e-08,0,u_lower,0,12,0.0,1.3002517723015666e-17,1.1844186898334749e-18,1.4870453285799891e-18,True,1.3002517723015666e-17,far,mid
11,random_2,-0.42606089900253974,-0.9046944845311856,0.03,optimal,True,-0.5000003247448909,3.0215111335163414e-07,85.82961968281235,-30.384696995654608,False,0.0,0.3382878011255884,0.5786957324386044,0.0,False,130.79501063779566,44.965390954983306,5.551115123125783e-17,-0.4145289406884196,-0.03653302646903045,-1.4284317482122857,0.0,optimal,-0.5000000225937775,116.21431667846696,0.3093828471586709,14,vel_lower,-2.2593777515567126e-08,0,u_lower,0,12,0.0,1.3002517723015666e-17,1.1844186898334749e-18,1.4870453285799891e-18,True,1.3002517723015666e-17,far,mid
11,random_3,0.8847938231067735,0.46598271490700144,0.005,optimal,True,-0.4999985308689701,1.491724807400896e-06,127.4828932100519,11.26857653158494,False,0.0,0.2988156880592314,0.26386686221383304,0.0,False,116.31606674390102,-11.16682646615088,5.551115123125783e-17,-0.4145289406884196,-0.03653302646903045,-1.4284317482122857,0.0,optimal,-0.5000000225937775,116.21431667846696,0.3093828471586709,14,vel_lower,-2.2593777515567126e-08,0,u_lower,0,12,0.0,1.3002517723015666e-17,1.1844186898334749e-18,1.4870453285799891e-18,True,1.3002517723015666e-17,far,mid
11,random_3,0.8847938231067735,0.46598271490700144,0.015,optimal,True,-0.500014826590428,1.4803996650436524e-05,154.8840153551889,38.669698676721936,False,0.0,0.30551040907206506,0.1936757577836521,0.0,False,116.73471796622596,-38.149297388962935,5.551115123125783e-17,-0.4145289406884196,-0.03653302646903045,-1.4284317482122857,0.0,optimal,-0.5000000225937775,116.21431667846696,0.3093828471586709,14,vel_lower,-2.2593777515567126e-08,0,u_lower,0,12,0.0,1.3002517723015666e-17,1.1844186898334749e-18,1.4870453285799891e-18,True,1.3002517723015666e-17,far,mid
11,random_3,0.8847938231067735,0.46598271490700144,0.03,optimal,True,-0.5000004977853559,4.7519157841957593e-07,208.8894398031839,92.67512312471695,False,0.0,0.3786829104445484,0.14103176696631947,0.0,False,117.10689491263088,-91.78254489055303,5.551115123125783e-17,-0.4145289406884196,-0.03653302646903045,-1.4284317482122857,0.0,optimal,-0.5000000225937775,116.21431667846696,0.3093828471586709,14,vel_lower,-2.2593777515567126e-08,0,u_lower,0,12,0.0,1.3002517723015666e-17,1.1844186898334749e-18,1.4870453285799891e-18,True,1.3002517723015666e-17,far,mid
12,pos_plus,1.0,0.0,0.005,optimal,True,-0.32564437647388544,0.14769003381556026,0.6050748294834525,0.276215371886571,False,0.0,0.7491868441769993,0.6591868441612965,0.0,False,0.852339290735309,0.24726446125185653,9.449261653515217e-18,-1.1842511829264908,-0.029154088528879463,-1.256216994365933,0.0,optimal,-0.1779543426583252,0.32885945759688145,0.7390441522182383,18,pos_lower,0.3220456573416748,0,u_lower,0,0,0.0,5.948181314319562e-18,1.6253147153769429e-18,9.449261653515217e-18,False,9.449261653515217e-18,far,far
12,pos_plus,1.0,0.0,0.015,optimal,True,-0.4999999997354333,0.3220456570771081,1.677515745470331,1.3486562878734496,False,0.0,0.7692647207202148,0.49975998798096977,0.0,False,4.964425634618264,3.2869098891479327,9.449261653515217e-18,-1.1842511829264908,-0.029154088528879463,-1.256216994365933,0.0,optimal,-0.1779543426583252,0.32885945759688145,0.7390441522182383,18,pos_lower,0.3220456573416748,0,u_lower,0,0,0.0,5.948181314319562e-18,1.6253147153769429e-18,9.449261653515217e-18,False,9.449261653515217e-18,far,far
12,pos_plus,1.0,0.0,0.03,optimal,True,-0.4999999756894597,0.32204563303113454,5.18171335773358,4.852853900136698,False,0.0,0.596620833182945,0.27048305742930934,0.0,False,16.701508864667385,11.519795506933805,9.449261653515217e-18,-1.1842511829264908,-0.029154088528879463,-1.256216994365933,0.0,optimal,-0.1779543426583252,0.32885945759688145,0.7390441522182383,18,pos_lower,0.3220456573416748,0,u_lower,0,0,0.0,5.948181314319562e-18,1.6253147153769429e-18,9.449261653515217e-18,False,9.449261653515217e-18,far,far
12,pos_minus,-1.0,0.0,0.005,optimal,True,-0.03026370889511778,0.1476906337632074,0.2221843905393143,-0.10667506705756716,False,0.0,0.7289014361216495,0.7997553765557934,0.0,False,0.8523393061354468,0.6301549155961326,5.948181314319562e-18,-1.1842511829264908,-0.029154088528879463,-1.256216994365933,0.0,optimal,-0.1779543426583252,0.32885945759688145,0.7390441522182383,18,pos_lower,0.3220456573416748,0,u_lower,0,0,0.0,5.948181314319562e-18,1.6253147153769429e-18,9.449261653515217e-18,False,9.449261653515217e-18,far,far
12,pos_minus,-1.0,0.0,0.015,optimal,True,0.26511600990056927,0.4430703525588945,0.5174552154583592,0.1885957578614777,False,0.0,0.7086160158661645,0.8141589882701241,0.0,False,5.0401780180157765,4.522722802557418,5.948181314319562e-18,-1.1842511829264908,-0.029154088528879463,-1.256216994365933,0.0,optimal,-0.1779543426583252,0.32885945759688145,0.7390441522182383,18,pos_lower,0.3220456573416748,0,u_lower,0,0,0.0,5.948181314319562e-18,1.6253147153769429e-18,9.449261653515217e-18,False,9.449261653515217e-18,far,far
12,pos_minus,-1.0,0.0,0.03,optimal,True,0.5000000052834305,0.6779543479417557,2.293948666253469,1.9650892086565876,False,0.0,0.6763627061097965,0.7029285655136287,0.0,False,18.507842963518907,16.213894297265437,5.948181314319562e-18,-1.1842511829264908,-0.029154088528879463,-1.256216994365933,0.0,optimal,-0.1779543426583252,0.32885945759688145,0.7390441522182383,18,pos_lower,0.3220456573416748,0,u_lower,0,0,0.0,5.948181314319562e-18,1.6253147153769429e-18,9.449261653515217e-18,False,9.449261653515217e-18,far,far
12,vel_plus,0.0,1.0,0.005,optimal,True,-0.2265306081965034,0.048576265538178204,0.3301396816886844,0.0012802240918029506,False,0.0,0.7435441857914928,0.6670441858633389,0.0,False,0.6664183497958094,0.336278668107125,5.948181314319562e-18,-1.1842511829264908,-0.029154088528879463,-1.256216994365933,0.0,optimal,-0.1779543426583252,0.32885945759688145,0.7390441522182383,18,pos_lower,0.3220456573416748,0,u_lower,0,0,0.0,5.948181314319562e-18,1.6253147153769429e-18,9.449261653515217e-18,False,9.449261653515217e-18,far,far
12,vel_plus,0.0,1.0,0.015,optimal,True,-0.32368272173962487,0.14572837908129968,0.43332675633609496,0.10446729873921351,False,0.0,0.745961334059452,0.5230442858607549,0.0,False,3.3668895354703405,2.9335627791342453,5.948181314319562e-18,-1.1842511829264908,-0.029154088528879463,-1.256216994365933,0.0,optimal,-0.1779543426583252,0.32885945759688145,0.7390441522182383,18,pos_lower,0.3220456573416748,0,u_lower,0,0,0.0,5.948181314319562e-18,1.6253147153769429e-18,9.449261653515217e-18,False,9.449261653515217e-18,far,far
12,vel_plus,0.0,1.0,0.03,optimal,True,-0.4694109193437101,0.29145657668538494,0.8396738893133495,0.510814431716468,False,0.0,0.7443038542533902,0.3070444356199622,0.0,False,12.48097979732481,11.64130590801146,5.948181314319562e-18,-1.1842511829264908,-0.029154088528879463,-1.256216994365933,0.0,optimal,-0.1779543426583252,0.32885945759688145,0.7390441522182383,18,pos_lower,0.3220456573416748,0,u_lower,0,0,0.0,5.948181314319562e-18,1.6253147153769429e-18,9.449261653515217e-18,False,9.449261653515217e-18,far,far
12,vel_minus,0.0,-1.0,0.005,optimal,True,-0.12937814352224608,0.04857619913607911,0.36112142025292576,0.03226196265604431,False,0.0,0.7345440872428621,0.7839398448306849,0.0,False,0.6664183467230423,0.3052969264701166,5.948181314319562e-18,-1.1842511829264908,-0.029154088528879463,-1.256216994365933,0.0,optimal,-0.1779543426583252,0.32885945759688145,0.7390441522182383,18,pos_lower,0.3220456573416748,0,u_lower,0,0,0.0,5.948181314319562e-18,1.6253147153769429e-18,9.449261653515217e-18,False,9.449261653515217e-18,far,far
12,vel_minus,0.0,-1.0,0.015,optimal,True,-0.03222584650580309,0.1457284961525221,0.5262719698245536,0.19741251222767214,False,0.0,0.7255439882640169,0.8055811399116275,0.0,False,3.3668895354703596,2.840617565645806,5.948181314319562e-18,-1.1842511829264908,-0.029154088528879463,-1.256216994365933,0.0,optimal,-0.1779543426583252,0.32885945759688145,0.7390441522182383,18,pos_lower,0.3220456573416748,0,u_lower,0,0,0.0,5.948181314319562e-18,1.6253147153769429e-18,9.449261653515217e-18,False,9.449261653515217e-18,far,far
12,vel_minus,0.0,-1.0,0.03,optimal,True,0.11350259194336447,0.29145693460168964,1.0255643154777752,0.6967048578808936,False,0.0,0.7120438395062396,0.6076240692861448,0.0,False,12.480979793176958,11.455415477699184,5.948181314319562e-18,-1.1842511829264908,-0.029154088528879463,-1.256216994365933,0.0,optimal,-0.1779543426583252,0.32885945759688145,0.7390441522182383,18,pos_lower,0.3220456573416748,0,u_lower,0,0,0.0,5.948181314319562e-18,1.6253147153769429e-18,9.449261653515217e-18,False,9.449261653515217e-18,far,far
12,random_0,0.9909289106818766,-0.13438710494251077,0.005,optimal,True,-0.31777641112900157,0.13982206847067638,0.6025969387378548,0.27373748114097335,False,0.0,0.7484900914977404,0.6695871029789553,0.0,False,0.7419114235701583,0.13931448483230346,5.948181314319562e-18,-1.1842511829264908,-0.029154088528879463,-1.256216994365933,0.0,optimal,-0.1779543426583252,0.32885945759688145,0.7390441522182383,18,pos_lower,0.3220456573416748,0,u_lower,0,0,0.0,5.948181314319562e-18,1.6253147153769429e-18,9.449261653515217e-18,False,9.449261653515217e-18,far,far
12,random_0,0.9909289106818766,-0.13438710494251077,0.015,optimal,True,-0.5000000000390834,0.3220456573807582,1.649120701168952,1.3202612435720704,False,0.0,0.7675977034232198,0.5308887380675571,0.0,False,3.990260759362896,2.341140058193944,5.948181314319562e-18,-1.1842511829264908,-0.029154088528879463,-1.256216994365933,0.0,optimal,-0.1779543426583252,0.32885945759688145,0.7390441522182383,18,pos_lower,0.3220456573416748,0,u_lower,0,0,0.0,5.948181314319562e-18,1.6253147153769429e-18,9.449261653515217e-18,False,9.449261653515217e-18,far,far
12,random_0,0.9909289106818766,-0.13438710494251077,0.03,optimal,True,-0.5000000141116174,0.3220456714532922,4.9025309308576315,4.57367147326075,False,0.0,0.6002884117824636,0.32962055377214416,0.0,False,13.412331775237856,8.509800844380225,5.948181314319562e-18,-1.1842511829264908,-0.029154088528879463,-1.256216994365933,0.0,optimal,-0.1779543426583252,0.32885945759688145,0.7390441522182383,18,pos_lower,0.3220456573416748,0,u_lower,0,0,0.0,5.948181314319562e-18,1.6253147153769429e-18,9.449261653515217e-18,False,9.449261653515217e-18,far,far
12,random_1,0.9085874070339034,-0.41769477346431794,0.005,optimal,True,-0.29185298444644064,0.11389864178811546,0.5776355346884975,0.24877607709161603,False,0.0,0.7463800312532081,0.6965608144114721,0.0,False,0.5147654136048513,-0.0628701210836462,5.948181314319562e-18,-1.1842511829264908,-0.029154088528879463,-1.256216994365933,0.0,optimal,-0.1779543426583252,0.32885945759688145,0.7390441522182383,18,pos_lower,0.3220456573416748,0,u_lower,0,0,0.0,5.948181314319562e-18,1.6253147153769429e-18,9.449261653515217e-18,False,9.449261653515217e-18,far,far
12,random_1,0.9085874070339034,-0.41769477346431794,0.015,optimal,True,-0.49999999946831336,0.3220456568099882,1.4856528855741002,1.1567934279772187,False,0.0,0.7610953168508656,0.611637667400948,0.0,False,1.9918893957855486,0.5062365102114483,5.948181314319562e-18,-1.1842511829264908,-0.029154088528879463,-1.256216994365933,0.0,optimal,-0.1779543426583252,0.32885945759688145,0.7390441522182383,18,pos_lower,0.3220456573416748,0,u_lower,0,0,0.0,5.948181314319562e-18,1.6253147153769429e-18,9.449261653515217e-18,False,9.449261653515217e-18,far,far
12,random_1,0.9085874070339034,-0.41769477346431794,0.03,optimal,True,-0.4999999943123048,0.3220456516539796,4.0285302699316405,3.6996708123347593,False,0.0,0.6323663246965341,0.48649575396039846,0.0,False,6.394793948115643,2.3662636781840023,5.948181314319562e-18,-1.1842511829264908,-0.029154088528879463,-1.256216994365933,0.0,optimal,-0.1779543426583252,0.32885945759688145,0.7390441522182383,18,pos_lower,0.3220456573416748,0,u_lower,0,0,0.0,5.948181314319562e-18,1.6253147153769429e-18,9.449261653515217e-18,False,9.449261653515217e-18,far,far
12,random_2,-0.42606089900253974,-0.9046944845311856,0.005,optimal,True,-0.07108210935310658,0.10687223330521861,0.29503816626243795,-0.033821291334443504,False,0.0,0.7306515585620676,0.7962823330806994,0.0,False,1.0100827186743504,0.7150445524119124,5.948181314319562e-18,-1.1842511829264908,-0.029154088528879463,-1.256216994365933,0.0,optimal,-0.1779543426583252,0.32885945759688145,0.7390441522182383,18,pos_lower,0.3220456573416748,0,u_lower,0,0,0.0,5.948181314319562e-18,1.6253147153769429e-18,9.449261653515217e-18,False,9.449261653515217e-18,far,far
12,random_2,-0.42606089900253974,-0.9046944845311856,0.015,optimal,True,0.14266035742247585,0.32061470008080106,0.4297847919054846,0.10092533430860312,False,0.0,0.7138663942344898,0.7797047763970456,0.0,False,6.459868824355075,6.03008403244959,5.948181314319562e-18,-1.1842511829264908,-0.029154088528879463,-1.256216994365933,0.0,optimal,-0.1779543426583252,0.32885945759688145,0.7390441522182383,18,pos_lower,0.3220456573416748,0,u_lower,0,0,0.0,5.948181314319562e-18,1.6253147153769429e-18,9.449261653515217e-18,False,9.449261653515217e-18,far,far
12,random_2,-0.42606089900253974,-0.9046944845311856,0.03,optimal,True,0.46327496196408025,0.6412293046224055,1.1378777322172926,0.8090182746204111,False,0.0,0.6886886501259029,0.5420926934608263,0.0,False,24.85289693502336,23.71501920280607,5.948181314319562e-18,-1.1842511829264908,-0.029154088528879463,-1.256216994365933,0.0,optimal,-0.1779543426583252,0.32885945759688145,0.7390441522182383,18,pos_lower,0.3220456573416748,0,u_lower,0,0,0.0,5.948181314319562e-18,1.6253147153769429e-18,9.449261653515217e-18,False,9.449261653515217e-18,far,far
12,random_3,0.8847938231067735,0.46598271490700144,0.005,optimal,True,-0.3312648459673766,0.1533105033090514,0.5659735958433556,0.23711413824647415,False,0.0,0.7501152893545684,0.634836167422222,0.0,False,1.143465889686046,0.5774922938426903,5.948181314319562e-18,-1.1842511829264908,-0.029154088528879463,-1.256216994365933,0.0,optimal,-0.1779543426583252,0.32885945759688145,0.7390441522182383,18,pos_lower,0.3220456573416748,0,u_lower,0,0,0.0,5.948181314319562e-18,1.6253147153769429e-18,9.449261653515217e-18,False,9.449261653515217e-18,far,far
12,random_3,0.8847938231067735,0.46598271490700144,0.015,optimal,True,-0.4999999973214277,0.32204565466310253,1.505653750289622,1.1767942926927404,False,0.0,0.7684289562480964,0.42686317029403886,0.0,False,7.548683018640258,6.043029268350636,5.948181314319562e-18,-1.1842511829264908,-0.029154088528879463,-1.256216994365933,0.0,optimal,-0.1779543426583252,0.32885945759688145,0.7390441522182383,18,pos_lower,0.3220456573416748,0,u_lower,0,0,0.0,5.948181314319562e-18,1.6253147153769429e-18,9.449261653515217e-18,False,9.449261653515217e-18,far,far
12,random_3,0.8847938231067735,0.46598271490700144,0.03,optimal,True,-0.49999996672049574,0.3220456240621705,5.028633314976608,4.699773857379726,False,0.0,0.6447526609960295,0.13558650934257632,0.0,False,25.26363914814119,20.235005833164585,5.948181314319562e-18,-1.1842511829264908,-0.029154088528879463,-1.256216994365933,0.0,optimal,-0.1779543426583252,0.32885945759688145,0.7390441522182383,18,pos_lower,0.3220456573416748,0,u_lower,0,0,0.0,5.948181314319562e-18,1.6253147153769429e-18,9.449261653515217e-18,False,9.449261653515217e-18,far,far
13,pos_plus,1.0,0.0,0.005,optimal,True,0.5000003531023454,1.2300283806276902e-05,119.62926685265032,-11.302772523537584,False,0.0,0.37658198361044937,0.3765820152751881,0.0,False,130.97646593908257,11.347199086432255,8.881784197001252e-16,0.5434047829840329,-0.07541769735320314,1.530319701866052,0.0,optimal,0.5000126533861516,130.9320393761879,0.3485592685030733,16,vel_upper,-1.26533861516398e-05,0,u_upper,0,14,8.881784197001252e-16,5.948181314319932e-18,1.8588066607248631e-19,6.26776691615979e-19,True,8.881784197001252e-16,far,mid
13,pos_plus,1.0,0.0,0.015,optimal,True,0.5000009492588231,1.1704127328537872e-05,100.356219096898,-30.5758202792899,False,0.0,0.4477315368890321,0.44773160286823377,0.0,False,131.53521090524663,31.178991808348627,8.881784197001252e-16,0.5434047829840329,-0.07541769735320314,1.530319701866052,0.0,optimal,0.5000126533861516,130.9320393761879,0.3485592685030733,16,vel_upper,-1.26533861516398e-05,0,u_upper,0,14,8.881784197001252e-16,5.948181314319932e-18,1.8588066607248631e-19,6.26776691615979e-19,True,8.881784197001252e-16,far,mid
13,pos_plus,1.0,0.0,0.03,optimal,True,0.5000002598445457,1.2393541605981717e-05,78.89612806468944,-52.03591131149847,False,0.0,0.451546231755404,0.5771351701387599,0.0,False,135.98125684959933,57.0851287849099,8.881784197001252e-16,0.5434047829840329,-0.07541769735320314,1.530319701866052,0.0,optimal,0.5000126533861516,130.9320393761879,0.3485592685030733,16,vel_upper,-1.26533861516398e-05,0,u_upper,0,14,8.881784197001252e-16,5.948181314319932e-18,1.8588066607248631e-19,6.26776691615979e-19,True,8.881784197001252e-16,far,mid
13,pos_minus,-1.0,0.0,0.005,optimal,True,0.5000130297568921,3.7637074046248387e-07,143.39847835617542,12.466438979987515,False,0.0,0.32515666192544335,0.32515767032822407,0.0,False,130.95361230186714,-12.444866054308278,8.881784197001252e-16,0.5434047829840329,-0.07541769735320314,1.530319701866052,0.0,optimal,0.5000126533861516,130.9320393761879,0.3485592685030733,16,vel_upper,-1.26533861516398e-05,0,u_upper,0,14,8.881784197001252e-16,5.948181314319932e-18,1.8588066607248631e-19,6.26776691615979e-19,True,8.881784197001252e-16,far,mid
13,pos_minus,-1.0,0.0,0.015,optimal,True,0.5000158706603792,3.2172742275848876e-06,171.87384241004375,40.94180303385585,False,0.0,0.2937837660653154,0.2937850531997337,0.0,False,131.04286059897407,-40.83098181106968,3.0237637291248694e-16,0.5434047829840329,-0.07541769735320314,1.530319701866052,0.0,optimal,0.5000126533861516,130.9320393761879,0.3485592685030733,16,vel_upper,-1.26533861516398e-05,0,u_upper,0,14,8.881784197001252e-16,5.948181314319932e-18,1.8588066607248631e-19,6.26776691615979e-19,True,8.881784197001252e-16,far,mid
13,pos_minus,-1.0,0.0,0.03,optimal,True,0.5000004010668073,1.225231934431914e-05,223.59283610678023,92.66079673059232,False,0.0,0.2582459460767419,0.25824597921088543,0.0,False,131.19247124009317,-92.40036486668706,3.0237637291248694e-16,0.5434047829840329,-0.07541769735320314,1.530319701866052,0.0,optimal,0.5000126533861516,130.9320393761879,0.3485592685030733,16,vel_upper,-1.26533861516398e-05,0,u_upper,0,14,8.881784197001252e-16,5.948181314319932e-18,1.8588066607248631e-19,6.26776691615979e-19,True,8.881784197001252e-16,far,mid
13,vel_plus,0.0,1.0,0.005,optimal,True,0.4999994118748975,1.3241511254147298e-05,126.0377996356294,-4.894239740558504,False,0.0,0.3067667152601994,0.3817667227549263,0.0,False,130.99868116682552,4.960881531196122,3.0237637291248694e-16,0.5434047829840329,-0.07541769735320314,1.530319701866052,0.0,optimal,0.5000126533861516,130.9320393761879,0.3485592685030733,16,vel_upper,-1.26533861516398e-05,0,u_upper,0,14,8.881784197001252e-16,5.948181314319932e-18,1.8588066607248631e-19,6.26776691615979e-19,True,8.881784197001252e-16,far,mid
13,vel_plus,0.0,1.0,0.015,optimal,True,0.5000005145598454,1.2138826306240524e-05,117.91643365190812,-13.01560572427978,False,0.0,0.24615785189210504,0.45276279880523984,0.0,False,131.75653482134555,13.840101169437432,3.0237637291248694e-16,0.5434047829840329,-0.07541769735320314,1.530319701866052,0.0,optimal,0.5000126533861516,130.9320393761879,0.3485592685030733,16,vel_upper,-1.26533861516398e-05,0,u_upper,0,14,8.881784197001252e-16,5.948181314319932e-18,1.8588066607248631e-19,6.26776691615979e-19,True,8.881784197001252e-16,far,mid
13,vel_plus,0.0,1.0,0.03,optimal,True,0.5000001453012408,1.2508084910822781e-05,109.14675787883822,-21.785281497349686,False,0.0,0.2011896067863408,0.5523030019320597,0.0,False,136.13774712146324,26.99098924262502,3.0237637291248694e-16,0.5434047829840329,-0.07541769735320314,1.530319701866052,0.0,optimal,0.5000126533861516,130.9320393761879,0.3485592685030733,16,vel_upper,-1.26533861516398e-05,0,u_upper,0,14,8.881784197001252e-16,5.948181314319932e-18,1.8588066607248631e-19,6.26776691615979e-19,True,8.881784197001252e-16,far,mid
13,vel_minus,0.0,-1.0,0.005,optimal,True,0.5000089964125141,3.656973637577998e-06,136.44602593805365,5.5139865618657495,False,0.0,0.3983832136340024,0.318383909782743,0.0,False,130.97019365609341,-5.475832281960237,3.0237637291248694e-16,0.5434047829840329,-0.07541769735320314,1.530319701866052,0.0,optimal,0.5000126533861516,130.9320393761879,0.3485592685030733,16,vel_upper,-1.26533861516398e-05,0,u_upper,0,14,8.881784197001252e-16,5.948181314319932e-18,1.8588066607248631e-19,6.26776691615979e-19,True,8.881784197001252e-16,far,mid
13,vel_minus,0.0,-1.0,0.015,optimal,True,0.5000117765710639,8.768150877580538e-07,149.42347633099757,18.49143695480967,False,0.0,0.5246240789437002,0.27200190311876105,0.0,False,131.1283030219772,-18.295173309020385,3.0237637291248694e-16,0.5434047829840329,-0.07541769735320314,1.530319701866052,0.0,optimal,0.5000126533861516,130.9320393761879,0.3485592685030733,16,vel_upper,-1.26533861516398e-05,0,u_upper,0,14,8.881784197001252e-16,5.948181314319932e-18,1.8588066607248631e-19,6.26776691615979e-19,True,8.881784197001252e-16,far,mid
13,vel_minus,0.0,-1.0,0.03,optimal,True,0.5000003137874449,1.2339598706723187e-05,174.00498372240878,43.07294434622088,False,0.0,0.7469946102707945,0.2278446945674164,0.0,False,131.3383251475077,-42.66665857490108,3.0237637291248694e-16,0.5434047829840329,-0.07541769735320314,1.530319701866052,0.0,optimal,0.5000126533861516,130.9320393761879,0.3485592685030733,16,vel_upper,-1.26533861516398e-05,0,u_upper,0,14,8.881784197001252e-16,5.948181314319932e-18,1.8588066607248631e-19,6.26776691615979e-19,True,8.881784197001252e-16,far,mid
13,random_0,0.9909289106818766,-0.13438710494251077,0.005,optimal,True,0.49999926923919813,1.338414695351009e-05,120.33410192291525,-10.59793745327265,False,0.0,0.38142599057169735,0.37134694460569484,0.0,False,130.96229998352723,10.628198060611979,3.0237637291248694e-16,0.5434047829840329,-0.07541769735320314,1.530319701866052,0.0,optimal,0.5000126533861516,130.9320393761879,0.3485592685030733,16,vel_upper,-1.26533861516398e-05,0,u_upper,0,14,8.881784197001252e-16,5.948181314319932e-18,1.8588066607248631e-19,6.26776691615979e-19,True,8.881784197001252e-16,far,mid
13,random_0,0.9909289106818766,-0.13438710494251077,0.015,optimal,True,0.5000009553181808,1.1698067970855597e-05,101.90519112480433,-29.02684825138357,False,0.0,0.45841470788296823,0.43019348311186156,0.0,False,131.32085753960325,29.41566641479892,3.0237637291248694e-16,0.5434047829840329,-0.07541769735320314,1.530319701866052,0.0,optimal,0.5000126533861516,130.9320393761879,0.3485592685030733,16,vel_upper,-1.26533861516398e-05,0,u_upper,0,14,8.881784197001252e-16,5.948181314319932e-18,1.8588066607248631e-19,6.26776691615979e-19,True,8.881784197001252e-16,far,mid
13,random_0,0.9909289106818766,-0.13438710494251077,0.03,optimal,True,0.5000000014383388,1.2651947812858388e-05,80.67215907345627,-50.25988030273163,False,0.0,0.47391149913776154,0.5424319113325735,0.0,False,134.0001528252349,53.32799375177862,3.0237637291248694e-16,0.5434047829840329,-0.07541769735320314,1.530319701866052,0.0,optimal,0.5000126533861516,130.9320393761879,0.3485592685030733,16,vel_upper,-1.26533861516398e-05,0,u_upper,0,14,8.881784197001252e-16,5.948181314319932e-18,1.8588066607248631e-19,6.26776691615979e-19,True,8.881784197001252e-16,far,mid
13,random_1,0.9085874070339034,-0.41769477346431794,0.005,optimal,True,0.4999985718680538,1.4081518097841528e-05,122.56154760579642,-8.370491770391482,False,0.0,0.3896601616013138,0.3583329316720759,0.0,False,130.93880792443287,8.377260318636445,3.0237637291248694e-16,0.5434047829840329,-0.07541769735320314,1.530319701866052,0.0,optimal,0.5000126533861516,130.9320393761879,0.3485592685030733,16,vel_upper,-1.26533861516398e-05,0,u_upper,0,14,8.881784197001252e-16,5.948181314319932e-18,1.8588066607248631e-19,6.26776691615979e-19,True,8.881784197001252e-16,far,mid
13,random_1,0.9085874070339034,-0.41769477346431794,0.015,optimal,True,0.5000004276321882,1.2225753963424069e-05,107.3020196797649,-23.630019696423005,False,0.0,0.4789894601468354,0.38500817440486634,0.0,False,130.99939910325875,23.697379423493857,3.0237637291248694e-16,0.5434047829840329,-0.07541769735320314,1.530319701866052,0.0,optimal,0.5000126533861516,130.9320393761879,0.3485592685030733,16,vel_upper,-1.26533861516398e-05,0,u_upper,0,14,8.881784197001252e-16,5.948181314319932e-18,1.8588066607248631e-19,6.26776691615979e-19,True,8.881784197001252e-16,far,mid
13,random_1,0.9085874070339034,-0.41769477346431794,0.03,optimal,True,0.5000009463265895,1.1707059562104938e-05,88.07713751850338,-42.854901857684524,False,0.0,0.5597822493461577,0.4386091063375689,0.0,False,131.37136148137446,43.29422396287109,3.0237637291248694e-16,0.5434047829840329,-0.07541769735320314,1.530319701866052,0.0,optimal,0.5000126533861516,130.9320393761879,0.3485592685030733,16,vel_upper,-1.26533861516398e-05,0,u_upper,0,14,8.881784197001252e-16,5.948181314319932e-18,1.8588066607248631e-19,6.26776691615979e-19,True,8.881784197001252e-16,far,mid
13,random_2,-0.42606089900253974,-0.9046944845311856,0.005,optimal,True,0.5000122389425271,4.144436245301364e-07,141.35375962676508,10.42172025057718,False,0.0,0.3836648302241963,0.31129022021533903,0.0,False,130.98852937445983,-10.365230252305253,3.0237637291248694e-16,0.5434047829840329,-0.07541769735320314,1.530319701866052,0.0,optimal,0.5000126533861516,130.9320393761879,0.3485592685030733,16,vel_upper,-1.26533861516398e-05,0,u_upper,0,14,8.881784197001252e-16,5.948181314319932e-18,1.8588066607248631e-19,6.26776691615979e-19,True,8.881784197001252e-16,far,mid
13,random_2,-0.42606089900253974,-0.9046944845311856,0.015,optimal,True,0.5000177262414497,5.072855298049461e-06,166.25921838700273,35.32717901081483,False,0.0,0.49025266218729857,0.2595570061845647,0.0,False,131.19035287720104,-35.0688655098017,3.0237637291248694e-16,0.5434047829840329,-0.07541769735320314,1.530319701866052,0.0,optimal,0.5000126533861516,130.9320393761879,0.3485592685030733,16,vel_upper,-1.26533861516398e-05,0,u_upper,0,14,8.881784197001252e-16,5.948181314319932e-18,1.8588066607248631e-19,6.26776691615979e-19,True,8.881784197001252e-16,far,mid
13,random_2,-0.42606089900253974,-0.9046944845311856,0.03,optimal,True,0.5000004651720587,1.2188214092989647e-05,214.1289343424319,83.196894966244,False,0.0,0.690480986456605,0.2180800490271524,0.0,False,131.39826090911515,-82.73067343331675,3.0237637291248694e-16,0.5434047829840329,-0.07541769735320314,1.530319701866052,0.0,optimal,0.5000126533861516,130.9320393761879,0.3485592685030733,16,vel_upper,-1.26533861516398e-05,0,u_upper,0,14,8.881784197001252e-16,5.948181314319932e-18,1.8588066607248631e-19,6.26776691615979e-19,True,8.881784197001252e-16,far,mid
13,random_3,0.8847938231067735,0.46598271490700144,0.005,optimal,True,0.49999950542211963,1.3147964032012016e-05,118.81358859709829,-12.118450779089613,False,0.0,0.35512542579552364,0.3900741526265593,0.0,False,131.02657764251305,12.212989045414758,3.0237637291248694e-16,0.5434047829840329,-0.07541769735320314,1.530319701866052,0.0,optimal,0.5000126533861516,130.9320393761879,0.3485592685030733,16,vel_upper,-1.26533861516398e-05,0,u_upper,0,14,8.881784197001252e-16,5.948181314319932e-18,1.8588066607248631e-19,6.26776691615979e-19,True,8.881784197001252e-16,far,mid
13,random_3,0.8847938231067735,0.46598271490700144,0.015,optimal,True,0.49999926402627404,1.338935987760248e-05,99.13279212812482,-31.799247248063082,False,0.0,0.4014899039015427,0.49235647632830637,0.0,False,132.52870572475067,33.395913596625846,3.0237637291248694e-16,0.5434047829840329,-0.07541769735320314,1.530319701866052,0.0,optimal,0.5000126533861516,130.9320393761879,0.3485592685030733,16,vel_upper,-1.26533861516398e-05,0,u_upper,0,14,8.881784197001252e-16,5.948181314319932e-18,1.8588066607248631e-19,6.26776691615979e-19,True,8.881784197001252e-16,far,mid
13,random_3,0.8847938231067735,0.46598271490700144,0.03,optimal,True,0.4999998017863195,1.2851599832164329e-05,78.73447069400584,-52.197568682182066,False,0.0,0.419889010154999,0.6449160232376335,0.0,False,143.05636740236176,64.32189670835592,3.0237637291248694e-16,0.5434047829840329,-0.07541769735320314,1.530319701866052,0.0,optimal,0.5000126533861516,130.9320393761879,0.3485592685030733,16,vel_upper,-1.26533861516398e-05,0,u_upper,0,14,8.881784197001252e-16,5.948181314319932e-18,1.8588066607248631e-19,6.26776691615979e-19,True,8.881784197001252e-16,far,mid
14,pos_plus,1.0,0.0,0.005,optimal,True,0.4999961224722844,4.2216387291516e-06,123.32500808787782,-12.950713830578081,False,0.0,0.4590776129388334,0.4590773118451119,0.0,False,136.28844881833103,12.963440730453215,3.0237637291248694e-16,0.6408483264071974,-0.2251600303415507,1.5283950864179245,0.0,optimal,0.5000003441110136,136.2757219184559,0.44343926047463844,17,vel_upper,-3.441110135726788e-07,0,u_upper,0,15,3.0237637291248694e-16,5.948181314319932e-18,1.7854229728324706e-20,6.26776691615979e-19,True,3.0237637291248694e-16,far,mid
14,pos_plus,1.0,0.0,0.015,optimal,True,0.5000001758199669,1.6829104665383454e-07,100.95996087415742,-35.31576104429848,False,0.0,0.5102998590769336,0.5102998865986998,0.0,False,136.49752518185446,35.53756430769704,3.0237637291248694e-16,0.6408483264071974,-0.2251600303415507,1.5283950864179245,0.0,optimal,0.5000003441110136,136.2757219184559,0.44343926047463844,17,vel_upper,-3.441110135726788e-07,0,u_upper,0,15,3.0237637291248694e-16,5.948181314319932e-18,1.7854229728324706e-20,6.26776691615979e-19,True,3.0237637291248694e-16,far,mid
14,pos_plus,1.0,0.0,0.03,optimal,True,0.49999915382718135,1.1902838322197518e-06,75.81775647918403,-60.457965439271874,False,0.0,0.5215118276609263,0.630481758234581,0.0,False,138.73236187420434,62.91460539502032,3.0237637291248694e-16,0.6408483264071974,-0.2251600303415507,1.5283950864179245,0.0,optimal,0.5000003441110136,136.2757219184559,0.44343926047463844,17,vel_upper,-3.441110135726788e-07,0,u_upper,0,15,3.0237637291248694e-16,5.948181314319932e-18,1.7854229728324706e-20,6.26776691615979e-19,True,3.0237637291248694e-16,far,mid
14,pos_minus,-1.0,0.0,0.005,optimal,True,0.5000004119427134,6.783169981261494e-08,150.42775141635747,14.152029497901566,False,0.0,0.42880521455273635,0.42880524794393116,0.0,False,136.2833185515002,-14.144432864857265,3.0237637291248694e-16,0.6408483264071974,-0.2251600303415507,1.5283950864179245,0.0,optimal,0.5000003441110136,136.2757219184559,0.44343926047463844,17,vel_upper,-3.441110135726788e-07,0,u_upper,0,15,3.0237637291248694e-16,5.948181314319932e-18,1.7854229728324706e-20,6.26776691615979e-19,True,3.0237637291248694e-16,far,mid
14,pos_minus,-1.0,0.0,0.015,optimal,True,0.5000002695330552,7.457795836440795e-08,182.33864989965738,46.06292798120148,False,0.0,0.4062546248162191,0.40625464708363657,0.0,False,136.32238381396144,-46.016266085695946,3.0237637291248694e-16,0.6408483264071974,-0.2251600303415507,1.5283950864179245,0.0,optimal,0.5000003441110136,136.2757219184559,0.44343926047463844,17,vel_upper,-3.441110135726788e-07,0,u_upper,0,15,3.0237637291248694e-16,5.948181314319932e-18,1.7854229728324706e-20,6.26776691615979e-19,True,3.0237637291248694e-16,far,mid
14,pos_minus,-1.0,0.0,0.03,optimal,True,0.5000004204445171,7.633350351810009e-08,239.28783302384628,103.01211110539037,False,0.0,0.39123876295147764,0.39123879768650893,0.0,False,136.36904090688768,-102.9187921169586,3.0237637291248694e-16,0.6408483264071974,-0.2251600303415507,1.5283950864179245,0.0,optimal,0.5000003441110136,136.2757219184559,0.44343926047463844,17,vel_upper,-3.441110135726788e-07,0,u_upper,0,15,3.0237637291248694e-16,5.948181314319932e-18,1.7854229728324706e-20,6.26776691615979e-19,True,3.0237637291248694e-16,far,mid
14,vel_plus,0.0,1.0,0.005,optimal,True,0.4999998683158776,4.7579513595685796e-07,129.92925923468553,-6.346462683770369,False,0.0,0.38569525094371915,0.46585088310031164,0.0,False,136.30432624474875,6.375067010063219,3.0237637291248694e-16,0.6408483264071974,-0.2251600303415507,1.5283950864179245,0.0,optimal,0.5000003441110136,136.2757219184559,0.44343926047463844,17,vel_upper,-3.441110135726788e-07,0,u_upper,0,15,3.0237637291248694e-16,5.948181314319932e-18,1.7854229728324706e-20,6.26776691615979e-19,True,3.0237637291248694e-16,far,mid
14,vel_plus,0.0,1.0,0.015,optimal,True,0.5000005047618369,1.6065082331095937e-07,119.14526530087888,-17.130456617577025,False,0.0,0.29600751697110494,0.5267732118223318,0.0,False,136.69714573684809,17.55188043596921,3.0237637291248694e-16,0.6408483264071974,-0.2251600303415507,1.5283950864179245,0.0,optimal,0.5000003441110136,136.2757219184559,0.44343926047463844,17,vel_upper,-3.441110135726788e-07,0,u_upper,0,15,3.0237637291248694e-16,5.948181314319932e-18,1.7854229728324706e-20,6.26776691615979e-19,True,3.0237637291248694e-16,far,mid
14,vel_plus,0.0,1.0,0.03,optimal,True,0.4999993868965675,9.572144460956444e-07,107.20151202197545,-29.074209896480454,False,0.0,0.22748947121362573,0.6304630073504179,0.0,False,139.5068494907733,32.30533746879786,3.0237637291248694e-16,0.6408483264071974,-0.2251600303415507,1.5283950864179245,0.0,optimal,0.5000003441110136,136.2757219184559,0.44343926047463844,17,vel_upper,-3.441110135726788e-07,0,u_upper,0,15,3.0237637291248694e-16,5.948181314319932e-18,1.7854229728324706e-20,6.26776691615979e-19,True,3.0237637291248694e-16,far,mid
14,vel_minus,0.0,-1.0,0.005,optimal,True,0.5000002983346901,4.5776323509549854e-08,143.29447363842752,7.018751719971618,False,0.0,0.50654414151663,0.42154416569831465,0.0,False,136.29278684476364,-7.001686793663879,3.0237637291248694e-16,0.6408483264071974,-0.2251600303415507,1.5283950864179245,0.0,optimal,0.5000003441110136,136.2757219184559,0.44343926047463844,17,vel_upper,-3.441110135726788e-07,0,u_upper,0,15,3.0237637291248694e-16,5.948181314319932e-18,1.7854229728324706e-20,6.26776691615979e-19,True,3.0237637291248694e-16,far,mid
14,vel_minus,0.0,-1.0,0.015,optimal,True,0.5000179202026366,1.7576091623006107e-05,159.37287315440147,23.097151235945574,False,0.0,0.6506182330125242,0.39217300599166327,0.0,False,136.35700508776753,-23.015868066633942,3.0237637291248694e-16,0.6408483264071974,-0.2251600303415507,1.5283950864179245,0.0,optimal,0.5000003441110136,136.2757219184559,0.44343926047463844,17,vel_upper,-3.441110135726788e-07,0,u_upper,0,15,3.0237637291248694e-16,5.948181314319932e-18,1.7854229728324706e-20,6.26776691615979e-19,True,3.0237637291248694e-16,far,mid
14,vel_minus,0.0,-1.0,0.03,optimal,True,0.5000003879221062,4.381109264262051e-08,188.72047796498484,52.44475604652894,False,0.0,0.7948400160433937,0.35719912660219266,0.0,False,136.48298722352936,-52.237490741455474,3.0237637291248694e-16,0.6408483264071974,-0.2251600303415507,1.5283950864179245,0.0,optimal,0.5000003441110136,136.2757219184559,0.44343926047463844,17,vel_upper,-3.441110135726788e-07,0,u_upper,0,15,3.0237637291248694e-16,5.948181314319932e-18,1.7854229728324706e-20,6.26776691615979e-19,True,3.0237637291248694e-16,far,mid
14,random_0,0.9909289106818766,-0.13438710494251077,0.005,optimal,True,0.49999982483643546,5.192745781146257e-07,124.23545710328038,-12.040264815175519,False,0.0,0.4655626861263815,0.45481170416749406,0.0,False,136.28092286263677,12.04546575935639,3.0237637291248694e-16,0.6408483264071974,-0.2251600303415507,1.5283950864179245,0.0,optimal,0.5000003441110136,136.2757219184559,0.44343926047463844,17,vel_upper,-3.441110135726788e-07,0,u_upper,0,15,3.0237637291248694e-16,5.948181314319932e-18,1.7854229728324706e-20,6.26776691615979e-19,True,3.0237637291248694e-16,far,mid
14,random_0,0.9909289106818766,-0.13438710494251077,0.015,optimal,True,0.49999452166711006,5.822443903513719e-06,103.05858446975171,-33.21713744870419,False,0.0,0.5253330303112385,0.4930797007206601,0.0,False,136.39431272797358,33.33572825822188,3.0237637291248694e-16,0.6408483264071974,-0.2251600303415507,1.5283950864179245,0.0,optimal,0.5000003441110136,136.2757219184559,0.44343926047463844,17,vel_upper,-3.441110135726788e-07,0,u_upper,0,15,3.0237637291248694e-16,5.948181314319932e-18,1.7854229728324706e-20,6.26776691615979e-19,True,3.0237637291248694e-16,far,mid
14,random_0,0.9909289106818766,-0.13438710494251077,0.03,optimal,True,0.5000015144354375,1.1703244239269495e-06,78.33975046429526,-57.93597145416064,False,0.0,0.5571834266080105,0.58767473672151,0.0,False,137.53124907984105,59.19149861554578,3.0237637291248694e-16,0.6408483264071974,-0.2251600303415507,1.5283950864179245,0.0,optimal,0.5000003441110136,136.2757219184559,0.44343926047463844,17,vel_upper,-3.441110135726788e-07,0,u_upper,0,15,3.0237637291248694e-16,5.948181314319932e-18,1.7854229728324706e-20,6.26776691615979e-19,True,3.0237637291248694e-16,far,mid
14,random_1,0.9085874070339034,-0.41769477346431794,0.005,optimal,True,0.5000002531727585,9.093825503736497e-08,127.0074888198402,-9.268233098615696,False,0.0,0.4830941501080851,0.44759011488542444,0.0,False,136.27645087956142,9.268962059721218,3.0237637291248694e-16,0.6408483264071974,-0.2251600303415507,1.5283950864179245,0.0,optimal,0.5000003441110136,136.2757219184559,0.44343926047463844,17,vel_upper,-3.441110135726788e-07,0,u_upper,0,15,3.0237637291248694e-16,5.948181314319932e-18,1.7854229728324706e-20,6.26776691615979e-19,True,3.0237637291248694e-16,far,mid
14,random_1,0.9085874070339034,-0.41769477346431794,0.015,optimal,True,0.4999956592236201,4.684887393469062e-06,109.99084712746946,-26.284874790986436,False,0.0,0.5619004119646571,0.46084882317406584,0.0,False,136.29305428382614,26.302207156356673,3.0237637291248694e-16,0.6408483264071974,-0.2251600303415507,1.5283950864179245,0.0,optimal,0.5000003441110136,136.2757219184559,0.44343926047463844,17,vel_upper,-3.441110135726788e-07,0,u_upper,0,15,3.0237637291248694e-16,5.948181314319932e-18,1.7854229728324706e-20,6.26776691615979e-19,True,3.0237637291248694e-16,far,mid
14,random_1,0.9085874070339034,-0.41769477346431794,0.03,optimal,True,0.4999943122255682,6.031885445345608e-06,88.23958667071678,-48.036135247739125,False,0.0,0.6838723962934954,0.48763155415666537,0.0,False,136.37065521882016,48.131068548103386,3.0237637291248694e-16,0.6408483264071974,-0.2251600303415507,1.5283950864179245,0.0,optimal,0.5000003441110136,136.2757219184559,0.44343926047463844,17,vel_upper,-3.441110135726788e-07,0,u_upper,0,15,3.0237637291248694e-16,5.948181314319932e-18,1.7854229728324706e-20,6.26776691615979e-19,True,3.0237637291248694e-16,far,mid
14,random_2,-0.42606089900253974,-0.9046944845311856,0.005,optimal,True,0.5000003291491735,1.4961840100191637e-08,148.7850766528527,12.509354734396794,False,0.0,0.4942949036000177,0.41739589909520713,0.0,False,136.29973479208155,-12.485341860771143,3.0237637291248694e-16,0.6408483264071974,-0.2251600303415507,1.5283950864179245,0.0,optimal,0.5000003441110136,136.2757219184559,0.44343926047463844,17,vel_upper,-3.441110135726788e-07,0,u_upper,0,15,3.0237637291248694e-16,5.948181314319932e-18,1.7854229728324706e-20,6.26776691615979e-19,True,3.0237637291248694e-16,far,mid
14,random_2,-0.42606089900253974,-0.9046944845311856,0.015,optimal,True,0.5000003085214229,3.558959071892076e-08,177.99348102531093,41.71775910685503,False,0.0,0.6223721408178271,0.3872967696225015,0.0,False,136.37382846769682,-41.6196525576141,3.0237637291248694e-16,0.6408483264071974,-0.2251600303415507,1.5283950864179245,0.0,optimal,0.5000003441110136,136.2757219184559,0.44343926047463844,17,vel_upper,-3.441110135726788e-07,0,u_upper,0,15,3.0237637291248694e-16,5.948181314319932e-18,1.7854229728324706e-20,6.26776691615979e-19,True,3.0237637291248694e-16,far,mid
14,random_2,-0.42606089900253974,-0.9046944845311856,0.03,optimal,True,0.5000005746145735,2.3050355990594795e-07,232.426095454542,96.15037353608611,False,0.0,0.7976992038308109,0.3557371675270836,0.0,False,136.48758933704195,-95.93850611750005,3.0237637291248694e-16,0.6408483264071974,-0.2251600303415507,1.5283950864179245,0.0,optimal,0.5000003441110136,136.2757219184559,0.44343926047463844,17,vel_upper,-3.441110135726788e-07,0,u_upper,0,15,3.0237637291248694e-16,5.948181314319932e-18,1.7854229728324706e-20,6.26776691615979e-19,True,3.0237637291248694e-16,far,mid
14,random_3,0.8847938231067735,0.46598271490700144,0.005,optimal,True,0.49999985163389327,4.924771203063116e-07,122.03709853196361,-14.238623386492293,False,0.0,0.4331651242774168,0.47044373004466844,0.0,False,136.31467121784024,14.277572685876635,3.0237637291248694e-16,0.6408483264071974,-0.2251600303415507,1.5283950864179245,0.0,optimal,0.5000003441110136,136.2757219184559,0.44343926047463844,17,vel_upper,-3.441110135726788e-07,0,u_upper,0,15,3.0237637291248694e-16,5.948181314319932e-18,1.7854229728324706e-20,6.26776691615979e-19,True,3.0237637291248694e-16,far,mid
14,random_3,0.8847938231067735,0.46598271490700144,0.015,optimal,True,0.5000008705600092,5.264489956191554e-07,98.57339156297691,-37.70233035547899,False,0.0,0.4468521535636909,0.5516983424761417,0.0,False,136.948353546038,38.374961983061084,3.0237637291248694e-16,0.6408483264071974,-0.2251600303415507,1.5283950864179245,0.0,optimal,0.5000003441110136,136.2757219184559,0.44343926047463844,17,vel_upper,-3.441110135726788e-07,0,u_upper,0,15,3.0237637291248694e-16,5.948181314319932e-18,1.7854229728324706e-20,6.26776691615979e-19,True,3.0237637291248694e-16,far,mid
14,random_3,0.8847938231067735,0.46598271490700144,0.03,optimal,True,0.5000003705288403,2.641782670398385e-08,74.34795926033804,-61.92776265811786,False,0.0,0.4672510250995534,0.7148564779893901,0.0,False,144.00202929044585,69.6540700301078,3.0237637291248694e-16,0.6408483264071974,-0.2251600303415507,1.5283950864179245,0.0,optimal,0.5000003441110136,136.2757219184559,0.44343926047463844,17,vel_upper,-3.441110135726788e-07,0,u_upper,0,15,3.0237637291248694e-16,5.948181314319932e-18,1.7854229728324706e-20,6.26776691615979e-19,True,3.0237637291248694e-16,far,mid
15,pos_plus,1.0,0.0,0.005,optimal,True,-0.5000120986413273,8.765842561153647e-06,521.1381679209995,25.422796757003084,False,0.0,0.050264677718313555,0.05026567738484933,0.0,False,495.7156231803236,-25.42254474067596,2.220446049250313e-16,0.975245943989766,-0.13502594516379063,-0.973690721920877,0.0,optimal,-0.5000033327987662,495.71537116399645,0.05527525921048182,17,vel_lower,-3.332798766186862e-06,0,u_lower,0,16,5.2010070892062566e-17,1.1896362628639913e-17,1.7854229728324706e-20,2.220446049250313e-16,True,2.220446049250313e-16,near,near
15,pos_plus,1.0,0.0,0.015,optimal,True,-0.5000003190845387,3.0137142275066253e-06,575.6306416214501,79.91527045745363,False,0.0,0.040261312051408926,0.040261338411721304,0.0,False,495.7316906435322,-79.89895097791788,2.220446049250313e-16,0.975245943989766,-0.13502594516379063,-0.973690721920877,0.0,optimal,-0.5000033327987662,495.71537116399645,0.05527525921048182,17,vel_lower,-3.332798766186862e-06,0,u_lower,0,16,5.2010070892062566e-17,1.1896362628639913e-17,1.7854229728324706e-20,2.220446049250313e-16,True,2.220446049250313e-16,near,near
15,pos_plus,1.0,0.0,0.03,optimal,True,-0.5000008288953918,2.5039033744178596e-06,666.4623823245773,170.74701116058088,False,0.0,0.02524523634387732,0.02524530480703102,0.0,False,495.7782662408745,-170.68411608370286,3.4841217462507697e-16,0.975245943989766,-0.13502594516379063,-0.973690721920877,0.0,optimal,-0.5000033327987662,495.71537116399645,0.05527525921048182,17,vel_lower,-3.332798766186862e-06,0,u_lower,0,16,5.2010070892062566e-17,1.1896362628639913e-17,1.7854229728324706e-20,2.220446049250313e-16,True,2.220446049250313e-16,near,near
15,pos_minus,-1.0,0.0,0.005,optimal,True,-0.49999941572157947,3.917077186721407e-06,471.50062149862475,-24.2147496653717,False,0.0,0.06784010456009282,0.06784005719573794,0.0,False,495.7236252674547,24.223003768829926,1.4645051169690957e-16,0.975245943989766,-0.13502594516379063,-0.973690721920877,0.0,optimal,-0.5000033327987662,495.71537116399645,0.05527525921048182,17,vel_lower,-3.332798766186862e-06,0,u_lower,0,16,5.2010070892062566e-17,1.1896362628639913e-17,1.7854229728324706e-20,2.220446049250313e-16,True,2.220446049250313e-16,near,near
15,pos_minus,-1.0,0.0,0.015,optimal,True,-0.4999836055802998,1.9727218466381036e-05,426.67688169254853,-69.03848947144792,False,0.0,0.09135345176675735,0.09135212449203667,0.0,False,495.78732656891725,69.11044487636872,1.4645051169690957e-16,0.975245943989766,-0.13502594516379063,-0.973690721920877,0.0,optimal,-0.5000033327987662,495.71537116399645,0.05527525921048182,17,vel_lower,-3.332798766186862e-06,0,u_lower,0,16,5.2010070892062566e-17,1.1896362628639913e-17,1.7854229728324706e-20,2.220446049250313e-16,True,2.220446049250313e-16,near,near
15,pos_minus,-1.0,0.0,0.03,optimal,True,-0.499990230156541,1.310264222520452e-05,368.39471182052034,-127.32065934347611,False,0.0,0.14207170673741487,0.14207095111232404,0.0,False,496.25444153945153,127.85972971893119,1.4645051169690957e-16,0.975245943989766,-0.13502594516379063,-0.973690721920877,0.0,optimal,-0.5000033327987662,495.71537116399645,0.05527525921048182,17,vel_lower,-3.332798766186862e-06,0,u_lower,0,16,5.2010070892062566e-17,1.1896362628639913e-17,1.7854229728324706e-20,2.220446049250313e-16,True,2.220446049250313e-16,near,near
15,vel_plus,0.0,1.0,0.005,optimal,True,-0.5000009709038209,2.361894945290821e-06,508.0548117202392,12.339440556242721,False,0.0,0.13172953351518757,0.04672961372624018,0.0,False,495.72178903172613,-12.33302268851304,5.551115123125783e-17,0.975245943989766,-0.13502594516379063,-0.973690721920877,0.0,optimal,-0.5000033327987662,495.71537116399645,0.05527525921048182,17,vel_lower,-3.332798766186862e-06,0,u_lower,0,16,5.2010070892062566e-17,1.1896362628639913e-17,1.7854229728324706e-20,2.220446049250313e-16,True,2.220446049250313e-16,near,near
15,vel_plus,0.0,1.0,0.015,optimal,True,-0.5000181436714028,1.4810872636661365e-05,534.8189930102111,39.10362184621465,False,0.0,0.28462481420362384,0.029626313306069463,0.0,False,495.7647541219144,-39.05423888829671,5.551115123125783e-17,0.975245943989766,-0.13502594516379063,-0.973690721920877,0.0,optimal,-0.5000033327987662,495.71537116399645,0.05527525921048182,17,vel_lower,-3.332798766186862e-06,0,u_lower,0,16,5.2010070892062566e-17,1.1896362628639913e-17,1.7854229728324706e-20,2.220446049250313e-16,True,2.220446049250313e-16,near,near
15,vel_plus,0.0,1.0,0.03,optimal,True,-0.5000003924147296,2.9403840365871403e-06,580.2134195353968,84.49804837140039,False,0.0,0.5249737099150076,0.0023999456680604547,0.0,False,495.86050999378665,-84.35290954161019,5.551115123125783e-17,0.975245943989766,-0.13502594516379063,-0.973690721920877,0.0,optimal,-0.5000033327987662,495.71537116399645,0.05527525921048182,17,vel_lower,-3.332798766186862e-06,0,u_lower,0,16,5.2010070892062566e-17,1.1896362628639913e-17,1.7854229728324706e-20,2.220446049250313e-16,True,2.220446049250313e-16,near,near
15,vel_minus,0.0,-1.0,0.005,optimal,True,-0.4999998519219236,3.480876842598679e-06,484.06951846657466,-11.645852697421788,True,1.0,-6.859382688517712e-07,0.0809352279837986,0.0,False,495.749820742412,11.680302275837334,1.2530079992440792,0.975245943989766,-0.13502594516379063,-0.973690721920877,0.0,optimal,-0.5000033327987662,495.71537116399645,0.05527525921048182,17,vel_lower,-3.332798766186862e-06,0,u_lower,0,16,5.2010070892062566e-17,1.1896362628639913e-17,1.7854229728324706e-20,2.220446049250313e-16,True,2.220446049250313e-16,near,near
15,vel_minus,0.0,-1.0,0.015,optimal,True,-0.49999953601710717,3.7967816590156467e-06,463.75463477468446,-31.96073638931199,True,4.0,-1.3251363145450057e-05,0.20998668030375633,0.0,False,497.8966530537132,34.14201827902872,11.525161013133225,0.975245943989766,-0.13502594516379063,-0.973690721920877,0.0,optimal,-0.5000033327987662,495.71537116399645,0.05527525921048182,17,vel_lower,-3.332798766186862e-06,0,u_lower,0,16,5.2010070892062566e-17,1.1896362628639913e-17,1.7854229728324706e-20,2.220446049250313e-16,True,2.220446049250313e-16,near,near
15,vel_minus,0.0,-1.0,0.03,optimal,True,-0.49999963030047523,3.702498290958367e-06,440.53371250115094,-55.18165866284551,True,8.0,-1.7430895591363793e-05,0.32998796605485026,0.0,False,508.7661889640345,68.23247646288354,23.733460710523108,0.975245943989766,-0.13502594516379063,-0.973690721920877,0.0,optimal,-0.5000033327987662,495.71537116399645,0.05527525921048182,17,vel_lower,-3.332798766186862e-06,0,u_lower,0,16,5.2010070892062566e-17,1.1896362628639913e-17,1.7854229728324706e-20,2.220446049250313e-16,True,2.220446049250313e-16,near,near
15,random_0,0.9909289106818766,-0.13438710494251077,0.005,optimal,True,-0.5000037450781072,4.122793409999659e-07,519.1913875819888,23.476016417992355,False,0.0,0.040040877361720906,0.0514640906902194,0.0,False,495.7164545930689,-23.47493298891993,3.3306690738754696e-16,0.975245943989766,-0.13502594516379063,-0.973690721920877,0.0,optimal,-0.5000033327987662,495.71537116399645,0.05527525921048182,17,vel_lower,-3.332798766186862e-06,0,u_lower,0,16,5.2010070892062566e-17,1.1896362628639913e-17,1.7854229728324706e-20,2.220446049250313e-16,True,2.220446049250313e-16,near,near
15,random_0,0.9909289106818766,-0.13438710494251077,0.015,optimal,True,-0.5000008917867856,2.4410119805473585e-06,569.1085990958765,73.39322793188,False,0.0,0.00957435506158677,0.04384314044846316,0.0,False,495.72477580056653,-73.38382329530992,3.3306690738754696e-16,0.975245943989766,-0.13502594516379063,-0.973690721920877,0.0,optimal,-0.5000033327987662,495.71537116399645,0.05527525921048182,17,vel_lower,-3.332798766186862e-06,0,u_lower,0,16,5.2010070892062566e-17,1.1896362628639913e-17,1.7854229728324706e-20,2.220446049250313e-16,True,2.220446049250313e-16,near,near
15,random_0,0.9909289106818766,-0.13438710494251077,0.03,optimal,True,-0.49999879187991564,4.540918850548525e-06,651.4770586404048,155.76168747640838,True,1.0,-1.2180895409219517e-05,0.06497599599420822,0.0,False,495.72950473614696,-155.74755390425787,9.140130028129315,0.975245943989766,-0.13502594516379063,-0.973690721920877,0.0,optimal,-0.5000033327987662,495.71537116399645,0.05527525921048182,17,vel_lower,-3.332798766186862e-06,0,u_lower,0,16,5.2010070892062566e-17,1.1896362628639913e-17,1.7854229728324706e-20,2.220446049250313e-16,True,2.220446049250313e-16,near,near
15,random_1,0.9085874070339034,-0.41769477346431794,0.005,optimal,True,-0.4999907024764176,1.2630322348605727e-05,513.514349181756,17.79897801775951,False,0.0,0.018802745994919712,0.05430602913517768,0.0,False,495.7180430502829,-17.796306131473045,5.551115123125783e-17,0.975245943989766,-0.13502594516379063,-0.973690721920877,0.0,optimal,-0.5000033327987662,495.71537116399645,0.05527525921048182,17,vel_lower,-3.332798766186862e-06,0,u_lower,0,16,5.2010070892062566e-17,1.1896362628639913e-17,1.7854229728324706e-20,2.220446049250313e-16,True,2.220446049250313e-16,near,near
15,random_1,0.9085874070339034,-0.41769477346431794,0.015,optimal,True,-0.49999802471608285,5.308082683341819e-06,550.7844310096365,55.06905984564003,True,2.0,-1.313599449037639e-05,0.100242378972484,0.0,False,495.8224514164796,-54.961979593156855,7.495305969287051,0.975245943989766,-0.13502594516379063,-0.973690721920877,0.0,optimal,-0.5000033327987662,495.71537116399645,0.05527525921048182,17,vel_lower,-3.332798766186862e-06,0,u_lower,0,16,5.2010070892062566e-17,1.1896362628639913e-17,1.7854229728324706e-20,2.220446049250313e-16,True,2.220446049250313e-16,near,near
15,random_1,0.9085874070339034,-0.41769477346431794,0.03,optimal,True,-0.5000000673017133,3.2654970528733784e-06,611.9504412114666,116.23507004747012,True,4.0,-8.532602878030815e-06,0.17544377950864776,0.0,False,497.00726508927374,-114.94317612219282,20.82600596891268,0.975245943989766,-0.13502594516379063,-0.973690721920877,0.0,optimal,-0.5000033327987662,495.71537116399645,0.05527525921048182,17,vel_lower,-3.332798766186862e-06,0,u_lower,0,16,5.2010070892062566e-17,1.1896362628639913e-17,1.7854229728324706e-20,2.220446049250313e-16,True,2.220446049250313e-16,near,near
15,random_2,-0.42606089900253974,-0.9046944845311856,0.005,optimal,True,-0.4999975392783439,5.793520422292531e-06,474.9898639316603,-20.725507232336156,False,0.0,0.0023517169379281277,0.07884973957873331,0.0,False,495.7403915417759,20.750527610115626,6.805102667651126e-17,0.975245943989766,-0.13502594516379063,-0.973690721920877,0.0,optimal,-0.5000033327987662,495.71537116399645,0.05527525921048182,17,vel_lower,-3.332798766186862e-06,0,u_lower,0,16,5.2010070892062566e-17,1.1896362628639913e-17,1.7854229728324706e-20,2.220446049250313e-16,True,2.220446049250313e-16,near,near
15,random_2,-0.42606089900253974,-0.9046944845311856,0.015,optimal,True,-0.5000002008441187,3.1319546475172544e-06,438.12801943192096,-57.58735173207549,True,3.0,-7.483844109312798e-06,0.18999081235934145,0.0,False,497.3712545623848,59.24323513046386,10.136727282329002,0.975245943989766,-0.13502594516379063,-0.973690721920877,0.0,optimal,-0.5000033327987662,495.71537116399645,0.05527525921048182,17,vel_lower,-3.332798766186862e-06,0,u_lower,0,16,5.2010070892062566e-17,1.1896362628639913e-17,1.7854229728324706e-20,2.220446049250313e-16,True,2.220446049250313e-16,near,near
15,random_2,-0.42606089900253974,-0.9046944845311856,0.03,optimal,True,-0.49999986383417727,3.468964588915213e-06,393.3777846118499,-102.33758655214655,True,5.0,-1.3520013174783685e-05,0.3149742112807943,0.0,False,505.9587192182925,112.58093460644261,14.160177744550754,0.975245943989766,-0.13502594516379063,-0.973690721920877,0.0,optimal,-0.5000033327987662,495.71537116399645,0.05527525921048182,17,vel_lower,-3.332798766186862e-06,0,u_lower,0,16,5.2010070892062566e-17,1.1896362628639913e-17,1.7854229728324706e-20,2.220446049250313e-16,True,2.220446049250313e-16,near,near
15,random_3,0.8847938231067735,0.46598271490700144,0.005,optimal,True,-0.4999972995637492,6.0332350169667315e-06,524.1479223141109,28.432551150114477,False,0.0,0.08647641770236159,0.046867662578000124,0.0,False,495.7218860169962,-28.426036297114706,1.3287239649931701e-16,0.975245943989766,-0.13502594516379063,-0.973690721920877,0.0,optimal,-0.5000033327987662,495.71537116399645,0.05527525921048182,17,vel_lower,-3.332798766186862e-06,0,u_lower,0,16,5.2010070892062566e-17,1.1896362628639913e-17,1.7854229728324706e-20,2.220446049250313e-16,True,2.220446049250313e-16,near,near
15,random_3,0.8847938231067735,0.46598271490700144,0.015,optimal,True,-0.4999998465960142,3.486202751978862e-06,586.3155237984051,90.60015263440869,False,0.0,0.14888156873511915,0.030055957835853575,0.0,False,495.76275810549646,-90.55276569290868,1.3287239649931701e-16,0.975245943989766,-0.13502594516379063,-0.973690721920877,0.0,optimal,-0.5000033327987662,495.71537116399645,0.05527525921048182,17,vel_lower,-3.332798766186862e-06,0,u_lower,0,16,5.2010070892062566e-17,1.1896362628639913e-17,1.7854229728324706e-20,2.220446049250313e-16,True,2.220446049250313e-16,near,near
15,random_3,0.8847938231067735,0.46598271490700144,0.03,optimal,True,-0.4999975995564666,5.733242299577057e-06,692.840874249864,197.12550308586754,False,0.0,0.25262737029318694,0.008432927750288699,0.0,False,495.8445547840547,-196.99631946580928,5.2010070892062566e-17,0.975245943989766,-0.13502594516379063,-0.973690721920877,0.0,optimal,-0.5000033327987662,495.71537116399645,0.05527525921048182,17,vel_lower,-3.332798766186862e-06,0,u_lower,0,16,5.2010070892062566e-17,1.1896362628639913e-17,1.7854229728324706e-20,2.220446049250313e-16,True,2.220446049250313e-16,near,near
16,pos_plus,1.0,0.0,0.005,optimal,True,-0.49999991581122355,5.40032266682644e-07,406.0693854317425,19.17786874293006,True,1.0,-1.894419765124944e-05,-1.8958953574843562e-05,1.8958953574843562e-05,False,386.89455127218855,-19.17483415955394,16.590223542863725,0.5839856127199217,-0.4322970196688282,-1.3804222686145016,0.0,optimal,-0.49999937577895687,386.89151668881243,-1.7596867015745588e-05,12,vel_lower,6.161867585063874e-07,9,u_lower,4,11,1.3922326316546683e-19,5.948181314319932e-18,1.7854229728324706e-20,14.254118741736296,True,14.254118741736296,near,near
16,pos_plus,1.0,0.0,0.015,optimal,True,-0.5000000666984091,6.909194522619622e-07,448.0616448753357,61.17012818652324,True,1.0,-1.6063225283691196e-05,-1.6060837019438168e-05,1.6060837019438168e-05,False,386.90843297973436,-61.153211895601316,21.24971741341525,0.5839856127199217,-0.4322970196688282,-1.3804222686145016,0.0,optimal,-0.49999937577895687,386.89151668881243,-1.7596867015745588e-05,12,vel_lower,6.161867585063874e-07,9,u_lower,4,11,1.3922326316546683e-19,5.948181314319932e-18,1.7854229728324706e-20,14.254118741736296,True,14.254118741736296,near,near
16,pos_plus,1.0,0.0,0.03,optimal,True,-0.4999999749684959,5.99189539041145e-07,520.1531409657067,133.26162427689428,True,2.0,-1.846829049689802e-05,-1.847650943309631e-05,1.847650943309631e-05,False,386.92544852109415,-133.22769244461256,28.259866510745447,0.5839856127199217,-0.4322970196688282,-1.3804222686145016,0.0,optimal,-0.49999937577895687,386.89151668881243,-1.7596867015745588e-05,12,vel_lower,6.161867585063874e-07,9,u_lower,4,11,1.3922326316546683e-19,5.948181314319932e-18,1.7854229728324706e-20,14.254118741736296,True,14.254118741736296,near,near
16,pos_minus,-1.0,0.0,0.005,optimal,True,-0.49999999123700406,6.154580471928739e-07,368.91636016588905,-17.975156522923385,False,0.0,-1.7572370855090114e-05,-1.757634692745036e-05,1.757634692745036e-05,False,386.8990532075929,17.98269304170384,12.031495934694847,0.5839856127199217,-0.4322970196688282,-1.3804222686145016,0.0,optimal,-0.49999937577895687,386.89151668881243,-1.7596867015745588e-05,12,vel_lower,6.161867585063874e-07,9,u_lower,4,11,1.3922326316546683e-19,5.948181314319932e-18,1.7854229728324706e-20,14.254118741736296,True,14.254118741736296,near,near
16,pos_minus,-1.0,0.0,0.015,optimal,True,-0.5000010896467331,1.71386777619853e-06,336.5399028456547,-50.351613843157736,True,2.0,-1.4389532016823026e-05,-1.427218120553242e-05,1.427218120553242e-05,False,387.05434765349725,50.51444480784255,8.31312310737193,0.5839856127199217,-0.4322970196688282,-1.3804222686145016,0.0,optimal,-0.49999937577895687,386.89151668881243,-1.7596867015745588e-05,12,vel_lower,6.161867585063874e-07,9,u_lower,4,11,1.3922326316546683e-19,5.948181314319932e-18,1.7854229728324706e-20,14.254118741736296,True,14.254118741736296,near,near
16,pos_minus,-1.0,0.0,0.03,optimal,True,-0.5000002718254952,8.960465383567318e-07,296.40402911111124,-90.48748757770119,True,4.0,0.032178291752104515,0.03217831489231959,0.0,False,389.69628202192916,93.29225291081792,4.440892098500626e-16,0.5839856127199217,-0.4322970196688282,-1.3804222686145016,0.0,optimal,-0.49999937577895687,386.89151668881243,-1.7596867015745588e-05,12,vel_lower,6.161867585063874e-07,9,u_lower,4,11,1.3922326316546683e-19,5.948181314319932e-18,1.7854229728324706e-20,14.254118741736296,True,14.254118741736296,near,near
16,vel_plus,0.0,1.0,0.005,optimal,True,-0.5000006335505743,1.2577716174688724e-06,393.4219320003889,6.530415311576462,True,1.0,-2.3419934859658653e-05,-0.07500189135451918,0.07500189135451918,True,385.8607598424132,-7.5611721579757045,11.309669971291711,0.5839856127199217,-0.4322970196688282,-1.3804222686145016,0.0,optimal,-0.49999937577895687,386.89151668881243,-1.7596867015745588e-05,12,vel_lower,6.161867585063874e-07,9,u_lower,4,11,1.3922326316546683e-19,5.948181314319932e-18,1.7854229728324706e-20,14.254118741736296,True,14.254118741736296,near,near
16,vel_plus,0.0,1.0,0.015,optimal,True,-0.4999987248266325,6.509523243769522e-07,409.55997435839487,22.668457669582438,True,4.0,0.03899126987737078,-0.20100885011614844,0.20100885011614844,True,385.890832905841,-23.669141452553845,4.996003610813204e-16,0.5839856127199217,-0.4322970196688282,-1.3804222686145016,0.0,optimal,-0.49999937577895687,386.89151668881243,-1.7596867015745588e-05,12,vel_lower,6.161867585063874e-07,9,u_lower,4,11,1.3922326316546683e-19,5.948181314319932e-18,1.7854229728324706e-20,14.254118741736296,True,14.254118741736296,near,near
16,vel_plus,0.0,1.0,0.03,optimal,True,-0.4999997234319631,3.4765300621630857e-07,439.45758809449484,52.56607140568241,True,4.0,0.24770329753916853,-0.24983208486446173,0.24983208486446173,True,386.271908053015,-53.18568004147983,4.996003610813204e-16,0.5839856127199217,-0.4322970196688282,-1.3804222686145016,0.0,optimal,-0.49999937577895687,386.89151668881243,-1.7596867015745588e-05,12,vel_lower,6.161867585063874e-07,9,u_lower,4,11,1.3922326316546683e-19,5.948181314319932e-18,1.7854229728324706e-20,14.254118741736296,True,14.254118741736296,near,near
16,vel_minus,0.0,-1.0,0.005,optimal,True,-0.4999994457747015,6.999574464483516e-08,381.26516080837195,-5.626355880440485,True,1.0,-1.63786163194235e-05,0.054983554987581784,0.0,False,388.8809349612989,7.615774152926974,18.02872607004745,0.5839856127199217,-0.4322970196688282,-1.3804222686145016,0.0,optimal,-0.49999937577895687,386.89151668881243,-1.7596867015745588e-05,12,vel_lower,6.161867585063874e-07,9,u_lower,4,11,1.3922326316546683e-19,5.948181314319932e-18,1.7854229728324706e-20,14.254118741736296,True,14.254118741736296,near,near
16,vel_minus,0.0,-1.0,0.015,optimal,True,-0.4999991220579979,2.537209589648093e-07,372.24307583120776,-14.648440857604669,True,4.0,-2.2687750727889977e-05,0.13497722370553156,0.0,False,395.87235214929115,23.629276318083384,25.89759953753613,0.5839856127199217,-0.4322970196688282,-1.3804222686145016,0.0,optimal,-0.49999937577895687,386.89151668881243,-1.7596867015745588e-05,12,vel_lower,6.161867585063874e-07,9,u_lower,4,11,1.3922326316546683e-19,5.948181314319932e-18,1.7854229728324706e-20,14.254118741736296,True,14.254118741736296,near,near
16,vel_minus,0.0,-1.0,0.03,optimal,True,-0.4999995709764823,1.9519752542107582e-07,362.8186209117135,-24.07289577709895,True,5.0,-1.3236064712707218e-05,0.21770328816913798,0.0,False,413.85834145013087,51.039720538417384,33.375346280453655,0.5839856127199217,-0.4322970196688282,-1.3804222686145016,0.0,optimal,-0.49999937577895687,386.89151668881243,-1.7596867015745588e-05,12,vel_lower,6.161867585063874e-07,9,u_lower,4,11,1.3922326316546683e-19,5.948181314319932e-18,1.7854229728324706e-20,14.254118741736296,True,14.254118741736296,near,near
16,random_0,0.9909289106818766,-0.13438710494251077,0.005,optimal,True,-0.4999998795709079,5.037919510453293e-07,405.01528249440605,18.12376580559362,True,1.0,-4.614276832848319e-06,0.008062576988726033,0.0,False,387.09456691264006,-17.92071558176599,18.38633072312243,0.5839856127199217,-0.4322970196688282,-1.3804222686145016,0.0,optimal,-0.49999937577895687,386.89151668881243,-1.7596867015745588e-05,12,vel_lower,6.161867585063874e-07,9,u_lower,4,11,1.3922326316546683e-19,5.948181314319932e-18,1.7854229728324706e-20,14.254118741736296,True,14.254118741736296,near,near
16,random_0,0.9909289106818766,-0.13438710494251077,0.015,optimal,True,-0.5000000941265526,7.183475956851204e-07,444.54187324098086,57.65035655216843,True,2.0,-1.8028707223560758e-05,0.022187567476536052,0.0,False,387.5634217150074,-56.97845152597347,25.40391411574776,0.5839856127199217,-0.4322970196688282,-1.3804222686145016,0.0,optimal,-0.49999937577895687,386.89151668881243,-1.7596867015745588e-05,12,vel_lower,6.161867585063874e-07,9,u_lower,4,11,1.3922326316546683e-19,5.948181314319932e-18,1.7854229728324706e-20,14.254118741736296,True,14.254118741736296,near,near
16,random_0,0.9909289106818766,-0.13438710494251077,0.03,optimal,True,-0.5000003168819643,9.411030074679694e-07,512.1706832110605,125.27916652224803,True,3.0,-3.888375233129793e-06,0.04434980846795633,0.0,False,388.4277462087164,-123.74293700234404,31.660582006904367,0.5839856127199217,-0.4322970196688282,-1.3804222686145016,0.0,optimal,-0.49999937577895687,386.89151668881243,-1.7596867015745588e-05,12,vel_lower,6.161867585063874e-07,9,u_lower,4,11,1.3922326316546683e-19,5.948181314319932e-18,1.7854229728324706e-20,14.254118741736296,True,14.254118741736296,near,near
16,random_1,0.9085874070339034,-0.41769477346431794,0.005,optimal,True,-0.5000004243711355,1.0485921785874375e-06,401.63203611423125,14.740519425418825,True,2.0,-3.8332827618781096e-06,0.022971320405317797,0.0,False,387.5840897586346,-14.04794635559665,20.561687761489146,0.5839856127199217,-0.4322970196688282,-1.3804222686145016,0.0,optimal,-0.49999937577895687,386.89151668881243,-1.7596867015745588e-05,12,vel_lower,6.161867585063874e-07,9,u_lower,4,11,1.3922326316546683e-19,5.948181314319932e-18,1.7854229728324706e-20,14.254118741736296,True,14.254118741736296,near,near
16,random_1,0.9085874070339034,-0.41769477346431794,0.015,optimal,True,-0.49999997803421625,6.02255259385398e-07,433.6915006443725,46.799983955560094,True,2.0,-4.524967461616569e-06,0.06770299928580492,0.0,False,389.49978179217186,-44.191718852200665,28.127952915831145,0.5839856127199217,-0.4322970196688282,-1.3804222686145016,0.0,optimal,-0.49999937577895687,386.89151668881243,-1.7596867015745588e-05,12,vel_lower,6.161867585063874e-07,9,u_lower,4,11,1.3922326316546683e-19,5.948181314319932e-18,1.7854229728324706e-20,14.254118741736296,True,14.254118741736296,near,near
16,random_1,0.9085874070339034,-0.41769477346431794,0.03,optimal,True,-0.4999991089655084,2.66813448446257e-07,488.50800208696853,101.6164853981561,True,4.0,-1.3468650235104462e-05,0.11770379613698234,0.0,False,393.69026013183236,-94.81774195513617,40.32046102616373,0.5839856127199217,-0.4322970196688282,-1.3804222686145016,0.0,optimal,-0.49999937577895687,386.89151668881243,-1.7596867015745588e-05,12,vel_lower,6.161867585063874e-07,9,u_lower,4,11,1.3922326316546683e-19,5.948181314319932e-18,1.7854229728324706e-20,14.254118741736296,True,14.254118741736296,near,near
16,random_2,-0.42606089900253974,-0.9046944845311856,0.005,optimal,True,-0.500000851334702,1.4755557450896184e-06,374.12372665097797,-12.767790037834459,True,1.0,-5.133109739485775e-06,0.049765132995224226,0.0,False,388.663541452225,14.539814801247019,16.63283948002646,0.5839856127199217,-0.4322970196688282,-1.3804222686145016,0.0,optimal,-0.49999937577895687,386.89151668881243,-1.7596867015745588e-05,12,vel_lower,6.161867585063874e-07,9,u_lower,4,11,1.3922326316546683e-19,5.948181314319932e-18,1.7854229728324706e-20,14.254118741736296,True,14.254118741736296,near,near
16,random_2,-0.42606089900253974,-0.9046944845311856,0.015,optimal,True,-0.4999997692516414,3.934726845455927e-07,351.825006228936,-35.06651045987644,True,3.0,-8.498509454391012e-06,0.12212696187324867,0.0,False,394.6704877370972,42.845481508161186,22.7709364491215,0.5839856127199217,-0.4322970196688282,-1.3804222686145016,0.0,optimal,-0.49999937577895687,386.89151668881243,-1.7596867015745588e-05,12,vel_lower,6.161867585063874e-07,9,u_lower,4,11,1.3922326316546683e-19,5.948181314319932e-18,1.7854229728324706e-20,14.254118741736296,True,14.254118741736296,near,near
16,random_2,-0.42606089900253974,-0.9046944845311856,0.03,optimal,True,-0.49999934762307285,2.815588401317015e-08,324.8260988079548,-62.06541788085764,True,5.0,-2.1362666297708444e-05,0.21711767687628902,0.0,False,410.3254387236991,85.49933991574432,21.810290232074173,0.5839856127199217,-0.4322970196688282,-1.3804222686145016,0.0,optimal,-0.49999937577895687,386.89151668881243,-1.7596867015745588e-05,12,vel_lower,6.161867585063874e-07,9,u_lower,4,11,1.3922326316546683e-19,5.948181314319932e-18,1.7854229728324706e-20,14.254118741736296,True,14.254118741736296,near,near
16,random_3,0.8847938231067735,0.46598271490700144,0.005,optimal,True,-0.5000006282836289,1.2525046720335276e-06,406.8981649183766,20.006648229564178,True,1.0,-1.1427287907705974e-05,-0.03727684668127229,0.03727684668127229,True,386.2960914152862,-20.602073503090423,16.7613273312834,0.5839856127199217,-0.4322970196688282,-1.3804222686145016,0.0,optimal,-0.49999937577895687,386.89151668881243,-1.7596867015745588e-05,12,vel_lower,6.161867585063874e-07,9,u_lower,4,11,1.3922326316546683e-19,5.948181314319932e-18,1.7854229728324706e-20,14.254118741736296,True,14.254118741736296,near,near
16,random_3,0.8847938231067735,0.46598271490700144,0.015,optimal,True,-0.49999954562949117,1.6985053430396135e-07,451.7372718167596,64.84575512794714,True,3.0,-6.502113118811437e-06,-0.1118325789864012,0.1118325789864012,True,385.7415047130445,-65.99576710371508,14.431668361628848,0.5839856127199217,-0.4322970196688282,-1.3804222686145016,0.0,optimal,-0.49999937577895687,386.89151668881243,-1.7596867015745588e-05,12,vel_lower,6.161867585063874e-07,9,u_lower,4,11,1.3922326316546683e-19,5.948181314319932e-18,1.7854229728324706e-20,14.254118741736296,True,14.254118741736296,near,near
16,random_3,0.8847938231067735,0.46598271490700144,0.03,optimal,True,-0.49999702650253697,2.349276419899571e-06,532.0364649599769,145.14494827116448,True,6.0,-2.0728591285879006e-05,-0.23767244187198844,0.23767244187198844,True,386.1597419795861,-145.8767229803908,5.855232979179225,0.5839856127199217,-0.4322970196688282,-1.3804222686145016,0.0,optimal,-0.49999937577895687,386.89151668881243,-1.7596867015745588e-05,12,vel_lower,6.161867585063874e-07,9,u_lower,4,11,1.3922326316546683e-19,5.948181314319932e-18,1.7854229728324706e-20,14.254118741736296,True,14.254118741736296,near,near
17,pos_plus,1.0,0.0,0.005,optimal,True,0.500001459748536,1.9986663207793853e-06,616.6970044331937,-26.70730243466278,False,0.0,-1.4795809586853892e-05,-1.4647834260861359e-05,1.4647834260861359e-05,False,643.4048666587436,26.70786222554989,18.13070038723914,-1.5764407367967825,0.3443092530025661,0.7583139403233479,0.0,optimal,0.5000034584148568,643.4043068678565,-8.611797163382562e-06,15,vel_upper,-3.4584148568272965e-06,0,u_upper,4,13,1.3922326316546683e-19,3.552713678800501e-15,19.96301234193177,1.1010359152655757e-16,True,19.96301234193177,near,near
17,pos_plus,1.0,0.0,0.015,optimal,True,0.4999981809239461,5.277490910726712e-06,566.9258089021366,-76.47849796571984,True,1.0,-2.239347961863203e-05,-2.27170478337424e-05,2.27170478337424e-05,False,643.4187136327465,76.4929047306099,14.510742783988109,-1.5764407367967825,0.3443092530025661,0.7583139403233479,0.0,optimal,0.5000034584148568,643.4043068678565,-8.611797163382562e-06,15,vel_upper,-3.4584148568272965e-06,0,u_upper,4,13,1.3922326316546683e-19,3.552713678800501e-15,19.96301234193177,1.1010359152655757e-16,True,19.96301234193177,near,near
17,pos_plus,1.0,0.0,0.03,optimal,True,0.4999970191271251,6.439287731752064e-06,501.3592428813035,-142.04506398655298,True,2.0,-1.4490847592085743e-05,-1.4925932183551538e-05,1.4925932183551538e-05,False,643.5341663686729,142.17492348736943,9.30734705460615,-1.5764407367967825,0.3443092530025661,0.7583139403233479,0.0,optimal,0.5000034584148568,643.4043068678565,-8.611797163382562e-06,15,vel_upper,-3.4584148568272965e-06,0,u_upper,4,13,1.3922326316546683e-19,3.552713678800501e-15,19.96301234193177,1.1010359152655757e-16,True,19.96301234193177,near,near
17,pos_minus,-1.0,0.0,0.005,optimal,True,0.5000016861441299,1.7722707269518523e-06,671.3287382618006,27.924431393944133,False,0.0,-1.0831727996318818e-05,-1.0610881616912593e-05,1.0610881616912593e-05,False,643.4050599559976,-27.923678305803037,21.77384422618944,-1.5764407367967825,0.3443092530025661,0.7583139403233479,0.0,optimal,0.5000034584148568,643.4043068678565,-8.611797163382562e-06,15,vel_upper,-3.4584148568272965e-06,0,u_upper,4,13,1.3922326316546683e-19,3.552713678800501e-15,19.96301234193177,1.1010359152655757e-16,True,19.96301234193177,near,near
17,pos_minus,-1.0,0.0,0.015,optimal,True,0.4999978703476989,5.588067157946686e-06,730.8258167858734,87.42150991801691,False,0.0,-1.037075931509257e-05,-1.0577564481861756e-05,1.0577564481861756e-05,False,643.4066338158898,-87.41918296998358,25.413590034239235,-1.5764407367967825,0.3443092530025661,0.7583139403233479,0.0,optimal,0.5000034584148568,643.4043068678565,-8.611797163382562e-06,15,vel_upper,-3.4584148568272965e-06,0,u_upper,4,13,1.3922326316546683e-19,3.552713678800501e-15,19.96301234193177,1.1010359152655757e-16,True,19.96301234193177,near,near
17,pos_minus,-1.0,0.0,0.03,optimal,True,0.5000010088963041,2.4495185527717567e-06,829.1912880030815,185.786981135225,False,0.0,-5.2455345800339614e-06,-4.986748475710456e-06,4.986748475710456e-06,False,643.4098739136041,-185.78141408947738,30.870261883581378,-1.5764407367967825,0.3443092530025661,0.7583139403233479,0.0,optimal,0.5000034584148568,643.4043068678565,-8.611797163382562e-06,15,vel_upper,-3.4584148568272965e-06,0,u_upper,4,13,1.3922326316546683e-19,3.552713678800501e-15,19.96301234193177,1.1010359152655757e-16,True,19.96301234193177,near,near
17,vel_plus,0.0,1.0,0.005,optimal,True,0.5000010987070913,2.3597077655201915e-06,633.1425938999491,-10.261712967907329,True,2.0,-1.6421197134075527e-05,0.060008601298050857,0.0,False,645.9852169586625,12.842623058713343,26.195224003712244,-1.5764407367967825,0.3443092530025661,0.7583139403233479,0.0,optimal,0.5000034584148568,643.4043068678565,-8.611797163382562e-06,15,vel_upper,-3.4584148568272965e-06,0,u_upper,4,13,1.3922326316546683e-19,3.552713678800501e-15,19.96301234193177,1.1010359152655757e-16,True,19.96301234193177,near,near
17,vel_plus,0.0,1.0,0.015,optimal,True,0.5000026582704771,8.00144379753398e-07,616.3303161807752,-27.073990687081277,True,3.0,-9.553266422379636e-06,0.1556880971235861,0.0,False,655.1968964209684,38.86658024019323,35.44150375426116,-1.5764407367967825,0.3443092530025661,0.7583139403233479,0.0,optimal,0.5000034584148568,643.4043068678565,-8.611797163382562e-06,15,vel_upper,-3.4584148568272965e-06,0,u_upper,4,13,1.3922326316546683e-19,3.552713678800501e-15,19.96301234193177,1.1010359152655757e-16,True,19.96301234193177,near,near
17,vel_plus,0.0,1.0,0.03,optimal,True,0.49999957471598205,3.883698874773689e-06,598.2654343198676,-45.13887254798885,True,6.0,-8.217599953397325e-06,0.25569108287118836,0.0,False,678.8680996407124,80.60266532084484,44.38204315002685,-1.5764407367967825,0.3443092530025661,0.7583139403233479,0.0,optimal,0.5000034584148568,643.4043068678565,-8.611797163382562e-06,15,vel_upper,-3.4584148568272965e-06,0,u_upper,4,13,1.3922326316546683e-19,3.552713678800501e-15,19.96301234193177,1.1010359152655757e-16,True,19.96301234193177,near,near
17,vel_minus,0.0,-1.0,0.005,optimal,True,0.500001419122889,2.0392919678480226e-06,655.1199187840098,11.715611916153307,True,1.0,-2.1323050360066986e-05,-0.08502116043182495,0.08502116043182495,True,642.1270632397476,-12.99285554426217,11.891382037984515,-1.5764407367967825,0.3443092530025661,0.7583139403233479,0.0,optimal,0.5000034584148568,643.4043068678565,-8.611797163382562e-06,15,vel_upper,-3.4584148568272965e-06,0,u_upper,4,13,1.3922326316546683e-19,3.552713678800501e-15,19.96301234193177,1.1010359152655757e-16,True,19.96301234193177,near,near
17,vel_minus,0.0,-1.0,0.015,optimal,True,0.49999394833030497,9.510084551855869e-06,682.5989348528431,39.194627984986596,True,4.0,0.08492507356100909,-0.17007542928604313,0.17007542928604313,True,641.9468652502411,-40.652069602601955,2.431223538263776e-16,-1.5764407367967825,0.3443092530025661,0.7583139403233479,0.0,optimal,0.5000034584148568,643.4043068678565,-8.611797163382562e-06,15,vel_upper,-3.4584148568272965e-06,0,u_upper,4,13,1.3922326316546683e-19,3.552713678800501e-15,19.96301234193177,1.1010359152655757e-16,True,19.96301234193177,near,near
17,vel_minus,0.0,-1.0,0.03,optimal,True,0.4999999657460534,3.4926688034508935e-06,729.5746930083559,86.17038614049943,True,4.0,0.3156907975839167,-0.19969790071885307,0.19969790071885307,True,642.0926382755149,-87.482054732841,2.431223538263776e-16,-1.5764407367967825,0.3443092530025661,0.7583139403233479,0.0,optimal,0.5000034584148568,643.4043068678565,-8.611797163382562e-06,15,vel_upper,-3.4584148568272965e-06,0,u_upper,4,13,1.3922326316546683e-19,3.552713678800501e-15,19.96301234193177,1.1010359152655757e-16,True,19.96301234193177,near,near
17,random_0,0.9909289106818766,-0.13438710494251077,0.005,optimal,True,0.500000295686789,3.1627280677737346e-06,618.3572487269321,-25.047058140924378,False,0.0,-1.9854959159015806e-06,-0.011424462202262564,0.011424462202262564,True,643.174865747106,24.817617020173884,15.992114986241107,-1.5764407367967825,0.3443092530025661,0.7583139403233479,0.0,optimal,0.5000034584148568,643.4043068678565,-8.611797163382562e-06,15,vel_upper,-3.4584148568272965e-06,0,u_upper,4,13,1.3922326316546683e-19,3.552713678800501e-15,19.96301234193177,1.1010359152655757e-16,True,19.96301234193177,near,near
17,random_0,0.9909289106818766,-0.13438710494251077,0.015,optimal,True,0.5000017757925799,1.682622276955037e-06,571.4148392051723,-71.9894676626842,True,1.0,-6.015382216340015e-06,-0.0322356507384578,0.0322356507384578,True,642.7626217431041,71.34778253793183,11.776613772072698,-1.5764407367967825,0.3443092530025661,0.7583139403233479,0.0,optimal,0.5000034584148568,643.4043068678565,-8.611797163382562e-06,15,vel_upper,-3.4584148568272965e-06,0,u_upper,4,13,1.3922326316546683e-19,3.552713678800501e-15,19.96301234193177,1.1010359152655757e-16,True,19.96301234193177,near,near
17,random_0,0.9909289106818766,-0.13438710494251077,0.03,optimal,True,0.5000021589440209,1.2994708359359564e-06,508.8666300918854,-134.53767677597108,True,3.0,2.449917968116999e-05,-0.06044934994697093,0.06044934994697093,True,642.3553161781975,133.48868608631216,2.952981563266839,-1.5764407367967825,0.3443092530025661,0.7583139403233479,0.0,optimal,0.5000034584148568,643.4043068678565,-8.611797163382562e-06,15,vel_upper,-3.4584148568272965e-06,0,u_upper,4,13,1.3922326316546683e-19,3.552713678800501e-15,19.96301234193177,1.1010359152655757e-16,True,19.96301234193177,near,near
17,random_1,0.9085874070339034,-0.41769477346431794,0.005,optimal,True,0.49999919454389724,4.26387095958658e-06,623.5868828427803,-19.817424025076207,False,0.0,-6.538646066367448e-06,-0.03549533275150485,0.03549533275150485,True,642.7332614551643,19.14637861238407,14.751927195181803,-1.5764407367967825,0.3443092530025661,0.7583139403233479,0.0,optimal,0.5000034584148568,643.4043068678565,-8.611797163382562e-06,15,vel_upper,-3.4584148568272965e-06,0,u_upper,4,13,1.3922326316546683e-19,3.552713678800501e-15,19.96301234193177,1.1010359152655757e-16,True,19.96301234193177,near,near
17,random_1,0.9085874070339034,-0.41769477346431794,0.015,optimal,True,0.4999979805561928,5.477858664004742e-06,586.2286022875759,-57.17570458028058,True,2.0,-1.64622174230189e-05,-0.10024725754368324,0.10024725754368324,True,641.9710548624622,55.74245257488633,6.667203484801989,-1.5764407367967825,0.3443092530025661,0.7583139403233479,0.0,optimal,0.5000034584148568,643.4043068678565,-8.611797163382562e-06,15,vel_upper,-3.4584148568272965e-06,0,u_upper,4,13,1.3922326316546683e-19,3.552713678800501e-15,19.96301234193177,1.1010359152655757e-16,True,19.96301234193177,near,near
17,random_1,0.9085874070339034,-0.41769477346431794,0.03,optimal,True,0.4999990028378327,4.4555770241094805e-06,535.044383429793,-108.35992343806345,True,4.0,0.08380790310936659,-0.11668567006678865,0.11668567006678865,True,641.9141584612436,106.86977503145056,2.431223538263776e-16,-1.5764407367967825,0.3443092530025661,0.7583139403233479,0.0,optimal,0.5000034584148568,643.4043068678565,-8.611797163382562e-06,15,vel_upper,-3.4584148568272965e-06,0,u_upper,4,13,1.3922326316546683e-19,3.552713678800501e-15,19.96301234193177,1.1010359152655757e-16,True,19.96301234193177,near,near
17,random_2,-0.42606089900253974,-0.9046944845311856,0.005,optimal,True,0.4999997918836079,3.6665312489470026e-06,665.923635623961,22.519328756104528,True,1.0,-1.5366799866800562e-05,-0.07691443394017106,0.07691443394017106,True,642.1981370251054,-23.725498598855552,12.500839692240165,-1.5764407367967825,0.3443092530025661,0.7583139403233479,0.0,optimal,0.5000034584148568,643.4043068678565,-8.611797163382562e-06,15,vel_upper,-3.4584148568272965e-06,0,u_upper,4,13,1.3922326316546683e-19,3.552713678800501e-15,19.96301234193177,1.1010359152655757e-16,True,19.96301234193177,near,near
17,random_2,-0.42606089900253974,-0.9046944845311856,0.015,optimal,True,0.49999247863976887,1.097977508796033e-05,716.7940802996688,73.38977343181239,True,4.0,0.056669432658812635,-0.17402828586299224,0.17402828586299224,True,641.9621500332786,-74.83193026639026,2.431223538263776e-16,-1.5764407367967825,0.3443092530025661,0.7583139403233479,0.0,optimal,0.5000034584148568,643.4043068678565,-8.611797163382562e-06,15,vel_upper,-3.4584148568272965e-06,0,u_upper,4,13,1.3922326316546683e-19,3.552713678800501e-15,19.96301234193177,1.1010359152655757e-16,True,19.96301234193177,near,near
17,random_2,-0.42606089900253974,-0.9046944845311856,0.03,optimal,True,0.499999952523446,3.5058914108487826e-06,804.430531155179,161.02622428732252,True,4.0,0.26708500496184695,-0.20115688776647178,0.20115688776647178,True,642.097252505767,-162.33327864941202,2.431223538263776e-16,-1.5764407367967825,0.3443092530025661,0.7583139403233479,0.0,optimal,0.5000034584148568,643.4043068678565,-8.611797163382562e-06,15,vel_upper,-3.4584148568272965e-06,0,u_upper,4,13,1.3922326316546683e-19,3.552713678800501e-15,19.96301234193177,1.1010359152655757e-16,True,19.96301234193177,near,near
17,random_3,0.8847938231067735,0.46598271490700144,0.005,optimal,True,0.4999991186710008,4.339743856052181e-06,615.0158486232749,-28.388458244581557,True,1.0,-9.169881675319402e-06,0.03028807655074406,0.0,False,644.478183930606,29.462335307331045,19.008840165242088,-1.5764407367967825,0.3443092530025661,0.7583139403233479,0.0,optimal,0.5000034584148568,643.4043068678565,-8.611797163382562e-06,15,vel_upper,-3.4584148568272965e-06,0,u_upper,4,13,1.3922326316546683e-19,3.552713678800501e-15,19.96301234193177,1.1010359152655757e-16,True,19.96301234193177,near,near
17,random_3,0.8847938231067735,0.46598271490700144,0.015,optimal,True,0.5000015601135178,1.8983013390094783e-06,563.129158519173,-80.2751483486835,True,3.0,-1.54503259088834e-05,0.08388938601031348,0.0,False,647.4600213759692,84.33086285679622,19.92161116549194,-1.5764407367967825,0.3443092530025661,0.7583139403233479,0.0,optimal,0.5000034584148568,643.4043068678565,-8.611797163382562e-06,15,vel_upper,-3.4584148568272965e-06,0,u_upper,4,13,1.3922326316546683e-19,3.552713678800501e-15,19.96301234193177,1.1010359152655757e-16,True,19.96301234193177,near,near
17,random_3,0.8847938231067735,0.46598271490700144,0.03,optimal,True,0.5000010001006343,2.458314222519853e-06,496.79958864494586,-146.6047182229106,True,5.0,-1.4862374317470284e-05,0.15377745360248896,0.0,False,654.1754358938545,157.3758472489086,19.315009925232232,-1.5764407367967825,0.3443092530025661,0.7583139403233479,0.0,optimal,0.5000034584148568,643.4043068678565,-8.611797163382562e-06,15,vel_upper,-3.4584148568272965e-06,0,u_upper,4,13,1.3922326316546683e-19,3.552713678800501e-15,19.96301234193177,1.1010359152655757e-16,True,19.96301234193177,near,near
18,pos_plus,1.0,0.0,0.005,optimal,True,-0.4999985632899849,1.4650203265520467e-06,169.9664607420514,16.04454342407621,False,0.0,0.5136858280409071,0.5136857086545852,0.0,False,153.9238306678088,-16.042630074242595,1.6924571461020003e-16,0.6565292116042722,0.33687483722636147,-0.18898743252363603,0.0,optimal,-0.5000000283103114,153.9219173179752,0.5186942258193934,17,vel_lower,-2.831031142846996e-08,0,u_lower,0,16,1.3922326316546683e-19,4.295732324572195e-19,6.938893903907228e-17,0.0,True,6.938893903907228e-17,far,far
18,pos_plus,1.0,0.0,0.015,optimal,True,-0.4999997502308059,2.780795055334906e-07,205.6939675125933,51.77205019461812,False,0.0,0.5021196562155426,0.5021196263726782,0.0,False,153.93748153971603,-51.75648597287727,1.6924571461020003e-16,0.6565292116042722,0.33687483722636147,-0.18898743252363603,0.0,optimal,-0.5000000283103114,153.9219173179752,0.5186942258193934,17,vel_lower,-2.831031142846996e-08,0,u_lower,0,16,1.3922326316546683e-19,4.295732324572195e-19,6.938893903907228e-17,0.0,True,6.938893903907228e-17,far,far
18,pos_plus,1.0,0.0,0.03,optimal,True,-0.49999629214505276,3.7361652586720417e-06,268.38421017159425,114.46229285361906,False,0.0,0.48159606851911074,0.4815957600921652,0.0,False,153.98461923065582,-114.39959094093842,1.6924571461020003e-16,0.6565292116042722,0.33687483722636147,-0.18898743252363603,0.0,optimal,-0.5000000283103114,153.9219173179752,0.5186942258193934,17,vel_lower,-2.831031142846996e-08,0,u_lower,0,16,1.3922326316546683e-19,4.295732324572195e-19,6.938893903907228e-17,0.0,True,6.938893903907228e-17,far,far
18,pos_minus,-1.0,0.0,0.005,optimal,True,-0.5000013859611707,1.3576508592905157e-06,139.08645528383846,-14.835462034136725,False,0.0,0.5316647829290237,0.5316648970895357,0.0,False,153.92916593927228,14.84271065543382,1.6924571461020003e-16,0.6565292116042722,0.33687483722636147,-0.18898743252363603,0.0,optimal,-0.5000000283103114,153.9219173179752,0.5186942258193934,17,vel_lower,-2.831031142846996e-08,0,u_lower,0,16,1.3922326316546683e-19,4.295732324572195e-19,6.938893903907228e-17,0.0,True,6.938893903907228e-17,far,far
18,pos_minus,-1.0,0.0,0.015,optimal,True,-0.5000000986458835,7.033557203328655e-08,113.0204101650974,-40.901507152877784,False,0.0,0.5609316429653096,0.5609316530295685,0.0,False,153.9900653171223,40.969655152024885,1.6924571461020003e-16,0.6565292116042722,0.33687483722636147,-0.18898743252363603,0.0,optimal,-0.5000000283103114,153.9219173179752,0.5186942258193934,17,vel_lower,-2.831031142846996e-08,0,u_lower,0,16,1.3922326316546683e-19,4.295732324572195e-19,6.938893903907228e-17,0.0,True,6.938893903907228e-17,far,far
18,pos_minus,-1.0,0.0,0.03,optimal,True,-0.5000000468029526,1.849264119613281e-08,82.78569453452269,-71.1362227834525,False,0.0,0.6474744884724186,0.6474744930000726,0.0,False,154.84935793536576,72.06366340084307,1.6924571461020003e-16,0.6565292116042722,0.33687483722636147,-0.18898743252363603,0.0,optimal,-0.5000000283103114,153.9219173179752,0.5186942258193934,17,vel_lower,-2.831031142846996e-08,0,u_lower,0,16,1.3922326316546683e-19,4.295732324572195e-19,6.938893903907228e-17,0.0,True,6.938893903907228e-17,far,far
18,vel_plus,0.0,1.0,0.005,optimal,True,-0.49999794553976684,2.0827705445869427e-06,162.45869293368924,8.536775615714049,False,0.0,0.5951443995947697,0.5091217154649765,0.0,False,153.92795984913866,-8.530733084550576,1.6924571461020003e-16,0.6565292116042722,0.33687483722636147,-0.18898743252363603,0.0,optimal,-0.5000000283103114,153.9219173179752,0.5186942258193934,17,vel_lower,-2.831031142846996e-08,0,u_lower,0,16,1.3922326316546683e-19,4.295732324572195e-19,6.938893903907228e-17,0.0,True,6.938893903907228e-17,far,far
18,vel_plus,0.0,1.0,0.015,optimal,True,-0.4999998713362899,1.569740215034976e-07,181.62250093412268,27.700583616147497,False,0.0,0.6981251472933934,0.4821952496312759,0.0,False,153.97392331132545,-27.648577622797234,1.6924571461020003e-16,0.6565292116042722,0.33687483722636147,-0.18898743252363603,0.0,optimal,-0.5000000283103114,153.9219173179752,0.5186942258193934,17,vel_lower,-2.831031142846996e-08,0,u_lower,0,16,1.3922326316546683e-19,4.295732324572195e-19,6.938893903907228e-17,0.0,True,6.938893903907228e-17,far,far
18,vel_plus,0.0,1.0,0.03,optimal,True,-0.49999831292438673,1.7153859246943348e-06,215.62131949246645,61.69940217449127,False,0.0,0.6831249613689783,0.46221105753582936,0.0,False,154.02775542718436,-61.593564065282095,1.3926100443094917e-17,0.6565292116042722,0.33687483722636147,-0.18898743252363603,0.0,optimal,-0.5000000283103114,153.9219173179752,0.5186942258193934,17,vel_lower,-2.831031142846996e-08,0,u_lower,0,16,1.3922326316546683e-19,4.295732324572195e-19,6.938893903907228e-17,0.0,True,6.938893903907228e-17,far,far
18,vel_minus,0.0,-1.0,0.005,optimal,True,-0.5000023223519089,2.2940415974614936e-06,146.07361340112485,-7.848303916850341,False,0.0,0.4539253449755536,0.5389255362772465,0.0,False,153.93850501610854,7.864891614983691,1.3926100443094917e-17,0.6565292116042722,0.33687483722636147,-0.18898743252363603,0.0,optimal,-0.5000000283103114,153.9219173179752,0.5186942258193934,17,vel_lower,-2.831031142846996e-08,0,u_lower,0,16,1.3922326316546683e-19,4.295732324572195e-19,6.938893903907228e-17,0.0,True,6.938893903907228e-17,far,far
18,vel_minus,0.0,-1.0,0.015,optimal,True,-0.4999940879830791,5.940327232334397e-06,132.39833967841062,-21.523577639564564,False,0.0,0.3351418519407474,0.5826049310905157,0.0,False,154.1289001165026,21.73056043809197,1.3926100443094917e-17,0.6565292116042722,0.33687483722636147,-0.18898743252363603,0.0,optimal,-0.5000000283103114,153.9219173179752,0.5186942258193934,17,vel_lower,-2.831031142846996e-08,0,u_lower,0,16,1.3922326316546683e-19,4.295732324572195e-19,6.938893903907228e-17,0.0,True,6.938893903907228e-17,far,far
18,vel_minus,0.0,-1.0,0.03,optimal,True,-0.4999961293648909,3.898945420521827e-06,116.62832320528399,-37.293594112691196,False,0.0,0.21557417630098075,0.6703636983293237,0.0,False,155.6483882557839,39.02006505049992,1.3926100443094917e-17,0.6565292116042722,0.33687483722636147,-0.18898743252363603,0.0,optimal,-0.5000000283103114,153.9219173179752,0.5186942258193934,17,vel_lower,-2.831031142846996e-08,0,u_lower,0,16,1.3922326316546683e-19,4.295732324572195e-19,6.938893903907228e-17,0.0,True,6.938893903907228e-17,far,far
18,random_0,0.9909289106818766,-0.13438710494251077,0.005,optimal,True,-0.499999805821868,2.224884434465224e-07,168.61336916373264,14.691451845757456,False,0.0,0.5034647805039147,0.5148876620005158,0.0,False,153.92291580893922,-14.69045335479342,1.3926100443094917e-17,0.6565292116042722,0.33687483722636147,-0.18898743252363603,0.0,optimal,-0.5000000283103114,153.9219173179752,0.5186942258193934,17,vel_lower,-2.831031142846996e-08,0,u_lower,0,16,1.3922326316546683e-19,4.295732324572195e-19,6.938893903907228e-17,0.0,True,6.938893903907228e-17,far,far
18,random_0,0.9909289106818766,-0.13438710494251077,0.015,optimal,True,-0.49999840718453514,1.6211257762854814e-06,200.9606341976315,47.038716879656306,False,0.0,0.471425254808324,0.5072573923499619,0.0,False,153.93087340384787,-47.02976079378362,1.3926100443094917e-17,0.6565292116042722,0.33687483722636147,-0.18898743252363603,0.0,optimal,-0.5000000283103114,153.9219173179752,0.5186942258193934,17,vel_lower,-2.831031142846996e-08,0,u_lower,0,16,1.3922326316546683e-19,4.295732324572195e-19,6.938893903907228e-17,0.0,True,6.938893903907228e-17,far,far
18,random_0,0.9909289106818766,-0.13438710494251077,0.03,optimal,True,-0.4999996996763779,3.2863393351068027e-07,256.8912699502314,102.9693526322562,False,0.0,0.42029342828945815,0.492862428840374,0.0,False,153.95690842718557,-102.93436152304582,5.56913200135592e-19,0.6565292116042722,0.33687483722636147,-0.18898743252363603,0.0,optimal,-0.5000000283103114,153.9219173179752,0.5186942258193934,17,vel_lower,-2.831031142846996e-08,0,u_lower,0,16,1.3922326316546683e-19,4.295732324572195e-19,6.938893903907228e-17,0.0,True,6.938893903907228e-17,far,far
18,random_1,0.9085874070339034,-0.41769477346431794,0.005,optimal,True,-0.500007105460826,7.077150514622765e-06,164.7814414086957,10.859524090720527,False,0.0,0.4822028624364435,0.5177075086319027,0.0,False,153.92109679789905,-10.860344610796659,5.56913200135592e-19,0.6565292116042722,0.33687483722636147,-0.18898743252363603,0.0,optimal,-0.5000000283103114,153.9219173179752,0.5186942258193934,17,vel_lower,-2.831031142846996e-08,0,u_lower,0,16,1.3922326316546683e-19,4.295732324572195e-19,6.938893903907228e-17,0.0,True,6.938893903907228e-17,far,far
18,random_1,0.9085874070339034,-0.41769477346431794,0.015,optimal,True,-0.49999985918339973,1.6912691169768124e-07,188.02929648882053,34.10737917084535,False,0.0,0.40808138383021486,0.5157639956451829,0.0,False,153.92258579460517,-34.106710694215366,5.56913200135592e-19,0.6565292116042722,0.33687483722636147,-0.18898743252363603,0.0,optimal,-0.5000000283103114,153.9219173179752,0.5186942258193934,17,vel_lower,-2.831031142846996e-08,0,u_lower,0,16,1.3922326316546683e-19,4.295732324572195e-19,6.938893903907228e-17,0.0,True,6.938893903907228e-17,far,far
18,random_1,0.9085874070339034,-0.41769477346431794,0.03,optimal,True,-0.49999883351638813,1.194793923298132e-06,226.71237358294184,72.79045626496665,False,0.0,0.29354533495814705,0.512825112145523,0.0,False,153.92465300773753,-72.7877205752043,5.56913200135592e-19,0.6565292116042722,0.33687483722636147,-0.18898743252363603,0.0,optimal,-0.5000000283103114,153.9219173179752,0.5186942258193934,17,vel_lower,-2.831031142846996e-08,0,u_lower,0,16,1.3922326316546683e-19,4.295732324572195e-19,6.938893903907228e-17,0.0,True,6.938893903907228e-17,far,far
18,random_2,-0.42606089900253974,-0.9046944845311856,0.005,optimal,True,-0.5000007872775174,7.589672059715724e-07,140.6310292217811,-13.290888096194095,False,0.0,0.4661591903198774,0.5430583021371853,0.0,False,153.94561179693878,13.314582575157687,5.56913200135592e-19,0.6565292116042722,0.33687483722636147,-0.18898743252363603,0.0,optimal,-0.5000000283103114,153.9219173179752,0.5186942258193934,17,vel_lower,-2.831031142846996e-08,0,u_lower,0,16,1.3922326316546683e-19,4.295732324572195e-19,6.938893903907228e-17,0.0,True,6.938893903907228e-17,far,far
18,random_2,-0.42606089900253974,-0.9046944845311856,0.015,optimal,True,-0.5000000878827733,5.9572461852397396e-08,118.16486700415724,-35.75705031381794,False,0.0,0.3839240813893171,0.6038877448263531,0.0,False,154.2956790212895,36.13081201713224,5.56913200135592e-19,0.6565292116042722,0.33687483722636147,-0.18898743252363603,0.0,optimal,-0.5000000283103114,153.9219173179752,0.5186942258193934,17,vel_lower,-2.831031142846996e-08,0,u_lower,0,16,1.3922326316546683e-19,4.295732324572195e-19,6.938893903907228e-17,0.0,True,6.938893903907228e-17,far,far
18,random_2,-0.42606089900253974,-0.9046944845311856,0.03,optimal,True,-0.49999889490942745,1.1334008839791743e-06,93.9170460798948,-60.00487123808038,False,0.0,0.3700523828495871,0.7131250522645813,0.0,False,158.32997507338715,64.41292899349234,5.56913200135592e-19,0.6565292116042722,0.33687483722636147,-0.18898743252363603,0.0,optimal,-0.5000000283103114,153.9219173179752,0.5186942258193934,17,vel_lower,-2.831031142846996e-08,0,u_lower,0,16,1.3922326316546683e-19,4.295732324572195e-19,6.938893903907228e-17,0.0,True,6.938893903907228e-17,far,far
18,random_3,0.8847938231067735,0.46598271490700144,0.005,optimal,True,-0.4999992589213158,7.693889956250644e-07,172.28108244697106,18.35916512899587,False,0.0,0.5499051747402377,0.5102965624002069,0.0,False,153.92717502647054,-18.35390742050052,5.56913200135592e-19,0.6565292116042722,0.33687483722636147,-0.18898743252363603,0.0,optimal,-0.5000000283103114,153.9219173179752,0.5186942258193934,17,vel_lower,-2.831031142846996e-08,0,u_lower,0,16,1.3922326316546683e-19,4.295732324572195e-19,6.938893903907228e-17,0.0,True,6.938893903907228e-17,far,far
18,random_3,0.8847938231067735,0.46598271490700144,0.015,optimal,True,-0.4999988537031191,1.1746071923446344e-06,214.30548618352182,60.383568865546636,False,0.0,0.6114964297972798,0.4856809690795808,0.0,False,153.96854691251878,-60.33693927100305,5.56913200135592e-19,0.6565292116042722,0.33687483722636147,-0.18898743252363603,0.0,optimal,-0.5000000283103114,153.9219173179752,0.5186942258193934,17,vel_lower,-2.831031142846996e-08,0,u_lower,0,16,1.3922326316546683e-19,4.295732324572195e-19,6.938893903907228e-17,0.0,True,6.938893903907228e-17,far,far
18,random_3,0.8847938231067735,0.46598271490700144,0.03,optimal,True,-0.49999969755586954,3.307544418906794e-07,290.6293589987079,136.70744168073273,False,0.0,0.6991456444878619,0.4682666961377201,0.0,False,154.01103728011773,-136.61832171859018,5.56913200135592e-19,0.6565292116042722,0.33687483722636147,-0.18898743252363603,0.0,optimal,-0.5000000283103114,153.9219173179752,0.5186942258193934,17,vel_lower,-2.831031142846996e-08,0,u_lower,0,16,1.3922326316546683e-19,4.295732324572195e-19,6.938893903907228e-17,0.0,True,6.938893903907228e-17,far,far
19,pos_plus,1.0,0.0,0.005,optimal,True,-0.500001397288302,1.920037545843911e-06,421.4232458331352,19.719492377458096,True,1.0,-2.7008647983439715e-05,-2.690529306437206e-05,2.690529306437206e-05,False,401.7056432238237,-19.717602609311484,17.44132558814811,0.21997182704925988,-0.432243602246811,-1.773161661734522,0.0,optimal,-0.4999994772507561,401.7037534556771,-1.4607256346943487e-05,12,vel_lower,5.179355641593553e-07,9,u_lower,4,11,1.3922326316546683e-19,4.295732324572195e-19,5.56913200135592e-19,15.096640341095366,True,15.096640341095366,near,near
19,pos_plus,1.0,0.0,0.015,optimal,True,-0.499999987415118,5.101643618665719e-07,464.50113133830905,62.79737788263196,True,1.0,-1.3887848808513681e-05,-1.3894079239573642e-05,1.3894079239573642e-05,False,401.71943571759556,-62.78169562071349,22.095636973611796,0.21997182704925988,-0.432243602246811,-1.773161661734522,0.0,optimal,-0.4999994772507561,401.7037534556771,-1.4607256346943487e-05,12,vel_lower,5.179355641593553e-07,9,u_lower,4,11,1.3922326316546683e-19,4.295732324572195e-19,5.56913200135592e-19,15.096640341095366,True,15.096640341095366,near,near
19,pos_plus,1.0,0.0,0.03,optimal,True,-0.5000000842468769,6.069961208110541e-07,538.2231832005485,136.51942974487145,True,2.0,-1.1524826251330111e-05,-1.1522827829013593e-05,1.1522827829013593e-05,False,401.7323964365038,-136.49078676404474,29.108258943069902,0.21997182704925988,-0.432243602246811,-1.773161661734522,0.0,optimal,-0.4999994772507561,401.7037534556771,-1.4607256346943487e-05,12,vel_lower,5.179355641593553e-07,9,u_lower,4,11,1.3922326316546683e-19,4.295732324572195e-19,5.56913200135592e-19,15.096640341095366,True,15.096640341095366,near,near
19,pos_minus,-1.0,0.0,0.005,optimal,True,-0.49999991460447446,4.3735371835218473e-07,383.18962114953206,-18.51413230614503,False,0.0,-1.1703057411827089e-05,-1.1714664119422125e-05,1.1714664119422125e-05,False,401.7113074698309,18.52168632029884,12.796597187156767,0.21997182704925988,-0.432243602246811,-1.773161661734522,0.0,optimal,-0.4999994772507561,401.7037534556771,-1.4607256346943487e-05,12,vel_lower,5.179355641593553e-07,9,u_lower,4,11,1.3922326316546683e-19,4.295732324572195e-19,5.56913200135592e-19,15.096640341095366,True,15.096640341095366,near,near
19,pos_minus,-1.0,0.0,0.015,optimal,True,-0.5000005093628879,1.0321121317602433e-06,349.74713749554087,-51.95661596013622,True,1.0,-2.1441453301074276e-05,-2.1381669336184572e-05,2.1381669336184572e-05,False,401.8484388605032,52.10130136496235,9.032185063242927,0.21997182704925988,-0.432243602246811,-1.773161661734522,0.0,optimal,-0.4999994772507561,401.7037534556771,-1.4607256346943487e-05,12,vel_lower,5.179355641593553e-07,9,u_lower,4,11,1.3922326316546683e-19,4.295732324572195e-19,5.56913200135592e-19,15.096640341095366,True,15.096640341095366,near,near
19,pos_minus,-1.0,0.0,0.03,optimal,True,-0.4999984683697818,1.0088809743180605e-06,308.14429258390936,-93.55946087176773,True,4.0,0.019887808033787313,0.01988770254774097,0.0,False,403.97598346188465,95.83169087797529,6.119134009670909e-17,0.21997182704925988,-0.432243602246811,-1.773161661734522,0.0,optimal,-0.4999994772507561,401.7037534556771,-1.4607256346943487e-05,12,vel_lower,5.179355641593553e-07,9,u_lower,4,11,1.3922326316546683e-19,4.295732324572195e-19,5.56913200135592e-19,15.096640341095366,True,15.096640341095366,near,near
19,vel_plus,0.0,1.0,0.005,optimal,True,-0.500000595456134,1.1182053778480139e-06,408.4452846722268,6.741531216549731,True,1.0,-6.072890413877374e-06,-0.07810495094269321,0.07810495094269321,True,400.56840121108155,-7.876883461145269,11.886072746167088,0.21997182704925988,-0.432243602246811,-1.773161661734522,0.0,optimal,-0.4999994772507561,401.7037534556771,-1.4607256346943487e-05,12,vel_lower,5.179355641593553e-07,9,u_lower,4,11,1.3922326316546683e-19,4.295732324572195e-19,5.56913200135592e-19,15.096640341095366,True,15.096640341095366,near,near
19,vel_plus,0.0,1.0,0.015,optimal,True,-0.4999969239332335,2.5533175226355453e-06,425.1237946946406,23.420041238963506,True,4.0,0.035944211597241704,-0.20405604105250919,0.20405604105250919,True,400.5067230971997,-24.617071597440884,7.632783294297951e-17,0.21997182704925988,-0.432243602246811,-1.773161661734522,0.0,optimal,-0.4999994772507561,401.7037534556771,-1.4607256346943487e-05,12,vel_lower,5.179355641593553e-07,9,u_lower,4,11,1.3922326316546683e-19,4.295732324572195e-19,5.56913200135592e-19,15.096640341095366,True,15.096640341095366,near,near
19,vel_plus,0.0,1.0,0.03,optimal,True,-0.4999999079215262,4.306707701018375e-07,455.97274891451076,54.26899545883367,True,4.0,0.24775650223734058,-0.2513962377352821,0.2513962377352821,True,400.85951120041653,-55.113237714094225,7.632783294297951e-17,0.21997182704925988,-0.432243602246811,-1.773161661734522,0.0,optimal,-0.4999994772507561,401.7037534556771,-1.4607256346943487e-05,12,vel_lower,5.179355641593553e-07,9,u_lower,4,11,1.3922326316546683e-19,4.295732324572195e-19,5.56913200135592e-19,15.096640341095366,True,15.096640341095366,near,near
19,vel_minus,0.0,-1.0,0.005,optimal,True,-0.4999997006428286,2.2339207250698934e-07,395.8961651307952,-5.807588324881863,True,1.0,-1.702172403161839e-05,0.05499097510724382,0.0,False,403.8275622784222,7.931397147626967,18.989032718545612,0.21997182704925988,-0.432243602246811,-1.773161661734522,0.0,optimal,-0.4999994772507561,401.7037534556771,-1.4607256346943487e-05,12,vel_lower,5.179355641593553e-07,9,u_lower,4,11,1.3922326316546683e-19,4.295732324572195e-19,5.56913200135592e-19,15.096640341095366,True,15.096640341095366,near,near
19,vel_minus,0.0,-1.0,0.015,optimal,True,-0.49999939319979747,8.405095863750489e-08,386.5841957429948,-15.119557712682308,True,4.0,-1.88541100374362e-05,0.13498612791229536,0.0,False,411.1759250654415,24.591729322446724,26.9925756096338,0.21997182704925988,-0.432243602246811,-1.773161661734522,0.0,optimal,-0.4999994772507561,401.7037534556771,-1.4607256346943487e-05,12,vel_lower,5.179355641593553e-07,9,u_lower,4,11,1.3922326316546683e-19,4.295732324572195e-19,5.56913200135592e-19,15.096640341095366,True,15.096640341095366,near,near
19,vel_minus,0.0,-1.0,0.03,optimal,True,-0.4999997021432359,2.2489247980539417e-07,376.8552036129265,-24.84854984275057,True,6.0,-2.037916666486339e-05,0.21775660726479118,0.0,False,429.8217698455805,52.966566232653975,34.68229202665656,0.21997182704925988,-0.432243602246811,-1.773161661734522,0.0,optimal,-0.4999994772507561,401.7037534556771,-1.4607256346943487e-05,12,vel_lower,5.179355641593553e-07,9,u_lower,4,11,1.3922326316546683e-19,4.295732324572195e-19,5.56913200135592e-19,15.096640341095366,True,15.096640341095366,near,near
19,random_0,0.9909289106818766,-0.13438710494251077,0.005,optimal,True,-0.499999366499991,1.1075076511435356e-07,420.33758071796933,18.633827262292243,True,1.0,-1.1520565144307326e-05,0.008068366150465134,0.0,False,401.9220928500194,-18.415487867949935,19.234613854077576,0.21997182704925988,-0.432243602246811,-1.773161661734522,0.0,optimal,-0.4999994772507561,401.7037534556771,-1.4607256346943487e-05,12,vel_lower,5.179355641593553e-07,9,u_lower,4,11,1.3922326316546683e-19,4.295732324572195e-19,5.56913200135592e-19,15.096640341095366,True,15.096640341095366,near,near
19,random_0,0.9909289106818766,-0.13438710494251077,0.015,optimal,True,-0.4999997524366094,2.7518585327124256e-07,460.88834542467947,59.18459196900238,True,2.0,-2.062863017693317e-05,0.02216041663443058,0.0,False,402.4257874809749,-58.46255794370455,26.27990330076165,0.21997182704925988,-0.432243602246811,-1.773161661734522,0.0,optimal,-0.4999994772507561,401.7037534556771,-1.4607256346943487e-05,12,vel_lower,5.179355641593553e-07,9,u_lower,4,11,1.3922326316546683e-19,4.295732324572195e-19,5.56913200135592e-19,15.096640341095366,True,15.096640341095366,near,near
19,random_0,0.9909289106818766,-0.13438710494251077,0.03,optimal,True,-0.4999995736428328,9.63920767094173e-08,530.063664973951,128.35991151827386,True,3.0,-1.300337619247749e-05,0.044339023217719764,0.0,False,403.34782280925464,-126.71584216469631,32.53288256626672,0.21997182704925988,-0.432243602246811,-1.773161661734522,0.0,optimal,-0.4999994772507561,401.7037534556771,-1.4607256346943487e-05,12,vel_lower,5.179355641593553e-07,9,u_lower,4,11,1.3922326316546683e-19,4.295732324572195e-19,5.56913200135592e-19,15.096640341095366,True,15.096640341095366,near,near
19,random_1,0.9085874070339034,-0.41769477346431794,0.005,optimal,True,-0.5000003648915905,8.87640834390524e-07,416.855392200293,15.151638744615923,True,2.0,-1.114665348289634e-05,0.022981957577308698,0.0,False,402.44835505126787,-14.407037149025143,21.41669993629085,0.21997182704925988,-0.432243602246811,-1.773161661734522,0.0,optimal,-0.4999994772507561,401.7037534556771,-1.4607256346943487e-05,12,vel_lower,5.179355641593553e-07,9,u_lower,4,11,1.3922326316546683e-19,4.295732324572195e-19,5.56913200135592e-19,15.096640341095366,True,15.096640341095366,near,near
19,random_1,0.9085874070339034,-0.41769477346431794,0.015,optimal,True,-0.499999507464646,3.021388988999618e-08,449.7576574124696,48.05390395679251,True,2.0,-1.666151564161389e-05,0.06775689813659058,0.0,False,404.48865980636333,-45.26899760610627,29.077680308486205,0.21997182704925988,-0.432243602246811,-1.773161661734522,0.0,optimal,-0.4999994772507561,401.7037534556771,-1.4607256346943487e-05,12,vel_lower,5.179355641593553e-07,9,u_lower,4,11,1.3922326316546683e-19,4.295732324572195e-19,5.56913200135592e-19,15.096640341095366,True,15.096640341095366,near,near
19,random_1,0.9085874070339034,-0.41769477346431794,0.03,optimal,True,-0.4999996957142333,2.1846347719733927e-07,505.87199225670406,104.16823880102697,True,4.0,-1.5460213145912505e-05,0.117756677018924,0.0,False,408.89876878618304,-96.97322347052102,41.39775997398333,0.21997182704925988,-0.432243602246811,-1.773161661734522,0.0,optimal,-0.4999994772507561,401.7037534556771,-1.4607256346943487e-05,12,vel_lower,5.179355641593553e-07,9,u_lower,4,11,1.3922326316546683e-19,4.295732324572195e-19,5.56913200135592e-19,15.096640341095366,True,15.096640341095366,near,near
19,random_2,-0.42606089900253974,-0.9046944845311856,0.005,optimal,True,-0.5000007497000923,1.272449336231496e-06,388.5415539442978,-13.162199511379299,True,1.0,-4.764037960791612e-06,0.049764545236527624,0.0,False,403.5965304601082,15.054976515810438,17.48657322852171,0.21997182704925988,-0.432243602246811,-1.773161661734522,0.0,optimal,-0.4999994772507561,401.7037534556771,-1.4607256346943487e-05,12,vel_lower,5.179355641593553e-07,9,u_lower,4,11,1.3922326316546683e-19,4.295732324572195e-19,5.56913200135592e-19,15.096640341095366,True,15.096640341095366,near,near
19,random_2,-0.42606089900253974,-0.9046944845311856,0.015,optimal,True,-0.49999939397368337,8.327707273769747e-08,365.5107330719433,-36.19302038373377,True,3.0,-2.05988441537297e-05,0.12211730532762077,0.0,False,409.9012155441155,44.39048247217215,23.863720941392028,0.21997182704925988,-0.432243602246811,-1.773161661734522,0.0,optimal,-0.4999994772507561,401.7037534556771,-1.4607256346943487e-05,12,vel_lower,5.179355641593553e-07,9,u_lower,4,11,1.3922326316546683e-19,4.295732324572195e-19,5.56913200135592e-19,15.096640341095366,True,15.096640341095366,near,near
19,random_2,-0.42606089900253974,-0.9046944845311856,0.03,optimal,True,-0.4999993976364055,7.961435061210054e-08,337.54057396736033,-64.16317948831676,True,5.0,-1.9471399787640564e-05,0.21711710255619576,0.0,False,426.04607749357336,88.50550352621303,22.989805104816064,0.21997182704925988,-0.432243602246811,-1.773161661734522,0.0,optimal,-0.4999994772507561,401.7037534556771,-1.4607256346943487e-05,12,vel_lower,5.179355641593553e-07,9,u_lower,4,11,1.3922326316546683e-19,4.295732324572195e-19,5.56913200135592e-19,15.096640341095366,True,15.096640341095366,near,near
19,random_3,0.8847938231067735,0.46598271490700144,0.005,optimal,True,-0.5000006001124662,1.1228617100567106e-06,422.28208326759807,20.57832981192098,True,1.0,-9.144930467108736e-06,-0.03727738791762647,0.03727738791762647,True,401.05014739936746,-21.231935868230607,17.509754762071022,0.21997182704925988,-0.432243602246811,-1.773161661734522,0.0,optimal,-0.4999994772507561,401.7037534556771,-1.4607256346943487e-05,12,vel_lower,5.179355641593553e-07,9,u_lower,4,11,1.3922326316546683e-19,4.295732324572195e-19,5.56913200135592e-19,15.096640341095366,True,15.096640341095366,near,near
19,random_3,0.8847938231067735,0.46598271490700144,0.015,optimal,True,-0.5000016832579434,2.2060071872553877e-06,468.2927244873742,66.5889710316971,True,3.0,-2.4728462935108553e-06,-0.11181575732248472,0.11181575732248472,True,400.4069531687246,-67.88577131864957,15.049011922102942,0.21997182704925988,-0.432243602246811,-1.773161661734522,0.0,optimal,-0.4999994772507561,401.7037534556771,-1.4607256346943487e-05,12,vel_lower,5.179355641593553e-07,9,u_lower,4,11,1.3922326316546683e-19,4.295732324572195e-19,5.56913200135592e-19,15.096640341095366,True,15.096640341095366,near,near
19,random_3,0.8847938231067735,0.46598271490700144,0.03,optimal,True,-0.5000013304454589,1.8531947028055384e-06,550.4082169923371,148.70446353666,True,6.0,5.200686891582151e-06,-0.23764428503601565,0.23764428503601565,True,400.74074768692725,-149.66746930540984,6.232910835639547,0.21997182704925988,-0.432243602246811,-1.773161661734522,0.0,optimal,-0.4999994772507561,401.7037534556771,-1.4607256346943487e-05,12,vel_lower,5.179355641593553e-07,9,u_lower,4,11,1.3922326316546683e-19,4.295732324572195e-19,5.56913200135592e-19,15.096640341095366,True,15.096640341095366,near,near
20,pos_plus,1.0,0.0,0.005,optimal,True,-0.5000000000512217,5.294925971011111e-07,5.163289493143072,0.9547274705932436,False,0.0,0.7403179313070251,0.740317931306451,0.0,False,4.676487487147987,-0.4868020059950853,2.866048645254523e-17,0.5388894777295095,-0.034684552628240994,0.3000860898134685,0.0,optimal,-0.4999994705586246,4.208562022549828,0.78843511526345,5,vel_lower,5.040323335925301e-07,1,u_lower,0,2,2.866048645254523e-17,4.295732324572195e-19,5.56913200135592e-19,7.30942116521566e-18,True,2.866048645254523e-17,far,far
20,pos_plus,1.0,0.0,0.015,optimal,True,-0.4999999999534241,5.293947994977621e-07,8.015021255510094,3.8064592329602656,False,0.0,0.6356424028309492,0.6356424028294758,0.0,False,8.073931150995728,0.05890989548563397,2.866048645254523e-17,0.5388894777295095,-0.034684552628240994,0.3000860898134685,0.0,optimal,-0.4999994705586246,4.208562022549828,0.78843511526345,5,vel_lower,5.040323335925301e-07,1,u_lower,0,2,2.866048645254523e-17,4.295732324572195e-19,5.56913200135592e-19,7.30942116521566e-18,True,2.866048645254523e-17,far,far
20,pos_plus,1.0,0.0,0.03,optimal,True,-0.5000046829262587,5.212367634066517e-06,15.776500355794571,11.567938333244744,False,0.0,0.4674397829776844,0.46744007660475073,0.0,False,16.49487510630981,0.7183747505152382,2.866048645254523e-17,0.5388894777295095,-0.034684552628240994,0.3000860898134685,0.0,optimal,-0.4999994705586246,4.208562022549828,0.78843511526345,5,vel_lower,5.040323335925301e-07,1,u_lower,0,2,2.866048645254523e-17,4.295732324572195e-19,5.56913200135592e-19,7.30942116521566e-18,True,2.866048645254523e-17,far,far
20,pos_minus,-1.0,0.0,0.005,optimal,True,-0.49999999999547373,5.294368491393087e-07,3.5008977292474324,-0.707664293302396,False,0.0,0.8328661996717359,0.8328661996693862,0.0,False,4.707381312847415,1.206483583599983,2.866048645254523e-17,0.5388894777295095,-0.034684552628240994,0.3000860898134685,0.0,optimal,-0.4999994705586246,4.208562022549828,0.78843511526345,5,vel_lower,5.040323335925301e-07,1,u_lower,0,2,2.866048645254523e-17,4.295732324572195e-19,5.56913200135592e-19,7.30942116521566e-18,True,2.866048645254523e-17,far,far
20,pos_minus,-1.0,0.0,0.015,optimal,True,-0.3302890235603493,0.1697104469982753,2.688873720265254,-1.5196883022845742,False,0.0,0.9111578804201345,0.9111578804206599,0.0,False,8.854153116769298,6.165279396504044,2.866048645254523e-17,0.5388894777295095,-0.034684552628240994,0.3000860898134685,0.0,optimal,-0.4999994705586246,4.208562022549828,0.78843511526345,5,vel_lower,5.040323335925301e-07,1,u_lower,0,2,2.866048645254523e-17,4.295732324572195e-19,5.56913200135592e-19,7.30942116521566e-18,True,2.866048645254523e-17,far,far
20,pos_minus,-1.0,0.0,0.03,optimal,True,0.1127813043991192,0.6127807749577437,2.7607757510153283,-1.4477862715345,False,0.0,0.8018568887896191,0.8018568887889259,0.0,False,22.988108835043857,20.22733308402853,2.866048645254523e-17,0.5388894777295095,-0.034684552628240994,0.3000860898134685,0.0,optimal,-0.4999994705586246,4.208562022549828,0.78843511526345,5,vel_lower,5.040323335925301e-07,1,u_lower,0,2,2.866048645254523e-17,4.295732324572195e-19,5.56913200135592e-19,7.30942116521566e-18,True,2.866048645254523e-17,far,far
20,vel_plus,0.0,1.0,0.005,optimal,True,-0.5000000000027717,5.294441470793387e-07,4.239017433259093,0.03045541070926472,False,0.0,0.7901220768259896,0.7601220768288451,0.0,False,4.541313202490966,0.30229576923187285,2.866048645254523e-17,0.5388894777295095,-0.034684552628240994,0.3000860898134685,0.0,optimal,-0.4999994705586246,4.208562022549828,0.78843511526345,5,vel_lower,5.040323335925301e-07,1,u_lower,0,2,2.866048645254523e-17,4.295732324572195e-19,5.56913200135592e-19,7.30942116521566e-18,True,2.866048645254523e-17,far,far
20,vel_plus,0.0,1.0,0.015,optimal,True,-0.49999999999457667,5.294359520791048e-07,4.447516045559127,0.23895402300929902,False,0.0,0.797375240825986,0.6882348310267428,0.0,False,7.162387099177052,2.714871053617925,2.866048645254523e-17,0.5388894777295095,-0.034684552628240994,0.3000860898134685,0.0,optimal,-0.4999994705586246,4.208562022549828,0.78843511526345,5,vel_lower,5.040323335925301e-07,1,u_lower,0,2,2.866048645254523e-17,4.295732324572195e-19,5.56913200135592e-19,7.30942116521566e-18,True,2.866048645254523e-17,far,far
20,vel_plus,0.0,1.0,0.03,optimal,True,-0.5000000000707155,5.29512090952089e-07,5.260118099307379,1.0515560767575503,False,0.0,0.8216730022470949,0.4843627218537514,0.0,False,15.532956131893188,10.27283803258581,2.866048645254523e-17,0.5388894777295095,-0.034684552628240994,0.3000860898134685,0.0,optimal,-0.4999994705586246,4.208562022549828,0.78843511526345,5,vel_lower,5.040323335925301e-07,1,u_lower,0,2,2.866048645254523e-17,4.295732324572195e-19,5.56913200135592e-19,7.30942116521566e-18,True,2.866048645254523e-17,far,far
20,vel_minus,0.0,-1.0,0.005,optimal,True,-0.49999999999536787,5.294367432795433e-07,4.221259254627352,0.012697232077523601,False,0.0,0.7856003115238597,0.8106003115261939,0.0,False,4.541313202532777,0.32005394790542496,2.866048645254523e-17,0.5388894777295095,-0.034684552628240994,0.3000860898134685,0.0,optimal,-0.4999994705586246,4.208562022549828,0.78843511526345,5,vel_lower,5.040323335925301e-07,1,u_lower,0,2,2.866048645254523e-17,4.295732324572195e-19,5.56913200135592e-19,7.30942116521566e-18,True,2.866048645254523e-17,far,far
20,vel_minus,0.0,-1.0,0.015,optimal,True,-0.500000000000787,5.294421624446599e-07,4.370389392058708,0.16182736950887922,False,0.0,0.7822013545412212,0.8483999278548535,0.0,False,7.222378286917608,2.8519888948589003,2.866048645254523e-17,0.5388894777295095,-0.034684552628240994,0.3000860898134685,0.0,optimal,-0.4999994705586246,4.208562022549828,0.78843511526345,5,vel_lower,5.040323335925301e-07,1,u_lower,0,2,2.866048645254523e-17,4.295732324572195e-19,5.56913200135592e-19,7.30942116521566e-18,True,2.866048645254523e-17,far,far
20,vel_minus,0.0,-1.0,0.03,optimal,True,-0.48190247296020133,0.01809699759842326,4.874538548853018,0.66597652630319,False,0.0,0.7787879568197281,0.65624003348478,0.0,False,16.29495489208272,11.420416343229704,2.866048645254523e-17,0.5388894777295095,-0.034684552628240994,0.3000860898134685,0.0,optimal,-0.4999994705586246,4.208562022549828,0.78843511526345,5,vel_lower,5.040323335925301e-07,1,u_lower,0,2,2.866048645254523e-17,4.295732324572195e-19,5.56913200135592e-19,7.30942116521566e-18,True,2.866048645254523e-17,far,far
20,random_0,0.9909289106818766,-0.13438710494251077,0.005,optimal,True,-0.4999999999923881,5.294337634964563e-07,5.146022404989917,0.9374603824400882,False,0.0,0.7402666152852458,0.7442982284325782,0.0,False,4.573366867379158,-0.5726555376107587,2.866048645254523e-17,0.5388894777295095,-0.034684552628240994,0.3000860898134685,0.0,optimal,-0.4999994705586246,4.208562022549828,0.78843511526345,5,vel_lower,5.040323335925301e-07,1,u_lower,0,2,2.866048645254523e-17,4.295732324572195e-19,5.56913200135592e-19,7.30942116521566e-18,True,2.866048645254523e-17,far,far
20,random_0,0.9909289106818766,-0.13438710494251077,0.015,optimal,True,-0.4999999999654389,5.294068143313346e-07,7.875841042951404,3.6672790204015753,False,0.0,0.6354302302905136,0.6515566828825801,0.0,False,7.231970922499423,-0.6438701204519806,2.866048645254523e-17,0.5388894777295095,-0.034684552628240994,0.3000860898134685,0.0,optimal,-0.4999994705586246,4.208562022549828,0.78843511526345,5,vel_lower,5.040323335925301e-07,1,u_lower,0,2,2.866048645254523e-17,4.295732324572195e-19,5.56913200135592e-19,7.30942116521566e-18,True,2.866048645254523e-17,far,far
20,random_0,0.9909289106818766,-0.13438710494251077,0.03,optimal,True,-0.5000001185297793,6.47971154732474e-07,14.917990764635755,10.709428742085926,False,0.0,0.4643051530929996,0.5086529044842371,0.0,False,14.10870058219187,-0.8092901824438847,2.866048645254523e-17,0.5388894777295095,-0.034684552628240994,0.3000860898134685,0.0,optimal,-0.4999994705586246,4.208562022549828,0.78843511526345,5,vel_lower,5.040323335925301e-07,1,u_lower,0,2,2.866048645254523e-17,4.295732324572195e-19,5.56913200135592e-19,7.30942116521566e-18,True,2.866048645254523e-17,far,far
20,random_1,0.9085874070339034,-0.41769477346431794,0.005,optimal,True,-0.5000000000074716,5.294488469864689e-07,5.046750452820696,0.8381884302708675,False,0.0,0.7430787979756674,0.7556096411774396,0.0,False,4.366043376364757,-0.6807070764559393,2.866048645254523e-17,0.5388894777295095,-0.034684552628240994,0.3000860898134685,0.0,optimal,-0.4999994705586246,4.208562022549828,0.78843511526345,5,vel_lower,5.040323335925301e-07,1,u_lower,0,2,2.866048645254523e-17,4.295732324572195e-19,5.56913200135592e-19,7.30942116521566e-18,True,2.866048645254523e-17,far,far
20,random_1,0.9085874070339034,-0.41769477346431794,0.015,optimal,True,-0.4999999999731196,5.294144950207524e-07,7.336293220668151,3.1277311981183225,False,0.0,0.6470193407552763,0.6924051277169687,0.0,False,5.519518498801832,-1.8167747218663184,2.866048645254523e-17,0.5388894777295095,-0.034684552628240994,0.3000860898134685,0.0,optimal,-0.4999994705586246,4.208562022549828,0.78843511526345,5,vel_lower,5.040323335925301e-07,1,u_lower,0,2,2.866048645254523e-17,4.295732324572195e-19,5.56913200135592e-19,7.30942116521566e-18,True,2.866048645254523e-17,far,far
20,random_1,0.9085874070339034,-0.41769477346431794,0.03,optimal,True,-0.5000000000272207,5.294685960777201e-07,12.591460268764786,8.382898246214957,False,0.0,0.48861962047946783,0.6022995625531137,0.0,False,8.726300361128251,-3.865159907636535,2.866048645254523e-17,0.5388894777295095,-0.034684552628240994,0.3000860898134685,0.0,optimal,-0.4999994705586246,4.208562022549828,0.78843511526345,5,vel_lower,5.040323335925301e-07,1,u_lower,0,2,2.866048645254523e-17,4.295732324572195e-19,5.56913200135592e-19,7.30942116521566e-18,True,2.866048645254523e-17,far,far
20,random_2,-0.42606089900253974,-0.9046944845311856,0.005,optimal,True,-0.4999999999998985,5.294412739331733e-07,3.9025268340503128,-0.3060351884995156,False,0.0,0.8047673697195792,0.8271649055080654,0.0,False,4.873189296597,0.9706624625466875,2.866048645254523e-17,0.5388894777295095,-0.034684552628240994,0.3000860898134685,0.0,optimal,-0.4999994705586246,4.208562022549828,0.78843511526345,5,vel_lower,5.040323335925301e-07,1,u_lower,0,2,2.866048645254523e-17,4.295732324572195e-19,5.56913200135592e-19,7.30942116521566e-18,True,2.866048645254523e-17,far,far
20,random_2,-0.42606089900253974,-0.9046944845311856,0.015,optimal,True,-0.45274469401178963,0.047254776546834965,3.5597625130375845,-0.6487995095122439,False,0.0,0.8405461075558379,0.8283207456303155,0.0,False,10.273843919422367,6.714081406384782,2.866048645254523e-17,0.5388894777295095,-0.034684552628240994,0.3000860898134685,0.0,optimal,-0.4999994705586246,4.208562022549828,0.78843511526345,5,vel_lower,5.040323335925301e-07,1,u_lower,0,2,2.866048645254523e-17,4.295732324572195e-19,5.56913200135592e-19,7.30942116521566e-18,True,2.866048645254523e-17,far,far
20,random_2,-0.42606089900253974,-0.9046944845311856,0.03,optimal,True,-0.13213003650502636,0.36786943405359823,3.5838580806164115,-0.6247039419334168,False,0.0,0.892900977218766,0.5907086479205688,0.0,False,28.666872045833326,25.083013965216914,2.866048645254523e-17,0.5388894777295095,-0.034684552628240994,0.3000860898134685,0.0,optimal,-0.4999994705586246,4.208562022549828,0.78843511526345,5,vel_lower,5.040323335925301e-07,1,u_lower,0,2,2.866048645254523e-17,4.295732324572195e-19,5.56913200135592e-19,7.30942116521566e-18,True,2.866048645254523e-17,far,far
20,random_3,0.8847938231067735,0.46598271490700144,0.005,optimal,True,-0.4999999999884106,5.294297860114483e-07,5.06894392752319,0.8603819049733614,False,0.0,0.7472708062350129,0.7316576585586826,0.0,False,4.9589871492627555,-0.10995677826043426,2.866048645254523e-17,0.5388894777295095,-0.034684552628240994,0.3000860898134685,0.0,optimal,-0.4999994705586246,4.208562022549828,0.78843511526345,5,vel_lower,5.040323335925301e-07,1,u_lower,0,2,2.866048645254523e-17,4.295732324572195e-19,5.56913200135592e-19,7.30942116521566e-18,True,2.866048645254523e-17,far,far
20,random_3,0.8847938231067735,0.46598271490700144,0.015,optimal,True,-0.5000000000848421,5.295262175408766e-07,7.78538421325324,3.5768221907034112,False,0.0,0.6598083194640999,0.5969006529572642,0.0,False,10.398791293018716,2.6134070797654765,2.866048645254523e-17,0.5388894777295095,-0.034684552628240994,0.3000860898134685,0.0,optimal,-0.4999994705586246,4.208562022549828,0.78843511526345,5,vel_lower,5.040323335925301e-07,1,u_lower,0,2,2.866048645254523e-17,4.295732324572195e-19,5.56913200135592e-19,7.30942116521566e-18,True,2.866048645254523e-17,far,far
20,random_3,0.8847938231067735,0.46598271490700144,0.03,optimal,True,-0.500007582669579,8.112110954416885e-06,16.517249067257808,12.30868704470798,False,0.0,0.5394342685017445,0.35131414908594005,0.0,False,22.069992537966158,5.55274347070835,2.866048645254523e-17,0.5388894777295095,-0.034684552628240994,0.3000860898134685,0.0,optimal,-0.4999994705586246,4.208562022549828,0.78843511526345,5,vel_lower,5.040323335925301e-07,1,u_lower,0,2,2.866048645254523e-17,4.295732324572195e-19,5.56913200135592e-19,7.30942116521566e-18,True,2.866048645254523e-17,far,far
21,pos_plus,1.0,0.0,0.005,optimal,True,-0.5000036149246334,1.1967756230468751e-06,59.56175715999041,7.474541207327221,False,0.0,0.47505583333555834,0.47505611738478404,0.0,False,52.15334428854431,-7.408412871446096,2.866048645254523e-17,0.8479963437312819,0.16166198400070897,0.24646524302678063,0.0,optimal,-0.5000024181490104,52.087215952663186,0.5165029345250625,14,vel_lower,-2.418149010363635e-06,0,u_lower,0,12,2.866048645254523e-17,4.295732324572195e-19,1.0897578619188833e-18,2.679680952994926e-18,True,2.866048645254523e-17,far,far
21,pos_plus,1.0,0.0,0.015,optimal,True,-0.5000017506872867,6.674617236690494e-07,77.86418325681649,25.776967304153303,False,0.0,0.4163764628228367,0.41637660430354684,0.0,False,52.411013560816116,-25.453169696000373,2.866048645254523e-17,0.8479963437312819,0.16166198400070897,0.24646524302678063,0.0,optimal,-0.5000024181490104,52.087215952663186,0.5165029345250625,14,vel_lower,-2.418149010363635e-06,0,u_lower,0,12,2.866048645254523e-17,4.295732324572195e-19,1.0897578619188833e-18,2.679680952994926e-18,True,2.866048645254523e-17,far,far
21,pos_plus,1.0,0.0,0.03,optimal,True,-0.500004668803416,2.250654405622221e-06,114.12566480727938,62.03844885461619,False,0.0,0.36500134716808375,0.36500173147093806,0.0,False,52.717947076916744,-61.407717730362634,2.866048645254523e-17,0.8479963437312819,0.16166198400070897,0.24646524302678063,0.0,optimal,-0.5000024181490104,52.087215952663186,0.5165029345250625,14,vel_lower,-2.418149010363635e-06,0,u_lower,0,12,2.866048645254523e-17,4.295732324572195e-19,1.0897578619188833e-18,2.679680952994926e-18,True,2.866048645254523e-17,far,far
21,pos_minus,-1.0,0.0,0.005,optimal,True,-0.49999709628950595,5.321859504414661e-06,45.65265861300051,-6.434557339662675,False,0.0,0.5634288389661783,0.5634286299803101,0.0,False,52.20586847362066,6.55320986062015,2.866048645254523e-17,0.8479963437312819,0.16166198400070897,0.24646524302678063,0.0,optimal,-0.5000024181490104,52.087215952663186,0.5165029345250625,14,vel_lower,-2.418149010363635e-06,0,u_lower,0,12,2.866048645254523e-17,4.295732324572195e-19,1.0897578619188833e-18,2.679680952994926e-18,True,2.866048645254523e-17,far,far
21,pos_minus,-1.0,0.0,0.015,optimal,True,-0.49998711175243055,1.530639657981725e-05,35.54972440897343,-16.537491543689754,False,0.0,0.6653167407457653,0.665315932629121,0.0,False,53.72238727321237,18.172662864238937,2.866048645254523e-17,0.8479963437312819,0.16166198400070897,0.24646524302678063,0.0,optimal,-0.5000024181490104,52.087215952663186,0.5165029345250625,14,vel_lower,-2.418149010363635e-06,0,u_lower,0,12,2.866048645254523e-17,4.295732324572195e-19,1.0897578619188833e-18,2.679680952994926e-18,True,2.866048645254523e-17,far,far
21,pos_minus,-1.0,0.0,0.03,optimal,True,-0.5000000007527557,2.4173962546170102e-06,25.81319341686754,-26.274022535795645,False,0.0,0.811743423690851,0.8117434237238362,0.0,False,62.09155136165355,36.27835794478601,2.866048645254523e-17,0.8479963437312819,0.16166198400070897,0.24646524302678063,0.0,optimal,-0.5000024181490104,52.087215952663186,0.5165029345250625,14,vel_lower,-2.418149010363635e-06,0,u_lower,0,12,2.866048645254523e-17,4.295732324572195e-19,1.0897578619188833e-18,2.679680952994926e-18,True,2.866048645254523e-17,far,far
21,vel_plus,0.0,1.0,0.005,optimal,True,-0.5000114754458973,9.05729688693846e-06,55.07407653426622,2.9868605816030325,False,0.0,0.5448624790468151,0.4698633807506878,0.0,False,52.175182997311964,-2.8988935369542546,2.866048645254523e-17,0.8479963437312819,0.16166198400070897,0.24646524302678063,0.0,optimal,-0.5000024181490104,52.087215952663186,0.5165029345250625,14,vel_lower,-2.418149010363635e-06,0,u_lower,0,12,2.866048645254523e-17,4.295732324572195e-19,1.0897578619188833e-18,2.679680952994926e-18,True,2.866048645254523e-17,far,far
21,vel_plus,0.0,1.0,0.015,optimal,True,-0.500012981494387,1.056334537663517e-05,62.76233815450165,10.675122201838462,False,0.0,0.6360569026358991,0.39213776637601705,0.0,False,52.556794222745665,-10.205543931755983,2.866048645254523e-17,0.8479963437312819,0.16166198400070897,0.24646524302678063,0.0,optimal,-0.5000024181490104,52.087215952663186,0.5165029345250625,14,vel_lower,-2.418149010363635e-06,0,u_lower,0,12,2.866048645254523e-17,4.295732324572195e-19,1.0897578619188833e-18,2.679680952994926e-18,True,2.866048645254523e-17,far,far
21,vel_plus,0.0,1.0,0.03,optimal,True,-0.5000045985788732,2.180429862885802e-06,79.16380219399827,27.07658624133508,False,0.0,0.841657944001035,0.3242807911832637,0.0,False,52.95855809114706,-26.205244102851204,2.866048645254523e-17,0.8479963437312819,0.16166198400070897,0.24646524302678063,0.0,optimal,-0.5000024181490104,52.087215952663186,0.5165029345250625,14,vel_lower,-2.418149010363635e-06,0,u_lower,0,12,2.866048645254523e-17,4.295732324572195e-19,1.0897578619188833e-18,2.679680952994926e-18,True,2.866048645254523e-17,far,far
21,vel_minus,0.0,-1.0,0.005,optimal,True,-0.49999803045550073,4.387693509633195e-06,49.58528304953188,-2.501932903131305,False,0.0,0.49731082466404164,0.5634255701599148,0.0,False,52.22734399847627,2.6420609489443905,2.866048645254523e-17,0.8479963437312819,0.16166198400070897,0.24646524302678063,0.0,optimal,-0.5000024181490104,52.087215952663186,0.5165029345250625,14,vel_lower,-2.418149010363635e-06,0,u_lower,0,12,2.866048645254523e-17,4.295732324572195e-19,1.0897578619188833e-18,2.679680952994926e-18,True,2.866048645254523e-17,far,far
21,vel_minus,0.0,-1.0,0.015,optimal,True,-0.49998966209808776,1.2756050922602125e-05,45.757344993447795,-6.329870959215391,False,0.0,0.47234759113274394,0.6482527847261041,0.0,False,53.700394779332164,7.943049785884369,2.866048645254523e-17,0.8479963437312819,0.16166198400070897,0.24646524302678063,0.0,optimal,-0.5000024181490104,52.087215952663186,0.5165029345250625,14,vel_lower,-2.418149010363635e-06,0,u_lower,0,12,2.866048645254523e-17,4.295732324572195e-19,1.0897578619188833e-18,2.679680952994926e-18,True,2.866048645254523e-17,far,far
21,vel_minus,0.0,-1.0,0.03,optimal,True,-0.5000000053802243,2.41276878609753e-06,42.10391620465524,-9.983299748007944,False,0.0,0.4563247263324033,0.7462142097213876,0.0,False,60.24126294301495,18.13734673835971,2.866048645254523e-17,0.8479963437312819,0.16166198400070897,0.24646524302678063,0.0,optimal,-0.5000024181490104,52.087215952663186,0.5165029345250625,14,vel_lower,-2.418149010363635e-06,0,u_lower,0,12,2.866048645254523e-17,4.295732324572195e-19,1.0897578619188833e-18,2.679680952994926e-18,True,2.866048645254523e-17,far,far
21,random_0,0.9909289106818766,-0.13438710494251077,0.005,optimal,True,-0.5000084499275892,6.031778578829972e-06,59.039728539625145,6.952512586961959,False,0.0,0.4702052282978284,0.48028492513682775,0.0,False,52.13890903868537,-6.900819500939775,2.866048645254523e-17,0.8479963437312819,0.16166198400070897,0.24646524302678063,0.0,optimal,-0.5000024181490104,52.087215952663186,0.5165029345250625,14,vel_lower,-2.418149010363635e-06,0,u_lower,0,12,2.866048645254523e-17,4.295732324572195e-19,1.0897578619188833e-18,2.679680952994926e-18,True,2.866048645254523e-17,far,far
21,random_0,0.9909289106818766,-0.13438710494251077,0.015,optimal,True,-0.5000142642005102,1.184605149984197e-05,75.6896950738447,23.602479121181517,False,0.0,0.3969210284754715,0.429175086414222,0.0,False,52.346073338828006,-23.343621735016697,2.866048645254523e-17,0.8479963437312819,0.16166198400070897,0.24646524302678063,0.0,optimal,-0.5000024181490104,52.087215952663186,0.5165029345250625,14,vel_lower,-2.418149010363635e-06,0,u_lower,0,12,2.866048645254523e-17,4.295732324572195e-19,1.0897578619188833e-18,2.679680952994926e-18,True,2.866048645254523e-17,far,far
21,random_0,0.9909289106818766,-0.13438710494251077,0.03,optimal,True,-0.5000040230736084,1.604924597997659e-06,107.82897107185374,55.74175511919056,False,0.0,0.31491527995251967,0.3834530346241479,0.0,False,52.61631700321529,-55.21265406863845,2.866048645254523e-17,0.8479963437312819,0.16166198400070897,0.24646524302678063,0.0,optimal,-0.5000024181490104,52.087215952663186,0.5165029345250625,14,vel_lower,-2.418149010363635e-06,0,u_lower,0,12,2.866048645254523e-17,4.295732324572195e-19,1.0897578619188833e-18,2.679680952994926e-18,True,2.866048645254523e-17,far,far
21,random_1,0.9085874070339034,-0.41769477346431794,0.005,optimal,True,-0.4999902827243543,1.213542465605677e-05,57.494121339900715,5.406905387237529,False,0.0,0.466829292869298,0.4981556615658105,0.0,False,52.103332379759635,-5.39078896014108,2.866048645254523e-17,0.8479963437312819,0.16166198400070897,0.24646524302678063,0.0,optimal,-0.5000024181490104,52.087215952663186,0.5165029345250625,14,vel_lower,-2.418149010363635e-06,0,u_lower,0,12,2.866048645254523e-17,4.295732324572195e-19,1.0897578619188833e-18,2.679680952994926e-18,True,2.866048645254523e-17,far,far
21,random_1,0.9085874070339034,-0.41769477346431794,0.015,optimal,True,-0.5000049261854316,2.508036421211557e-06,69.75289069134699,17.665674738683805,False,0.0,0.3726479448265947,0.4666296559399784,0.0,False,52.17622684907759,-17.576663842269404,2.866048645254523e-17,0.8479963437312819,0.16166198400070897,0.24646524302678063,0.0,optimal,-0.5000024181490104,52.087215952663186,0.5165029345250625,14,vel_lower,-2.418149010363635e-06,0,u_lower,0,12,2.866048645254523e-17,4.295732324572195e-19,1.0897578619188833e-18,2.679680952994926e-18,True,2.866048645254523e-17,far,far
21,random_1,0.9085874070339034,-0.41769477346431794,0.03,optimal,True,-0.5000148348724762,1.241672346585787e-05,91.84316991359425,39.755953960931066,False,0.0,0.23412829369925414,0.43462298383317655,0.0,False,52.322369058211265,-39.52080085538299,2.866048645254523e-17,0.8479963437312819,0.16166198400070897,0.24646524302678063,0.0,optimal,-0.5000024181490104,52.087215952663186,0.5165029345250625,14,vel_lower,-2.418149010363635e-06,0,u_lower,0,12,2.866048645254523e-17,4.295732324572195e-19,1.0897578619188833e-18,2.679680952994926e-18,True,2.866048645254523e-17,far,far
21,random_2,-0.42606089900253974,-0.9046944845311856,0.005,optimal,True,-0.4999985882421947,3.829906815688844e-06,47.15940648387932,-4.927809468783863,False,0.0,0.5186792862021918,0.5774843260896791,0.0,False,52.32617427084579,5.166767786966467,2.866048645254523e-17,0.8479963437312819,0.16166198400070897,0.24646524302678063,0.0,optimal,-0.5000024181490104,52.087215952663186,0.5165029345250625,14,vel_lower,-2.418149010363635e-06,0,u_lower,0,12,2.866048645254523e-17,4.295732324572195e-19,1.0897578619188833e-18,2.679680952994926e-18,True,2.866048645254523e-17,far,far
21,random_2,-0.42606089900253974,-0.9046944845311856,0.015,optimal,True,-0.49999905319209637,3.364956913998185e-06,39.79370311804181,-12.293512834621374,False,0.0,0.5467107236592115,0.693588065434609,0.0,False,55.257437200493506,15.463734082451694,2.866048645254523e-17,0.8479963437312819,0.16166198400070897,0.24646524302678063,0.0,optimal,-0.5000024181490104,52.087215952663186,0.5165029345250625,14,vel_lower,-2.418149010363635e-06,0,u_lower,0,12,2.866048645254523e-17,4.295732324572195e-19,1.0897578619188833e-18,2.679680952994926e-18,True,2.866048645254523e-17,far,far
21,random_2,-0.42606089900253974,-0.9046944845311856,0.03,optimal,True,-0.5000056342676991,3.2161186886980886e-06,32.850896038301,-19.236319914362184,False,0.0,0.6034310214157604,0.8274631192362846,0.0,False,69.05303095982421,36.20213492152321,2.866048645254523e-17,0.8479963437312819,0.16166198400070897,0.24646524302678063,0.0,optimal,-0.5000024181490104,52.087215952663186,0.5165029345250625,14,vel_lower,-2.418149010363635e-06,0,u_lower,0,12,2.866048645254523e-17,4.295732324572195e-19,1.0897578619188833e-18,2.679680952994926e-18,True,2.866048645254523e-17,far,far
21,random_3,0.8847938231067735,0.46598271490700144,0.005,optimal,True,-0.5000134634963203,1.1045347309890374e-05,60.247162307345214,8.159946354682027,False,0.0,0.4965021915665935,0.46155454586709255,0.0,False,52.20301158639093,-8.044150720954285,2.866048645254523e-17,0.8479963437312819,0.16166198400070897,0.24646524302678063,0.0,optimal,-0.5000024181490104,52.087215952663186,0.5165029345250625,14,vel_lower,-2.418149010363635e-06,0,u_lower,0,12,2.866048645254523e-17,4.295732324572195e-19,1.0897578619188833e-18,2.679680952994926e-18,True,2.866048645254523e-17,far,far
21,random_3,0.8847938231067735,0.46598271490700144,0.015,optimal,True,-0.5000034683303389,1.0501813285657136e-06,81.39636848270621,29.309152530043022,False,0.0,0.4983986394108517,0.38335393933413586,0.0,False,52.6149083666398,-28.781460116066405,2.866048645254523e-17,0.8479963437312819,0.16166198400070897,0.24646524302678063,0.0,optimal,-0.5000024181490104,52.087215952663186,0.5165029345250625,14,vel_lower,-2.418149010363635e-06,0,u_lower,0,12,2.866048645254523e-17,4.295732324572195e-19,1.0897578619188833e-18,2.679680952994926e-18,True,2.866048645254523e-17,far,far
21,random_3,0.8847938231067735,0.46598271490700144,0.03,optimal,True,-0.5000074793782975,5.061229287117719e-06,126.04143633640847,73.95422038374528,False,0.0,0.5704457843398407,0.33116490089156525,0.0,False,52.93670971260583,-73.10472662380263,2.866048645254523e-17,0.8479963437312819,0.16166198400070897,0.24646524302678063,0.0,optimal,-0.5000024181490104,52.087215952663186,0.5165029345250625,14,vel_lower,-2.418149010363635e-06,0,u_lower,0,12,2.866048645254523e-17,4.295732324572195e-19,1.0897578619188833e-18,2.679680952994926e-18,True,2.866048645254523e-17,far,far
22,pos_plus,1.0,0.0,0.005,optimal,True,-0.5000008884951308,1.3899113355808623e-06,740.6166553324663,30.574453143987853,False,0.0,-1.14822443351148e-05,-1.1349186905373898e-05,1.1349186905373898e-05,False,710.0427787730569,-30.573876559409428,11.340344431841054,0.18946291438532326,-0.23525988232486533,-2.1582379609874787,0.0,optimal,-0.5000022784064664,710.0422021884784,-1.0710396875168726e-05,17,vel_lower,-2.2784064663827763e-06,0,u_lower,2,15,2.5911904038645303e-17,4.440892098500626e-16,1.0897578619188833e-18,10.156420052920385,True,10.156420052920385,near,near
22,pos_plus,1.0,0.0,0.015,optimal,True,-0.5000011205046689,1.1579017974439054e-06,805.413341384514,95.37113919603553,False,0.0,-1.4480581009390647e-05,-1.4312778741532028e-05,1.4312778741532028e-05,False,710.0438653460484,-95.36947603846556,13.71918620383055,0.18946291438532326,-0.23525988232486533,-2.1582379609874787,0.0,optimal,-0.5000022784064664,710.0422021884784,-1.0710396875168726e-05,17,vel_lower,-2.2784064663827763e-06,0,u_lower,2,15,2.5911904038645303e-17,4.440892098500626e-16,1.0897578619188833e-18,10.156420052920385,True,10.156420052920385,near,near
22,pos_plus,1.0,0.0,0.03,optimal,True,-0.5000010602800178,1.2181264485988663e-06,911.7301016826494,201.687899494171,False,0.0,-1.3702283950589589e-05,-1.3543500683832477e-05,1.3543500683832477e-05,False,710.0477118187162,-201.68238986393328,17.281807017306967,0.18946291438532326,-0.23525988232486533,-2.1582379609874787,0.0,optimal,-0.5000022784064664,710.0422021884784,-1.0710396875168726e-05,17,vel_lower,-2.2784064663827763e-06,0,u_lower,2,15,2.5911904038645303e-17,4.440892098500626e-16,1.0897578619188833e-18,10.156420052920385,True,10.156420052920385,near,near
22,pos_minus,-1.0,0.0,0.005,optimal,True,-0.49999857069754355,3.7077089228287896e-06,680.6853211378486,-29.356881050629795,False,0.0,-3.13620368854739e-05,-3.1594140547985816e-05,3.1594140547985816e-05,False,710.0432731098819,29.35795197203322,8.932677274138983,0.18946291438532326,-0.23525988232486533,-2.1582379609874787,0.0,optimal,-0.5000022784064664,710.0422021884784,-1.0710396875168726e-05,17,vel_lower,-2.2784064663827763e-06,0,u_lower,2,15,2.5911904038645303e-17,4.440892098500626e-16,1.0897578619188833e-18,10.156420052920385,True,10.156420052920385,near,near
22,pos_minus,-1.0,0.0,0.015,optimal,True,-0.4999986807181519,3.5976883144828165e-06,625.6182174408834,-84.423984747595,False,0.0,-2.8947945088120264e-05,-2.916218256565628e-05,2.916218256565628e-05,False,710.0443856058741,84.42616816499071,6.558562340525889,0.18946291438532326,-0.23525988232486533,-2.1582379609874787,0.0,optimal,-0.5000022784064664,710.0422021884784,-1.0710396875168726e-05,17,vel_lower,-2.2784064663827763e-06,0,u_lower,2,15,2.5911904038645303e-17,4.440892098500626e-16,1.0897578619188833e-18,10.156420052920385,True,10.156420052920385,near,near
22,pos_minus,-1.0,0.0,0.03,optimal,True,-0.500000977637607,1.3007688594024458e-06,552.1269954954354,-157.91520669304305,True,2.0,0.0017853423368269228,0.0017854349083658017,0.0,False,710.1005909476236,157.9735954521882,4.440892098500626e-16,0.18946291438532326,-0.23525988232486533,-2.1582379609874787,0.0,optimal,-0.5000022784064664,710.0422021884784,-1.0710396875168726e-05,17,vel_lower,-2.2784064663827763e-06,0,u_lower,2,15,2.5911904038645303e-17,4.440892098500626e-16,1.0897578619188833e-18,10.156420052920385,True,10.156420052920385,near,near
22,vel_plus,0.0,1.0,0.005,optimal,True,-0.5000192671709514,1.6988764484970886e-05,724.8261800340008,14.783977845522372,True,2.0,0.024101038737102898,-0.060897211868793155,0.060897211868793155,True,709.8540696682464,-14.97211036575436,4.440892098500626e-16,0.18946291438532326,-0.23525988232486533,-2.1582379609874787,0.0,optimal,-0.5000022784064664,710.0422021884784,-1.0710396875168726e-05,17,vel_lower,-2.2784064663827763e-06,0,u_lower,2,15,2.5911904038645303e-17,4.440892098500626e-16,1.0897578619188833e-18,10.156420052920385,True,10.156420052920385,near,near
22,vel_plus,0.0,1.0,0.015,optimal,True,-0.5000001599342879,2.118472178458397e-06,756.8829976958214,46.84079550734293,True,2.0,0.1769917972538262,-0.07800819446291585,0.07800819446291585,True,709.905050739634,-46.97794695618734,4.440892098500626e-16,0.18946291438532326,-0.23525988232486533,-2.1582379609874787,0.0,optimal,-0.5000022784064664,710.0422021884784,-1.0710396875168726e-05,17,vel_lower,-2.2784064663827763e-06,0,u_lower,2,15,2.5911904038645303e-17,4.440892098500626e-16,1.0897578619188833e-18,10.156420052920385,True,10.156420052920385,near,near
22,vel_plus,0.0,1.0,0.03,optimal,True,-0.5000011159662936,1.1624401727861056e-06,810.2079344559554,100.16573226747698,True,2.0,0.4247391610194067,-0.09814598194517687,0.09814598194517687,True,709.9628436821032,-100.24509077385221,4.440892098500626e-16,0.18946291438532326,-0.23525988232486533,-2.1582379609874787,0.0,optimal,-0.5000022784064664,710.0422021884784,-1.0710396875168726e-05,17,vel_lower,-2.2784064663827763e-06,0,u_lower,2,15,2.5911904038645303e-17,4.440892098500626e-16,1.0897578619188833e-18,10.156420052920385,True,10.156420052920385,near,near
22,vel_minus,0.0,-1.0,0.005,optimal,True,-0.4999991208979369,3.157508529472164e-06,696.6927047438942,-13.349497444584244,True,2.0,-2.4882518399937936e-05,0.06997498807949754,0.0,False,711.2418926271732,14.549187883279046,18.335924387374885,0.18946291438532326,-0.23525988232486533,-2.1582379609874787,0.0,optimal,-0.5000022784064664,710.0422021884784,-1.0710396875168726e-05,17,vel_lower,-2.2784064663827763e-06,0,u_lower,2,15,2.5911904038645303e-17,4.440892098500626e-16,1.0897578619188833e-18,10.156420052920385,True,10.156420052920385,near,near
22,vel_minus,0.0,-1.0,0.015,optimal,True,-0.49999925672881806,3.0216776483182883e-06,674.2479693621727,-35.79423282630569,True,4.0,-2.216647337416333e-05,0.17997773715768284,0.0,False,717.6008378367752,43.352868474602474,28.28670351950037,0.18946291438532326,-0.23525988232486533,-2.1582379609874787,0.0,optimal,-0.5000022784064664,710.0422021884784,-1.0710396875168726e-05,17,vel_lower,-2.2784064663827763e-06,0,u_lower,2,15,2.5911904038645303e-17,4.440892098500626e-16,1.0897578619188833e-18,10.156420052920385,True,10.156420052920385,near,near
22,vel_minus,0.0,-1.0,0.03,optimal,True,-0.5000003474822682,1.9309241982012892e-06,649.2197786044892,-60.822423583989234,True,7.0,-2.1787069851342267e-05,0.3000127000128464,0.0,False,737.3576541488151,88.13787554432588,38.52799625224084,0.18946291438532326,-0.23525988232486533,-2.1582379609874787,0.0,optimal,-0.5000022784064664,710.0422021884784,-1.0710396875168726e-05,17,vel_lower,-2.2784064663827763e-06,0,u_lower,2,15,2.5911904038645303e-17,4.440892098500626e-16,1.0897578619188833e-18,10.156420052920385,True,10.156420052920385,near,near
22,random_0,0.9909289106818766,-0.13438710494251077,0.005,optimal,True,-0.5000006771199473,1.6012865190484504e-06,738.351847267213,28.309645078734547,False,0.0,-1.658275546212451e-06,0.010749436256382916,0.0,False,710.128653535299,-28.223193731913966,13.8335387302111,0.18946291438532326,-0.23525988232486533,-2.1582379609874787,0.0,optimal,-0.5000022784064664,710.0422021884784,-1.0710396875168726e-05,17,vel_lower,-2.2784064663827763e-06,0,u_lower,2,15,2.5911904038645303e-17,4.440892098500626e-16,1.0897578619188833e-18,10.156420052920385,True,10.156420052920385,near,near
22,random_0,0.9909289106818766,-0.13438710494251077,0.015,optimal,True,-0.4999997867816501,2.491624816303162e-06,798.1277883123344,88.08558612385593,True,1.0,-1.5321209857921403e-05,0.030248558653410695,0.0,False,710.392578169529,-87.73521014280539,16.906776009933118,0.18946291438532326,-0.23525988232486533,-2.1582379609874787,0.0,optimal,-0.5000022784064664,710.0422021884784,-1.0710396875168726e-05,17,vel_lower,-2.2784064663827763e-06,0,u_lower,2,15,2.5911904038645303e-17,4.440892098500626e-16,1.0897578619188833e-18,10.156420052920385,True,10.156420052920385,near,near
22,random_0,0.9909289106818766,-0.13438710494251077,0.03,optimal,True,-0.49999874961503255,3.5287914338377746e-06,895.6107790402303,185.5685768517519,True,1.0,-2.0898135968838716e-05,0.06045310912758828,0.0,False,710.9162297634305,-184.69454927679988,25.47788094119458,0.18946291438532326,-0.23525988232486533,-2.1582379609874787,0.0,optimal,-0.5000022784064664,710.0422021884784,-1.0710396875168726e-05,17,vel_lower,-2.2784064663827763e-06,0,u_lower,2,15,2.5911904038645303e-17,4.440892098500626e-16,1.0897578619188833e-18,10.156420052920385,True,10.156420052920385,near,near
22,random_1,0.9085874070339034,-0.41769477346431794,0.005,optimal,True,-0.5000008848813917,1.3935250746666128e-06,731.7652457204467,21.7230435319683,True,1.0,-2.9547698425336222e-05,0.031352549826714426,0.0,False,710.4083388557201,-21.356906864726625,14.406094803499132,0.18946291438532326,-0.23525988232486533,-2.1582379609874787,0.0,optimal,-0.5000022784064664,710.0422021884784,-1.0710396875168726e-05,17,vel_lower,-2.2784064663827763e-06,0,u_lower,2,15,2.5911904038645303e-17,4.440892098500626e-16,1.0897578619188833e-18,10.156420052920385,True,10.156420052920385,near,near
22,random_1,0.9085874070339034,-0.41769477346431794,0.015,optimal,True,-0.49999895859523574,3.3198112306398464e-06,777.554611687798,67.51240949931957,True,2.0,-2.7838764350640588e-05,0.08768791037076551,0.0,False,711.772201608987,-65.78241007881104,21.986379281509837,0.18946291438532326,-0.23525988232486533,-2.1582379609874787,0.0,optimal,-0.5000022784064664,710.0422021884784,-1.0710396875168726e-05,17,vel_lower,-2.2784064663827763e-06,0,u_lower,2,15,2.5911904038645303e-17,4.440892098500626e-16,1.0897578619188833e-18,10.156420052920385,True,10.156420052920385,near,near
22,random_1,0.9085874070339034,-0.41769477346431794,0.03,optimal,True,-0.4999993386106355,2.939795830880776e-06,852.5259911209752,142.48378893249674,True,4.0,-2.0572983176592174e-05,0.16288096067892321,0.0,False,715.5144794324282,-137.011511688547,36.565794855454584,0.18946291438532326,-0.23525988232486533,-2.1582379609874787,0.0,optimal,-0.5000022784064664,710.0422021884784,-1.0710396875168726e-05,17,vel_lower,-2.2784064663827763e-06,0,u_lower,2,15,2.5911904038645303e-17,4.440892098500626e-16,1.0897578619188833e-18,10.156420052920385,True,10.156420052920385,near,near
22,random_2,-0.42606089900253974,-0.9046944845311856,0.005,optimal,True,-0.49999833897172663,3.9394347397525564e-06,685.4912701467546,-24.550932041723854,True,1.0,-8.954340436684305e-06,0.06474226916745929,0.0,False,711.0624317568602,25.571161610105605,17.458370449336456,0.18946291438532326,-0.23525988232486533,-2.1582379609874787,0.0,optimal,-0.5000022784064664,710.0422021884784,-1.0710396875168726e-05,17,vel_lower,-2.2784064663827763e-06,0,u_lower,2,15,2.5911904038645303e-17,4.440892098500626e-16,1.0897578619188833e-18,10.156420052920385,True,10.156420052920385,near,near
22,random_2,-0.42606089900253974,-0.9046944845311856,0.015,optimal,True,-0.4999993960424014,2.8823640649822124e-06,641.8475162319806,-68.19468595649778,True,3.0,-7.480815466864854e-06,0.1647408515848796,0.0,False,716.3016509337243,74.45413470174367,25.597243207328205,0.18946291438532326,-0.23525988232486533,-2.1582379609874787,0.0,optimal,-0.5000022784064664,710.0422021884784,-1.0710396875168726e-05,17,vel_lower,-2.2784064663827763e-06,0,u_lower,2,15,2.5911904038645303e-17,4.440892098500626e-16,1.0897578619188833e-18,10.156420052920385,True,10.156420052920385,near,near
22,random_2,-0.42606089900253974,-0.9046944845311856,0.03,optimal,True,-0.5000013579852255,9.204212408908674e-07,587.6000532243823,-122.44214896409608,True,7.0,-1.4150215731367766e-05,0.2714171846079031,0.0,False,732.5499975018572,144.94994427747486,32.85486565456502,0.18946291438532326,-0.23525988232486533,-2.1582379609874787,0.0,optimal,-0.5000022784064664,710.0422021884784,-1.0710396875168726e-05,17,vel_lower,-2.2784064663827763e-06,0,u_lower,2,15,2.5911904038645303e-17,4.440892098500626e-16,1.0897578619188833e-18,10.156420052920385,True,10.156420052920385,near,near
22,random_3,0.8847938231067735,0.46598271490700144,0.005,optimal,True,-0.49999849362407894,3.7847823874392894e-06,744.049922142312,34.00771995383354,True,1.0,-1.2371167759539503e-05,-0.03962113948321977,0.03962113948321977,True,709.8645013454285,-34.18542079688348,5.360384965526106,0.18946291438532326,-0.23525988232486533,-2.1582379609874787,0.0,optimal,-0.5000022784064664,710.0422021884784,-1.0710396875168726e-05,17,vel_lower,-2.2784064663827763e-06,0,u_lower,2,15,2.5911904038645303e-17,4.440892098500626e-16,1.0897578619188833e-18,10.156420052920385,True,10.156420052920385,near,near
22,random_3,0.8847938231067735,0.46598271490700144,0.015,optimal,True,-0.5000108934559772,8.615049510773964e-06,817.6593511436591,107.61714895518071,True,2.0,0.04122289546876512,-0.077601818340439,0.077601818340439,True,709.8971406603168,-107.7622104833423,4.440892098500626e-16,0.18946291438532326,-0.23525988232486533,-2.1582379609874787,0.0,optimal,-0.5000022784064664,710.0422021884784,-1.0710396875168726e-05,17,vel_lower,-2.2784064663827763e-06,0,u_lower,2,15,2.5911904038645303e-17,4.440892098500626e-16,1.0897578619188833e-18,10.156420052920385,True,10.156420052920385,near,near
22,random_3,0.8847938231067735,0.46598271490700144,0.03,optimal,True,-0.5000120051734751,9.726767008721993e-06,941.4066480689856,231.36444588050722,True,2.0,0.15238080408510646,-0.09212226701537629,0.09212226701537629,True,709.9438370367666,-231.46281103221907,3.9898639947466563e-16,0.18946291438532326,-0.23525988232486533,-2.1582379609874787,0.0,optimal,-0.5000022784064664,710.0422021884784,-1.0710396875168726e-05,17,vel_lower,-2.2784064663827763e-06,0,u_lower,2,15,2.5911904038645303e-17,4.440892098500626e-16,1.0897578619188833e-18,10.156420052920385,True,10.156420052920385,near,near
23,pos_plus,1.0,0.0,0.005,optimal,True,0.06125165894532032,0.14767201744792346,2.6645518531400176,0.2408544727431119,False,0.0,0.6636267732842475,0.663626773277967,0.0,False,2.947177397549904,0.2826255444098864,2.2500809195074902e-17,-0.20250435445644044,-0.34249839261656495,-0.4207682388666736,0.0,optimal,0.2089236763932438,2.4236973803969057,0.678393973288534,1,vel_lower,0.18403304531677822,3,u_upper,0,0,0.0,2.2500809195074902e-17,7.696931691723716e-18,2.2192258629789554e-18,False,2.2500809195074902e-17,far,far
23,pos_plus,1.0,0.0,0.015,optimal,True,-0.23412847443584506,0.4430521508290889,3.6548813895979757,1.23118400920107,False,0.0,0.6245047941834576,0.6245047941683552,0.0,False,7.1350161064455015,3.480134716847526,2.2500809195074902e-17,-0.20250435445644044,-0.34249839261656495,-0.4207682388666736,0.0,optimal,0.2089236763932438,2.4236973803969057,0.678393973288534,1,vel_lower,0.18403304531677822,3,u_upper,0,0,0.0,2.2500809195074902e-17,7.696931691723716e-18,2.2192258629789554e-18,False,2.2500809195074902e-17,far,far
23,pos_plus,1.0,0.0,0.03,optimal,True,-0.5000000031126326,0.7089236795058764,6.436297902355938,4.012600521959032,False,0.0,0.5085067244879116,0.5085067245209254,0.0,False,21.049603234961804,14.613305332605865,2.2500809195074902e-17,-0.20250435445644044,-0.34249839261656495,-0.4207682388666736,0.0,optimal,0.2089236763932438,2.4236973803969057,0.678393973288534,1,vel_lower,0.18403304531677822,3,u_upper,0,0,0.0,2.2500809195074902e-17,7.696931691723716e-18,2.2192258629789554e-18,False,2.2500809195074902e-17,far,far
23,pos_minus,-1.0,0.0,0.005,optimal,True,0.35663205136332166,0.14770837497007785,2.352383584072904,-0.07131379632400181,False,0.0,0.6931648124865889,0.6931648125197671,0.0,False,2.9471773822533605,0.5947937981804565,2.2500809195074902e-17,-0.20250435445644044,-0.34249839261656495,-0.4207682388666736,0.0,optimal,0.2089236763932438,2.4236973803969057,0.678393973288534,1,vel_lower,0.18403304531677822,3,u_upper,0,0,0.0,2.2500809195074902e-17,7.696931691723716e-18,2.2192258629789554e-18,False,2.2500809195074902e-17,far,far
23,pos_minus,-1.0,0.0,0.015,optimal,True,0.4999999710660107,0.29107629467276686,2.810299319778686,0.3866019393817801,False,0.0,0.7075016040564666,0.7075016044900362,0.0,False,6.558077803776031,3.7477784839973447,2.2500809195074902e-17,-0.20250435445644044,-0.34249839261656495,-0.4207682388666736,0.0,optimal,0.2089236763932438,2.4236973803969057,0.678393973288534,1,vel_lower,0.18403304531677822,3,u_upper,0,0,0.0,2.2500809195074902e-17,7.696931691723716e-18,2.2192258629789554e-18,False,2.2500809195074902e-17,far,far
23,pos_minus,-1.0,0.0,0.03,optimal,True,0.5000004286118565,0.2910767522186126,7.8041800338054115,5.380482653408506,False,0.0,0.66683814840517,0.6668381864592772,0.0,False,11.489767382048184,3.6855873482427723,2.2500809195074902e-17,-0.20250435445644044,-0.34249839261656495,-0.4207682388666736,0.0,optimal,0.2089236763932438,2.4236973803969057,0.678393973288534,1,vel_lower,0.18403304531677822,3,u_upper,0,0,0.0,2.2500809195074902e-17,7.696931691723716e-18,2.2192258629789554e-18,False,2.2500809195074902e-17,far,far
23,vel_plus,0.0,1.0,0.005,optimal,True,0.1603676575257042,0.0485560188675396,2.270335227106316,-0.15336215329058955,False,0.0,0.6785383732135135,0.6735383731360054,0.0,False,2.7612565043076702,0.49092127720135403,2.2500809195074902e-17,-0.20250435445644044,-0.34249839261656495,-0.4207682388666736,0.0,optimal,0.2089236763932438,2.4236973803969057,0.678393973288534,1,vel_lower,0.18403304531677822,3,u_upper,0,0,0.0,2.2500809195074902e-17,7.696931691723716e-18,2.2192258629789554e-18,False,2.2500809195074902e-17,far,far
23,vel_plus,0.0,1.0,0.015,optimal,True,0.06321325466895246,0.14571042172429133,2.064237143733134,-0.3594602366637716,False,0.0,0.678822932850143,0.6638229328503302,0.0,False,5.461727638990848,3.3974904952577134,2.2500809195074902e-17,-0.20250435445644044,-0.34249839261656495,-0.4207682388666736,0.0,optimal,0.2089236763932438,2.4236973803969057,0.678393973288534,1,vel_lower,0.18403304531677822,3,u_upper,0,0,0.0,2.2500809195074902e-17,7.696931691723716e-18,2.2192258629789554e-18,False,2.2500809195074902e-17,far,far
23,vel_plus,0.0,1.0,0.03,optimal,True,-0.0825151793453577,0.2914388557386015,2.0066565525846483,-0.4170408278122575,False,0.0,0.6792500894486169,0.5724673032357317,0.0,False,14.575817882750464,12.569161330165816,2.2500809195074902e-17,-0.20250435445644044,-0.34249839261656495,-0.4207682388666736,0.0,optimal,0.2089236763932438,2.4236973803969057,0.678393973288534,1,vel_lower,0.18403304531677822,3,u_upper,0,0,0.0,2.2500809195074902e-17,7.696931691723716e-18,2.2192258629789554e-18,False,2.2500809195074902e-17,far,far
23,vel_minus,0.0,-1.0,0.005,optimal,True,0.2575191109379642,0.0485954345447204,2.610602110620461,0.18690473022355514,False,0.0,0.6782535185276776,0.6832535184772315,0.0,False,2.7612564434131848,0.1506543327927239,2.2500809195074902e-17,-0.20250435445644044,-0.34249839261656495,-0.4207682388666736,0.0,optimal,0.2089236763932438,2.4236973803969057,0.678393973288534,1,vel_lower,0.18403304531677822,3,u_upper,0,0,0.0,2.2500809195074902e-17,7.696931691723716e-18,2.2192258629789554e-18,False,2.2500809195074902e-17,far,far
23,vel_minus,0.0,-1.0,0.015,optimal,True,0.35467090091570636,0.14574722452246255,3.0850378062970996,0.6613404259001938,False,0.0,0.6779686974988768,0.6929686974750057,0.0,False,5.461727623047216,2.3766898167501167,2.2500809195074902e-17,-0.20250435445644044,-0.34249839261656495,-0.4207682388666736,0.0,optimal,0.2089236763932438,2.4236973803969057,0.678393973288534,1,vel_lower,0.18403304531677822,3,u_upper,0,0,0.0,2.2500809195074902e-17,7.696931691723716e-18,2.2192258629789554e-18,False,2.2500809195074902e-17,far,far
23,vel_minus,0.0,-1.0,0.03,optimal,True,0.500000199991641,0.2910765235983972,4.276463260451043,1.852765880054137,False,0.0,0.6775016313838962,0.5921060822850343,0.0,False,12.374922014990318,8.098458754539276,2.2500809195074902e-17,-0.20250435445644044,-0.34249839261656495,-0.4207682388666736,0.0,optimal,0.2089236763932438,2.4236973803969057,0.678393973288534,1,vel_lower,0.18403304531677822,3,u_upper,0,0,0.0,2.2500809195074902e-17,7.696931691723716e-18,2.2192258629789554e-18,False,2.2500809195074902e-17,far,far
23,random_0,0.9909289106818766,-0.13438710494251077,0.005,optimal,True,0.06912087177346969,0.13980280461977412,2.6831767062574956,0.25947932586058986,False,0.0,0.6637417591346061,0.664413694560782,0.0,False,2.836749482752786,0.15357277649529033,2.2500809195074902e-17,-0.20250435445644044,-0.34249839261656495,-0.4207682388666736,0.0,optimal,0.2089236763932438,2.4236973803969057,0.678393973288534,1,vel_lower,0.18403304531677822,3,u_upper,0,0,0.0,2.2500809195074902e-17,7.696931691723716e-18,2.2192258629789554e-18,False,2.2500809195074902e-17,far,far
23,random_0,0.9909289106818766,-0.13438710494251077,0.015,optimal,True,-0.2105253238060263,0.4194490001992701,3.6938176154648907,1.270120235067985,False,0.0,0.6251245407161827,0.6291561538492509,0.0,False,6.141165339863596,2.447347724398705,2.2500809195074902e-17,-0.20250435445644044,-0.34249839261656495,-0.4207682388666736,0.0,optimal,0.2089236763932438,2.4236973803969057,0.678393973288534,1,vel_lower,0.18403304531677822,3,u_upper,0,0,0.0,2.2500809195074902e-17,7.696931691723716e-18,2.2192258629789554e-18,False,2.2500809195074902e-17,far,far
23,random_0,0.9909289106818766,-0.13438710494251077,0.03,optimal,True,-0.500000001366517,0.7089236777597608,6.452100635187918,4.028403254791012,False,0.0,0.5101017175663098,0.5279660639897841,0.0,False,17.13740323606574,10.685302600877822,2.2500809195074902e-17,-0.20250435445644044,-0.34249839261656495,-0.4207682388666736,0.0,optimal,0.2089236763932438,2.4236973803969057,0.678393973288534,1,vel_lower,0.18403304531677822,3,u_upper,0,0,0.0,2.2500809195074902e-17,7.696931691723716e-18,2.2192258629789554e-18,False,2.2500809195074902e-17,far,far
23,random_1,0.9085874070339034,-0.41769477346431794,0.005,optimal,True,0.09504303938096509,0.11388063701227871,2.7049383974466443,0.2812410170497386,False,0.0,0.6649174374541477,0.6670059113215315,0.0,False,2.6096035472963917,-0.09533485015025267,2.2500809195074902e-17,-0.20250435445644044,-0.34249839261656495,-0.4207682388666736,0.0,optimal,0.2089236763932438,2.4236973803969057,0.678393973288534,1,vel_lower,0.18403304531677822,3,u_upper,0,0,0.0,2.2500809195074902e-17,7.696931691723716e-18,2.2192258629789554e-18,False,2.2500809195074902e-17,far,far
23,random_1,0.9085874070339034,-0.41769477346431794,0.015,optimal,True,-0.13275627942949952,0.34167995582274335,3.6775855151068773,1.2538881347099715,False,0.0,0.6315176686752105,0.6440485118646688,0.0,False,4.096851341254285,0.41926582614740804,2.2500809195074902e-17,-0.20250435445644044,-0.34249839261656495,-0.4207682388666736,0.0,optimal,0.2089236763932438,2.4236973803969057,0.678393973288534,1,vel_lower,0.18403304531677822,3,u_upper,0,0,0.0,2.2500809195074902e-17,7.696931691723716e-18,2.2192258629789554e-18,False,2.2500809195074902e-17,far,far
23,random_1,0.9085874070339034,-0.41769477346431794,0.03,optimal,True,-0.4744537736121334,0.6833774500053772,6.161969811840585,3.7382724314436793,False,0.0,0.5288286363172308,0.5740861410199236,0.0,False,9.116312665001578,2.954342853160993,2.2500809195074902e-17,-0.20250435445644044,-0.34249839261656495,-0.4207682388666736,0.0,optimal,0.2089236763932438,2.4236973803969057,0.678393973288534,1,vel_lower,0.18403304531677822,3,u_upper,0,0,0.0,2.2500809195074902e-17,7.696931691723716e-18,2.2192258629789554e-18,False,2.2500809195074902e-17,far,far
23,random_2,-0.42606089900253974,-0.9046944845311856,0.005,optimal,True,0.31581389722478603,0.10689022083154223,2.54484653645247,0.12114915605556442,False,0.0,0.684559524679564,0.6890829971059136,0.0,False,3.1049208275384004,0.5600742910859302,2.2500809195074902e-17,-0.20250435445644044,-0.34249839261656495,-0.4207682388666736,0.0,optimal,0.2089236763932438,2.4236973803969057,0.678393973288534,1,vel_lower,0.18403304531677822,3,u_upper,0,0,0.0,2.2500809195074902e-17,7.696931691723716e-18,2.2192258629789554e-18,False,2.2500809195074902e-17,far,far
23,random_2,-0.42606089900253974,-0.9046944845311856,0.015,optimal,True,0.49999999126163996,0.29107631486839614,3.0084000669341626,0.5847026865372569,False,0.0,0.6939311892045341,0.707501606509599,0.0,False,8.296590195835238,5.288190128901075,2.2500809195074902e-17,-0.20250435445644044,-0.34249839261656495,-0.4207682388666736,0.0,optimal,0.2089236763932438,2.4236973803969057,0.678393973288534,1,vel_lower,0.18403304531677822,3,u_upper,0,0,0.0,2.2500809195074902e-17,7.696931691723716e-18,2.2192258629789554e-18,False,2.2500809195074902e-17,far,far
23,random_2,-0.42606089900253974,-0.9046944845311856,0.03,optimal,True,0.5000012280578876,0.2910775516646438,7.868316518858762,5.4446191384618565,False,0.0,0.6803609194957748,0.5329809216236983,0.0,False,13.340150184584848,5.471833665726086,2.2500809195074902e-17,-0.20250435445644044,-0.34249839261656495,-0.4207682388666736,0.0,optimal,0.2089236763932438,2.4236973803969057,0.678393973288534,1,vel_lower,0.18403304531677822,3,u_upper,0,0,0.0,2.2500809195074902e-17,7.696931691723716e-18,2.2192258629789554e-18,False,2.2500809195074902e-17,far,far
23,random_3,0.8847938231067735,0.46598271490700144,0.005,optimal,True,0.055633654121360725,0.15329002227188307,2.5574636894516236,0.13376630905471787,False,0.0,0.6653948865436672,0.6630649727955711,0.0,False,3.2383039289332287,0.6808402394816051,2.2500809195074902e-17,-0.20250435445644044,-0.34249839261656495,-0.4207682388666736,0.0,optimal,0.2089236763932438,2.4236973803969057,0.678393973288534,1,vel_lower,0.18403304531677822,3,u_upper,0,0,0.0,2.2500809195074902e-17,7.696931691723716e-18,2.2192258629789554e-18,False,2.2500809195074902e-17,far,far
23,random_3,0.8847938231067735,0.46598271490700144,0.015,optimal,True,-0.2509909842799998,0.4599146606732436,3.2746543085280893,0.8509569281311835,False,0.0,0.6341562494249887,0.618487970524727,0.0,False,9.755155570924357,6.480501262396268,2.2500809195074902e-17,-0.20250435445644044,-0.34249839261656495,-0.4207682388666736,0.0,optimal,0.2089236763932438,2.4236973803969057,0.678393973288534,1,vel_lower,0.18403304531677822,3,u_upper,0,0,0.0,2.2500809195074902e-17,7.696931691723716e-18,2.2192258629789554e-18,False,2.2500809195074902e-17,far,far
23,random_3,0.8847938231067735,0.46598271490700144,0.03,optimal,True,-0.49999999275890034,0.7089236691521441,5.512029614958129,3.088332234561223,False,0.0,0.5460131110779696,0.4703617091911363,0.0,False,31.38862262378301,25.876593008824884,2.2500809195074902e-17,-0.20250435445644044,-0.34249839261656495,-0.4207682388666736,0.0,optimal,0.2089236763932438,2.4236973803969057,0.678393973288534,1,vel_lower,0.18403304531677822,3,u_upper,0,0,0.0,2.2500809195074902e-17,7.696931691723716e-18,2.2192258629789554e-18,False,2.2500809195074902e-17,far,far
24,pos_plus,1.0,0.0,0.005,optimal,True,-0.5000052714531583,5.976960023246214e-06,1412.1306769861865,44.103619448681,False,0.0,1.0448288323527954e-05,1.1208624357439412e-05,0.0,False,1368.0255687157494,-44.105108270437086,34.21633662790301,1.1308898344581317,-0.3192726169615911,-2.031807388230296,0.0,optimal,-0.49999929449313507,1368.0270575375055,-8.02540081235037e-06,15,vel_lower,6.4398829707768e-07,11,u_lower,4,13,2.219225862978954e-18,1.539386338344732e-17,1.1096129314895332e-18,32.40076926047779,True,32.40076926047779,near,near
24,pos_plus,1.0,0.0,0.015,optimal,True,-0.500002421164819,3.1266716838951325e-06,1503.9912712782293,135.96421374072384,True,1.0,-8.724259107584231e-06,-8.40884450736823e-06,8.40884450736823e-06,False,1368.0265319272528,-135.96473935097652,37.84547702044877,1.1308898344581317,-0.3192726169615911,-2.031807388230296,0.0,optimal,-0.49999929449313507,1368.0270575375055,-8.02540081235037e-06,15,vel_lower,6.4398829707768e-07,11,u_lower,4,13,2.219225862978954e-18,1.539386338344732e-17,1.1096129314895332e-18,32.40076926047779,True,32.40076926047779,near,near
24,pos_plus,1.0,0.0,0.03,optimal,True,-0.49999601717317554,3.2773199595270697e-06,1650.9074715159084,282.8804139784029,True,1.0,-2.2588678224799708e-05,-2.315777159433985e-05,2.315777159433985e-05,False,1368.028618918635,-282.8788525972734,43.321505792479904,1.1308898344581317,-0.3192726169615911,-2.031807388230296,0.0,optimal,-0.49999929449313507,1368.0270575375055,-8.02540081235037e-06,15,vel_lower,6.4398829707768e-07,11,u_lower,4,13,2.219225862978954e-18,1.539386338344732e-17,1.1096129314895332e-18,32.40076926047779,True,32.40076926047779,near,near
24,pos_minus,-1.0,0.0,0.005,optimal,True,-0.4999976259303345,1.668562800594131e-06,1325.1380290480386,-42.88902848946691,False,0.0,-2.9149938154393595e-05,-2.950133332491056e-05,2.950133332491056e-05,False,1368.0273991699814,42.889370121942875,30.567884570594433,1.1308898344581317,-0.3192726169615911,-2.031807388230296,0.0,optimal,-0.49999929449313507,1368.0270575375055,-8.02540081235037e-06,15,vel_lower,6.4398829707768e-07,11,u_lower,4,13,2.219225862978954e-18,1.539386338344732e-17,1.1096129314895332e-18,32.40076926047779,True,32.40076926047779,near,near
24,pos_minus,-1.0,0.0,0.015,optimal,True,-0.49999869888993215,5.956032029241776e-07,1243.007814122806,-125.01924341469953,False,0.0,-9.286226406279852e-06,-9.473352057254303e-06,9.473352057254303e-06,False,1368.0284333991208,125.02061927631485,26.950660406724488,1.1308898344581317,-0.3192726169615911,-2.031807388230296,0.0,optimal,-0.49999929449313507,1368.0270575375055,-8.02540081235037e-06,15,vel_lower,6.4398829707768e-07,11,u_lower,4,13,2.219225862978954e-18,1.539386338344732e-17,1.1096129314895332e-18,32.40076926047779,True,32.40076926047779,near,near
24,pos_minus,-1.0,0.0,0.03,optimal,True,-0.5000014973668567,2.2028737216572836e-06,1128.9337872887552,-239.0932702487503,False,0.0,-1.4599052400532386e-05,-1.4402907225097294e-05,1.4402907225097294e-05,False,1368.031784066805,239.09799677804972,22.119495151069867,1.1308898344581317,-0.3192726169615911,-2.031807388230296,0.0,optimal,-0.49999929449313507,1368.0270575375055,-8.02540081235037e-06,15,vel_lower,6.4398829707768e-07,11,u_lower,4,13,2.219225862978954e-18,1.539386338344732e-17,1.1096129314895332e-18,32.40076926047779,True,32.40076926047779,near,near
24,vel_plus,0.0,1.0,0.005,optimal,True,-0.4999946948289322,4.599664202853404e-06,1388.0474143014246,20.020356763919153,True,2.0,-2.872517720664547e-05,-0.08502962710954964,0.08502962710954964,True,1365.3743195430602,-22.673094758364414,22.558500114528197,1.1308898344581317,-0.3192726169615911,-2.031807388230296,0.0,optimal,-0.49999929449313507,1368.0270575375055,-8.02540081235037e-06,15,vel_lower,6.4398829707768e-07,11,u_lower,4,13,2.219225862978954e-18,1.539386338344732e-17,1.1096129314895332e-18,32.40076926047779,True,32.40076926047779,near,near
24,vel_plus,0.0,1.0,0.015,optimal,True,-0.4999981593965125,1.135096622584264e-06,1434.4967767921187,66.46971925461321,True,4.0,0.08572902239592006,-0.17735916897144488,0.17735916897144488,True,1364.7123323814517,-69.78444441066699,2.857537382181692e-16,1.1308898344581317,-0.3192726169615911,-2.031807388230296,0.0,optimal,-0.49999929449313507,1368.0270575375055,-8.02540081235037e-06,15,vel_lower,6.4398829707768e-07,11,u_lower,4,13,2.219225862978954e-18,1.539386338344732e-17,1.1096129314895332e-18,32.40076926047779,True,32.40076926047779,near,near
24,vel_plus,0.0,1.0,0.03,optimal,True,-0.500002381478045,3.086984909916879e-06,1510.6464087940155,142.61935125651007,True,4.0,0.34072528389839274,-0.19085118073014518,0.19085118073014518,True,1364.741994673588,-145.90441412042765,2.857537382181692e-16,1.1308898344581317,-0.3192726169615911,-2.031807388230296,0.0,optimal,-0.49999929449313507,1368.0270575375055,-8.02540081235037e-06,15,vel_lower,6.4398829707768e-07,11,u_lower,4,13,2.219225862978954e-18,1.539386338344732e-17,1.1096129314895332e-18,32.40076926047779,True,32.40076926047779,near,near
24,vel_minus,0.0,-1.0,0.005,optimal,True,-0.4999992878061516,6.686983466952512e-09,1350.334752758078,-17.69230477942756,True,2.0,-2.0611941563775105e-05,0.06499475221601814,0.0,False,1372.8043675385306,22.46961478045273,43.223244933006654,1.1308898344581317,-0.3192726169615911,-2.031807388230296,0.0,optimal,-0.49999929449313507,1368.0270575375055,-8.02540081235037e-06,15,vel_lower,6.4398829707768e-07,11,u_lower,4,13,2.219225862978954e-18,1.539386338344732e-17,1.1096129314895332e-18,32.40076926047779,True,32.40076926047779,near,near
24,vel_minus,0.0,-1.0,0.015,optimal,True,-0.4999999118798874,6.173867523329157e-07,1321.1878786003867,-46.83917893711873,True,4.0,-1.0653482613420806e-05,0.16499478123201805,0.0,False,1388.8080873570416,67.62020875665485,57.97104391363408,1.1308898344581317,-0.3192726169615911,-2.031807388230296,0.0,optimal,-0.49999929449313507,1368.0270575375055,-8.02540081235037e-06,15,vel_lower,6.4398829707768e-07,11,u_lower,4,13,2.219225862978954e-18,1.539386338344732e-17,1.1096129314895332e-18,32.40076926047779,True,32.40076926047779,near,near
24,vel_minus,0.0,-1.0,0.03,optimal,True,-0.5000015334234941,2.238930358999802e-06,1289.4643528942272,-78.56270464327827,True,6.0,-1.2084319968685975e-05,0.2700164160400773,0.0,False,1427.2657640885834,137.8014111943562,73.53991939534117,1.1308898344581317,-0.3192726169615911,-2.031807388230296,0.0,optimal,-0.49999929449313507,1368.0270575375055,-8.02540081235037e-06,15,vel_lower,6.4398829707768e-07,11,u_lower,4,13,2.219225862978954e-18,1.539386338344732e-17,1.1096129314895332e-18,32.40076926047779,True,32.40076926047779,near,near
24,random_0,0.9909289106818766,-0.13438710494251077,0.005,optimal,True,-0.4999965210505356,2.773442599468545e-06,1409.1384867300924,41.11142919258691,False,0.0,-2.776534946491438e-05,0.009378821674481674,0.0,False,1368.543476081752,-40.59501064834035,36.36291032511863,1.1308898344581317,-0.3192726169615911,-2.031807388230296,0.0,optimal,-0.49999929449313507,1368.0270575375055,-8.02540081235037e-06,15,vel_lower,6.4398829707768e-07,11,u_lower,4,13,2.219225862978954e-18,1.539386338344732e-17,1.1096129314895332e-18,32.40076926047779,True,32.40076926047779,near,near
24,random_0,0.9909289106818766,-0.13438710494251077,0.015,optimal,True,-0.5000004335536525,1.139060517463264e-06,1494.519003584182,126.4919460466765,True,1.0,-1.2920160378016021e-05,0.028215361341125123,0.0,False,1369.6144577430623,-124.90454584111967,44.29043353539532,1.1308898344581317,-0.3192726169615911,-2.031807388230296,0.0,optimal,-0.49999929449313507,1368.0270575375055,-8.02540081235037e-06,15,vel_lower,6.4398829707768e-07,11,u_lower,4,13,2.219225862978954e-18,1.539386338344732e-17,1.1096129314895332e-18,32.40076926047779,True,32.40076926047779,near,near
24,random_0,0.9909289106818766,-0.13438710494251077,0.03,optimal,True,-0.5000000671099856,7.72616850497343e-07,1631.003524264067,262.9764667265615,True,2.0,-1.4069146601958238e-05,0.05242068194611904,0.0,False,1371.714495040452,-259.289029223615,52.79241320302888,1.1308898344581317,-0.3192726169615911,-2.031807388230296,0.0,optimal,-0.49999929449313507,1368.0270575375055,-8.02540081235037e-06,15,vel_lower,6.4398829707768e-07,11,u_lower,4,13,2.219225862978954e-18,1.539386338344732e-17,1.1096129314895332e-18,32.40076926047779,True,32.40076926047779,near,near
24,random_1,0.9085874070339034,-0.41769477346431794,0.005,optimal,True,-0.49999831215865453,9.823344805370837e-07,1400.0779427409163,32.05088520341087,False,0.0,-1.5181833643351794e-05,0.029231711070734856,0.0,False,1369.6742238771114,-30.403718863804897,40.77729939844467,1.1308898344581317,-0.3192726169615911,-2.031807388230296,0.0,optimal,-0.49999929449313507,1368.0270575375055,-8.02540081235037e-06,15,vel_lower,6.4398829707768e-07,11,u_lower,4,13,2.219225862978954e-18,1.539386338344732e-17,1.1096129314895332e-18,32.40076926047779,True,32.40076926047779,near,near
24,random_1,0.9085874070339034,-0.41769477346431794,0.015,optimal,True,-0.49999837707561123,9.174175238380045e-07,1467.3259952704445,99.29893773293907,True,2.0,-1.5770807468395986e-05,0.08072931984709841,0.0,False,1374.2687317834757,-93.05726348696885,52.65016764763108,1.1308898344581317,-0.3192726169615911,-2.031807388230296,0.0,optimal,-0.49999929449313507,1368.0270575375055,-8.02540081235037e-06,15,vel_lower,6.4398829707768e-07,11,u_lower,4,13,2.219225862978954e-18,1.539386338344732e-17,1.1096129314895332e-18,32.40076926047779,True,32.40076926047779,near,near
24,random_1,0.9085874070339034,-0.41769477346431794,0.03,optimal,True,-0.5000022891535587,2.9946604236386065e-06,1575.9390190352478,207.91196149774237,True,4.0,-2.0294847588253617e-05,0.13785974993916084,0.0,False,1383.9647653121228,-191.974253723125,69.36752013366491,1.1308898344581317,-0.3192726169615911,-2.031807388230296,0.0,optimal,-0.49999929449313507,1368.0270575375055,-8.02540081235037e-06,15,vel_lower,6.4398829707768e-07,11,u_lower,4,13,2.219225862978954e-18,1.539386338344732e-17,1.1096129314895332e-18,32.40076926047779,True,32.40076926047779,near,near
24,random_2,-0.42606089900253974,-0.9046944845311856,0.005,optimal,True,-0.4999985951015686,6.993915664943451e-07,1333.727739399348,-34.29931813815756,True,1.0,-1.2256897662155097e-05,0.05880141686830942,0.0,False,1372.2649530527776,38.53721365342972,40.907944169394874,1.1308898344581317,-0.3192726169615911,-2.031807388230296,0.0,optimal,-0.49999929449313507,1368.0270575375055,-8.02540081235037e-06,15,vel_lower,6.4398829707768e-07,11,u_lower,4,13,2.219225862978954e-18,1.539386338344732e-17,1.1096129314895332e-18,32.40076926047779,True,32.40076926047779,near,near
24,random_2,-0.42606089900253974,-0.9046944845311856,0.015,optimal,True,-0.4999990131259319,2.813672031476422e-07,1271.9762929944727,-96.05076454303276,True,4.0,-1.8690254352637936e-05,0.1492790308096673,0.0,False,1385.9831090239902,114.0068160295175,53.26647946283659,1.1308898344581317,-0.3192726169615911,-2.031807388230296,0.0,optimal,-0.49999929449313507,1368.0270575375055,-8.02540081235037e-06,15,vel_lower,6.4398829707768e-07,11,u_lower,4,13,2.219225862978954e-18,1.539386338344732e-17,1.1096129314895332e-18,32.40076926047779,True,32.40076926047779,near,near
24,random_2,-0.42606089900253974,-0.9046944845311856,0.03,optimal,True,-0.5000000310700257,7.365768905920334e-07,1192.9603536733318,-175.06670386417363,True,6.0,-2.9643407098545183e-05,0.24427572934551867,0.0,False,1418.5634917342588,225.603138060927,66.94117515517677,1.1308898344581317,-0.3192726169615911,-2.031807388230296,0.0,optimal,-0.49999929449313507,1368.0270575375055,-8.02540081235037e-06,15,vel_lower,6.4398829707768e-07,11,u_lower,4,13,2.219225862978954e-18,1.539386338344732e-17,1.1096129314895332e-18,32.40076926047779,True,32.40076926047779,near,near
24,random_3,0.8847938231067735,0.46598271490700144,0.005,optimal,True,-0.4999972106307735,2.0838623615571095e-06,1416.2694992697443,48.24244173223883,True,1.0,-1.4772130938478512e-05,-0.03960953778273746,0.03960953778273746,True,1366.5273787739623,-49.742120495782046,29.897875235682914,1.1308898344581317,-0.3192726169615911,-2.031807388230296,0.0,optimal,-0.49999929449313507,1368.0270575375055,-8.02540081235037e-06,15,vel_lower,6.4398829707768e-07,11,u_lower,4,13,2.219225862978954e-18,1.539386338344732e-17,1.1096129314895332e-18,32.40076926047779,True,32.40076926047779,near,near
24,random_3,0.8847938231067735,0.46598271490700144,0.015,optimal,True,-0.5000020885300063,2.7940368712009445e-06,1518.9255075613162,150.8984500238107,True,2.0,-2.0037763417413146e-06,-0.12204319706175304,0.12204319706175304,True,1364.9121931246282,-154.013314436688,18.272369487016803,1.1308898344581317,-0.3192726169615911,-2.031807388230296,0.0,optimal,-0.49999929449313507,1368.0270575375055,-8.02540081235037e-06,15,vel_lower,6.4398829707768e-07,11,u_lower,4,13,2.219225862978954e-18,1.539386338344732e-17,1.1096129314895332e-18,32.40076926047779,True,32.40076926047779,near,near
24,random_3,0.8847938231067735,0.46598271490700144,0.03,optimal,True,-0.4999957453314638,3.5491616712790552e-06,1688.3838456555452,320.35678811803973,True,4.0,0.06681560168644873,-0.18481541955982173,0.18481541955982173,True,1364.727826431619,-323.65601922392625,1.4258850298796519e-16,1.1308898344581317,-0.3192726169615911,-2.031807388230296,0.0,optimal,-0.49999929449313507,1368.0270575375055,-8.02540081235037e-06,15,vel_lower,6.4398829707768e-07,11,u_lower,4,13,2.219225862978954e-18,1.539386338344732e-17,1.1096129314895332e-18,32.40076926047779,True,32.40076926047779,near,near
25,pos_plus,1.0,0.0,0.005,optimal,True,0.5000018909221853,2.033445720084348e-06,362.61932071176307,-23.96680781051151,False,0.0,0.41423171885678767,0.4142318759768684,0.0,False,386.58742884098837,23.9681081292253,9.895437363626244e-17,-0.6995715455296111,-0.24768749067997964,0.7448159677437172,0.0,optimal,0.4999998574764652,386.5861285222746,0.40758111950113696,18,vel_upper,-6.3178922093953815e-09,15,u_upper,0,16,0.0,4.4349576813517116e-17,1.1102230246251565e-16,8.653675113326507e-17,True,1.1102230246251565e-16,far,mid
25,pos_plus,1.0,0.0,0.015,optimal,True,0.5000002222568769,3.6478041171017495e-07,318.326257565103,-68.25987095717159,False,0.0,0.4242252273235836,0.42422525424796276,0.0,False,386.60154848066134,68.27529091555834,4.4349576813517116e-17,-0.6995715455296111,-0.24768749067997964,0.7448159677437172,0.0,optimal,0.4999998574764652,386.5861285222746,0.40758111950113696,18,vel_upper,-6.3178922093953815e-09,15,u_upper,0,16,0.0,4.4349576813517116e-17,1.1102230246251565e-16,8.653675113326507e-17,True,1.1102230246251565e-16,far,mid
25,pos_plus,1.0,0.0,0.03,optimal,True,0.5000078591444573,8.001667992141304e-06,260.9711533659516,-125.614975156323,False,0.0,0.4526856162030052,0.4526862636426824,0.0,False,386.73347307069173,125.76231970474015,4.4349576813517116e-17,-0.6995715455296111,-0.24768749067997964,0.7448159677437172,0.0,optimal,0.4999998574764652,386.5861285222746,0.40758111950113696,18,vel_upper,-6.3178922093953815e-09,15,u_upper,0,16,0.0,4.4349576813517116e-17,1.1102230246251565e-16,8.653675113326507e-17,True,1.1102230246251565e-16,far,mid
25,pos_minus,-1.0,0.0,0.005,optimal,True,0.49999894176388826,9.157125769321262e-07,411.7657230764811,25.179594554206517,False,0.0,0.40072690667160993,0.40072681865227344,0.0,False,386.588032649843,-25.177690426638094,4.4349576813517116e-17,-0.6995715455296111,-0.24768749067997964,0.7448159677437172,0.0,optimal,0.4999998574764652,386.5861285222746,0.40758111950113696,18,vel_upper,-6.3178922093953815e-09,15,u_upper,0,16,0.0,4.4349576813517116e-17,1.1102230246251565e-16,8.653675113326507e-17,True,1.1102230246251565e-16,far,mid
25,pos_minus,-1.0,0.0,0.015,optimal,True,0.49999997544349106,1.1796702586996943e-07,465.76402434142716,79.17789581915258,False,0.0,0.39072005515663744,0.3907200505233883,0.0,False,386.5958018248826,-79.16822251654457,4.4349576813517116e-17,-0.6995715455296111,-0.24768749067997964,0.7448159677437172,0.0,optimal,0.4999998574764652,386.5861285222746,0.40758111950113696,18,vel_upper,-6.3178922093953815e-09,15,u_upper,0,16,0.0,4.4349576813517116e-17,1.1102230246251565e-16,8.653675113326507e-17,True,1.1102230246251565e-16,far,mid
25,pos_minus,-1.0,0.0,0.03,optimal,True,0.4999987518394069,1.1056370582962494e-06,555.8798856686834,169.29375714640884,False,0.0,0.3859777519832013,0.3859776477616187,0.0,False,386.59988912862457,-169.27999654005885,4.4349576813517116e-17,-0.6995715455296111,-0.24768749067997964,0.7448159677437172,0.0,optimal,0.4999998574764652,386.5861285222746,0.40758111950113696,18,vel_upper,-6.3178922093953815e-09,15,u_upper,0,16,0.0,4.4349576813517116e-17,1.1102230246251565e-16,8.653675113326507e-17,True,1.1102230246251565e-16,far,mid
25,vel_plus,0.0,1.0,0.005,optimal,True,0.5000026315595502,2.7740830849665166e-06,373.67517299008574,-12.910955532188837,False,0.0,0.3310273690851613,0.4177732709557167,0.0,False,386.5913285845484,12.91615559446268,4.4349576813517116e-17,-0.6995715455296111,-0.24768749067997964,0.7448159677437172,0.0,optimal,0.4999998574764652,386.5861285222746,0.40758111950113696,18,vel_upper,-6.3178922093953815e-09,15,u_upper,0,16,0.0,4.4349576813517116e-17,1.1102230246251565e-16,8.653675113326507e-17,True,1.1102230246251565e-16,far,mid
25,vel_plus,0.0,1.0,0.015,optimal,True,0.500000139099825,2.8162335979908804e-07,349.94657593093945,-36.63955259133513,False,0.0,0.17794885895483348,0.43485875446005995,0.0,False,386.63802484117724,36.691448910237796,4.4349576813517116e-17,-0.6995715455296111,-0.24768749067997964,0.7448159677437172,0.0,optimal,0.4999998574764652,386.5861285222746,0.40758111950113696,18,vel_upper,-6.3178922093953815e-09,15,u_upper,0,16,0.0,4.4349576813517116e-17,1.1102230246251565e-16,8.653675113326507e-17,True,1.1102230246251565e-16,far,mid
25,vel_plus,0.0,1.0,0.03,optimal,True,0.4999994847890849,3.726873802900599e-07,319.5069657300285,-67.07916279224605,True,2.0,-5.108216583948888e-06,0.4894713720452367,0.0,False,387.206495236927,67.6995295068985,0.9597602878523522,-0.6995715455296111,-0.24768749067997964,0.7448159677437172,0.0,optimal,0.4999998574764652,386.5861285222746,0.40758111950113696,18,vel_upper,-6.3178922093953815e-09,15,u_upper,0,16,0.0,4.4349576813517116e-17,1.1102230246251565e-16,8.653675113326507e-17,True,1.1102230246251565e-16,far,mid
25,vel_minus,0.0,-1.0,0.005,optimal,True,0.49998337412818455,1.6483348280638133e-05,400.19797265314423,13.611844130869656,False,0.0,0.4841004968012861,0.3940991139877067,0.0,False,386.59527133079496,-13.602701322349276,4.4349576813517116e-17,-0.6995715455296111,-0.24768749067997964,0.7448159677437172,0.0,optimal,0.4999998574764652,386.5861285222746,0.40758111950113696,18,vel_upper,-6.3178922093953815e-09,15,u_upper,0,16,0.0,4.4349576813517116e-17,1.1102230246251565e-16,8.653675113326507e-17,True,1.1102230246251565e-16,far,mid
25,vel_minus,0.0,-1.0,0.015,optimal,True,0.4999999833250407,1.2584857550512751e-07,429.51206581007557,42.92593728780099,False,0.0,0.6519619442150938,0.381961940953087,0.0,False,386.60489425755867,-42.9071715525169,4.4349576813517116e-17,-0.6995715455296111,-0.24768749067997964,0.7448159677437172,0.0,optimal,0.4999998574764652,386.5861285222746,0.40758111950113696,18,vel_upper,-6.3178922093953815e-09,15,u_upper,0,16,0.0,4.4349576813517116e-17,1.1102230246251565e-16,8.653675113326507e-17,True,1.1102230246251565e-16,far,mid
25,vel_minus,0.0,-1.0,0.03,optimal,True,0.49999713095007214,2.7265263930487116e-06,478.7877269497423,92.20159842746773,False,0.0,0.7723121668098594,0.3684679093404357,0.0,False,386.6366265867278,-92.1511003630145,4.4349576813517116e-17,-0.6995715455296111,-0.24768749067997964,0.7448159677437172,0.0,optimal,0.4999998574764652,386.5861285222746,0.40758111950113696,18,vel_upper,-6.3178922093953815e-09,15,u_upper,0,16,0.0,4.4349576813517116e-17,1.1102230246251565e-16,8.653675113326507e-17,True,1.1102230246251565e-16,far,mid
25,random_0,0.9909289106818766,-0.13438710494251077,0.005,optimal,True,0.5000024253048184,2.5678283532282187e-06,364.5114057499527,-22.074722772321877,False,0.0,0.42446018528245677,0.41251818364315074,0.0,False,386.5865632421,22.075157492147298,4.4349576813517116e-17,-0.6995715455296111,-0.24768749067997964,0.7448159677437172,0.0,optimal,0.4999998574764652,386.5861285222746,0.40758111950113696,18,vel_upper,-6.3178922093953815e-09,15,u_upper,0,16,0.0,4.4349576813517116e-17,1.1102230246251565e-16,8.653675113326507e-17,True,1.1102230246251565e-16,far,mid
25,random_0,0.9909289106818766,-0.13438710494251077,0.015,optimal,True,0.5000001640717128,3.065952475789224e-07,323.3279640297026,-63.25816449257195,False,0.0,0.45491669500755205,0.42064800311522255,0.0,False,386.5947764597745,63.266812430071866,4.4349576813517116e-17,-0.6995715455296111,-0.24768749067997964,0.7448159677437172,0.0,optimal,0.4999998574764652,386.5861285222746,0.40758111950113696,18,vel_upper,-6.3178922093953815e-09,15,u_upper,0,16,0.0,4.4349576813517116e-17,1.1102230246251565e-16,8.653675113326507e-17,True,1.1102230246251565e-16,far,mid
25,random_0,0.9909289106818766,-0.13438710494251077,0.03,optimal,True,0.5000039359723175,4.078495852322117e-06,268.9613928779709,-117.62473564430366,False,0.0,0.502774170327504,0.4342370711543815,0.0,False,386.632610932117,117.6712180541461,4.4349576813517116e-17,-0.6995715455296111,-0.24768749067997964,0.7448159677437172,0.0,optimal,0.4999998574764652,386.5861285222746,0.40758111950113696,18,vel_upper,-6.3178922093953815e-09,15,u_upper,0,16,0.0,4.4349576813517116e-17,1.1102230246251565e-16,8.653675113326507e-17,True,1.1102230246251565e-16,far,mid
25,random_1,0.9085874070339034,-0.41769477346431794,0.005,optimal,True,0.4999985795172247,1.2779592404865703e-06,370.05221830975916,-16.533910212515423,False,0.0,0.4457106630242398,0.40814173218582295,0.0,False,386.5864499799665,16.53423167020736,4.4349576813517116e-17,-0.6995715455296111,-0.24768749067997964,0.7448159677437172,0.0,optimal,0.4999998574764652,386.5861285222746,0.40758111950113696,18,vel_upper,-6.3178922093953815e-09,15,u_upper,0,16,0.0,4.4349576813517116e-17,1.1102230246251565e-16,8.653675113326507e-17,True,1.1102230246251565e-16,far,mid
25,random_1,0.9085874070339034,-0.41769477346431794,0.015,optimal,True,0.5000001061437419,2.4866727671435385e-07,338.5085486532321,-48.077579869042495,False,0.0,0.5186640883431658,0.4092874038803499,0.0,False,386.5867062542373,48.078157601005216,4.4349576813517116e-17,-0.6995715455296111,-0.24768749067997964,0.7448159677437172,0.0,optimal,0.4999998574764652,386.5861285222746,0.40758111950113696,18,vel_upper,-6.3178922093953815e-09,15,u_upper,0,16,0.0,4.4349576813517116e-17,1.1102230246251565e-16,8.653675113326507e-17,True,1.1102230246251565e-16,far,mid
25,random_1,0.9085874070339034,-0.41769477346431794,0.03,optimal,True,0.5000018411187289,1.9836422637253825e-06,295.00619084935005,-91.57993767292453,False,0.0,0.6281165035061474,0.41104882856314684,0.0,False,386.5882954593978,91.58210461004774,4.4349576813517116e-17,-0.6995715455296111,-0.24768749067997964,0.7448159677437172,0.0,optimal,0.4999998574764652,386.5861285222746,0.40758111950113696,18,vel_upper,-6.3178922093953815e-09,15,u_upper,0,16,0.0,4.4349576813517116e-17,1.1102230246251565e-16,8.653675113326507e-17,True,1.1102230246251565e-16,far,mid
25,random_2,-0.42606089900253974,-0.9046944845311856,0.005,optimal,True,0.49999882887064745,1.0286058177433333e-06,409.75861244251087,23.17248392023629,False,0.0,0.47388472675118654,0.3924621257345481,0.0,False,386.5937723197483,-23.16484012276254,4.4349576813517116e-17,-0.6995715455296111,-0.24768749067997964,0.7448159677437172,0.0,optimal,0.4999998574764652,386.5861285222746,0.40758111950113696,18,vel_upper,-6.3178922093953815e-09,15,u_upper,0,16,0.0,4.4349576813517116e-17,1.1102230246251565e-16,8.653675113326507e-17,True,1.1102230246251565e-16,far,mid
25,random_2,-0.42606089900253974,-0.9046944845311856,0.015,optimal,True,0.49999997218294623,1.1470648103584224e-07,460.3684038631858,73.78227534091121,False,0.0,0.6255042319236711,0.38123671559400274,0.0,False,386.6060433943916,-73.76236046879421,4.4349576813517116e-17,-0.6995715455296111,-0.24768749067997964,0.7448159677437172,0.0,optimal,0.4999998574764652,386.5861285222746,0.40758111950113696,18,vel_upper,-6.3178922093953815e-09,15,u_upper,0,16,0.0,4.4349576813517116e-17,1.1102230246251565e-16,8.653675113326507e-17,True,1.1102230246251565e-16,far,mid
25,random_2,-0.42606089900253974,-0.9046944845311856,0.03,optimal,True,0.49999630518093924,3.5522955259548183e-06,546.9897158822303,160.40358735995568,False,0.0,0.7751712336978726,0.36700669646662964,0.0,False,386.6414173986871,-160.34829848354315,4.4349576813517116e-17,-0.6995715455296111,-0.24768749067997964,0.7448159677437172,0.0,optimal,0.4999998574764652,386.5861285222746,0.40758111950113696,18,vel_upper,-6.3178922093953815e-09,15,u_upper,0,16,0.0,4.4349576813517116e-17,1.1102230246251565e-16,8.653675113326507e-17,True,1.1102230246251565e-16,far,mid
25,random_3,0.8847938231067735,0.46598271490700144,0.005,optimal,True,0.5000046709513523,4.813474887066516e-06,359.5490714997063,-27.037057022568263,False,0.0,0.3779398486045573,0.417636172538428,0.0,False,386.59030733647194,27.041235836765622,4.4349576813517116e-17,-0.6995715455296111,-0.24768749067997964,0.7448159677437172,0.0,optimal,0.4999998574764652,386.5861285222746,0.40758111950113696,18,vel_upper,-6.3178922093953815e-09,15,u_upper,0,16,0.0,4.4349576813517116e-17,1.1102230246251565e-16,8.653675113326507e-17,True,1.1102230246251565e-16,far,mid
25,random_3,0.8847938231067735,0.46598271490700144,0.015,optimal,True,0.5000002376584434,3.801819781767968e-07,310.78462086142133,-75.80150766085325,False,0.0,0.31561726793165,0.4344428885118078,0.0,False,386.6325351168671,75.84791425544574,4.4349576813517116e-17,-0.6995715455296111,-0.24768749067997964,0.7448159677437172,0.0,optimal,0.4999998574764652,386.5861285222746,0.40758111950113696,18,vel_upper,-6.3178922093953815e-09,15,u_upper,0,16,0.0,4.4349576813517116e-17,1.1102230246251565e-16,8.653675113326507e-17,True,1.1102230246251565e-16,far,mid
25,random_3,0.8847938231067735,0.46598271490700144,0.03,optimal,True,0.5000144913810686,1.4633904603378323e-05,250.76443466704396,-135.82169385523062,False,0.0,0.27847044113835273,0.5043034336762178,0.0,False,387.3546151918432,136.59018052479925,4.128886013299995e-18,-0.6995715455296111,-0.24768749067997964,0.7448159677437172,0.0,optimal,0.4999998574764652,386.5861285222746,0.40758111950113696,18,vel_upper,-6.3178922093953815e-09,15,u_upper,0,16,0.0,4.4349576813517116e-17,1.1102230246251565e-16,8.653675113326507e-17,True,1.1102230246251565e-16,far,mid
26,pos_plus,1.0,0.0,0.005,optimal,True,0.5000002359738687,2.3633819368207298e-07,18.076593215748204,-1.4355200770114145,False,0.0,0.518480718518282,0.5184805987576554,0.0,False,19.99868991443697,1.9220966986887653,4.128886013299995e-18,0.18250288749209065,0.3406778509276962,0.7558422855059828,0.0,optimal,0.499999999635675,19.51211329275962,0.4877772952787228,4,vel_upper,1.8025475556626702e-10,1,u_upper,0,3,0.0,4.128886013299995e-18,6.166688760298585e-20,1.775126774183307e-18,True,4.128886013299995e-18,far,mid
26,pos_plus,1.0,0.0,0.015,optimal,True,0.4999999772314512,2.2404223809502355e-08,15.91138902440809,-3.600724268351529,False,0.0,0.5722072467673827,0.5722069962301092,0.0,False,23.998729855719183,8.087340831311094,4.128886013299995e-18,0.18250288749209065,0.3406778509276962,0.7558422855059828,0.0,optimal,0.499999999635675,19.51211329275962,0.4877772952787228,4,vel_upper,1.8025475556626702e-10,1,u_upper,0,3,0.0,4.128886013299995e-18,6.166688760298585e-20,1.775126774183307e-18,True,4.128886013299995e-18,far,mid
26,pos_plus,1.0,0.0,0.03,optimal,True,0.19750307548973883,0.30249692414593615,14.153153362638943,-5.358959930120676,False,0.0,0.6395721217520813,0.6395718415233299,0.0,False,37.97536330392293,23.82220994128399,4.128886013299995e-18,0.18250288749209065,0.3406778509276962,0.7558422855059828,0.0,optimal,0.499999999635675,19.51211329275962,0.4877772952787228,4,vel_upper,1.8025475556626702e-10,1,u_upper,0,3,0.0,4.128886013299995e-18,6.166688760298585e-20,1.775126774183307e-18,True,4.128886013299995e-18,far,mid
26,pos_minus,-1.0,0.0,0.005,optimal,True,0.4999999999980864,3.624114341960194e-10,21.21835213028784,1.7062388375282218,False,0.0,0.4564922562938102,0.4564922562955449,0.0,False,19.974760557818417,-1.2435915724694233,4.128886013299995e-18,0.18250288749209065,0.3406778509276962,0.7558422855059828,0.0,optimal,0.499999999635675,19.51211329275962,0.4877772952787228,4,vel_upper,1.8025475556626702e-10,1,u_upper,0,3,0.0,4.128886013299995e-18,6.166688760298585e-20,1.775126774183307e-18,True,4.128886013299995e-18,far,mid
26,pos_minus,-1.0,0.0,0.015,optimal,True,0.5000013066638662,1.3070281912330728e-06,25.566323085260894,6.0542097925012754,False,0.0,0.38711078266344656,0.3871112049357257,0.0,False,23.479851685510084,-2.0864713997508098,4.128886013299995e-18,0.18250288749209065,0.3406778509276962,0.7558422855059828,0.0,optimal,0.499999999635675,19.51211329275962,0.4877772952787228,4,vel_upper,1.8025475556626702e-10,1,u_upper,0,3,0.0,4.128886013299995e-18,6.166688760298585e-20,1.775126774183307e-18,True,4.128886013299995e-18,far,mid
26,pos_minus,-1.0,0.0,0.03,optimal,True,0.5000000388166668,3.918099178434886e-08,35.11424941567528,15.602136122915663,False,0.0,0.26770330269710607,0.2677033047045253,0.0,False,33.40165218013307,-1.712597235542212,4.128886013299995e-18,0.18250288749209065,0.3406778509276962,0.7558422855059828,0.0,optimal,0.499999999635675,19.51211329275962,0.4877772952787228,4,vel_upper,1.8025475556626702e-10,1,u_upper,0,3,0.0,4.128886013299995e-18,6.166688760298585e-20,1.775126774183307e-18,True,4.128886013299995e-18,far,mid
26,vel_plus,0.0,1.0,0.005,optimal,True,0.49999999999479916,3.5912417484240677e-10,19.635081992983807,0.12296870022418815,False,0.0,0.4819350597542533,0.5019350597536025,0.0,False,19.84472038446176,0.20963839147795227,4.128886013299995e-18,0.18250288749209065,0.3406778509276962,0.7558422855059828,0.0,optimal,0.499999999635675,19.51211329275962,0.4877772952787228,4,vel_upper,1.8025475556626702e-10,1,u_upper,0,3,0.0,4.128886013299995e-18,6.166688760298585e-20,1.775126774183307e-18,True,4.128886013299995e-18,far,mid
26,vel_plus,0.0,1.0,0.015,optimal,True,0.5000039307817802,3.9311461051960706e-06,20.021472701852776,0.5093594090931575,False,0.0,0.4769868613239917,0.5329738216721343,0.0,False,22.458581879916387,2.4371091780636114,4.128886013299995e-18,0.18250288749209065,0.3406778509276962,0.7558422855059828,0.0,optimal,0.499999999635675,19.51211329275962,0.4877772952787228,4,vel_upper,1.8025475556626702e-10,1,u_upper,0,3,0.0,4.128886013299995e-18,6.166688760298585e-20,1.775126774183307e-18,True,4.128886013299995e-18,far,mid
26,vel_plus,0.0,1.0,0.03,optimal,True,0.5000005916322768,5.919966018508305e-07,21.116972928939433,1.604859636179814,False,0.0,0.49813798615396876,0.5794295716955371,0.0,False,30.92512979043185,9.808156861492417,4.128886013299995e-18,0.18250288749209065,0.3406778509276962,0.7558422855059828,0.0,optimal,0.499999999635675,19.51211329275962,0.4877772952787228,4,vel_upper,1.8025475556626702e-10,1,u_upper,0,3,0.0,4.128886013299995e-18,6.166688760298585e-20,1.775126774183307e-18,True,4.128886013299995e-18,far,mid
26,vel_minus,0.0,-1.0,0.005,optimal,True,0.5000000000032265,3.6755154475542895e-10,19.438584855263628,-0.07352843749599103,False,0.0,0.4974798881676802,0.47247988816609,0.0,False,19.840099824206174,0.40151496894254635,4.128886013299995e-18,0.18250288749209065,0.3406778509276962,0.7558422855059828,0.0,optimal,0.499999999635675,19.51211329275962,0.4877772952787228,4,vel_upper,1.8025475556626702e-10,1,u_upper,0,3,0.0,4.128886013299995e-18,6.166688760298585e-20,1.775126774183307e-18,True,4.128886013299995e-18,far,mid
26,vel_minus,0.0,-1.0,0.015,optimal,True,0.4999996612068446,3.384288304042471e-07,19.44959602048913,-0.06251727227049031,False,0.0,0.5106711733768865,0.432160447502858,0.0,False,22.463976890714665,3.014380870225537,4.128886013299995e-18,0.18250288749209065,0.3406778509276962,0.7558422855059828,0.0,optimal,0.499999999635675,19.51211329275962,0.4877772952787228,4,vel_upper,1.8025475556626702e-10,1,u_upper,0,3,0.0,4.128886013299995e-18,6.166688760298585e-20,1.775126774183307e-18,True,4.128886013299995e-18,far,mid
26,vel_minus,0.0,-1.0,0.03,optimal,True,0.5000007073563754,7.077207003769459e-07,19.928935499417292,0.4168222066576739,False,0.0,0.5522547200637966,0.3479661400457963,0.0,False,31.047038287520824,11.118102788103531,4.128886013299995e-18,0.18250288749209065,0.3406778509276962,0.7558422855059828,0.0,optimal,0.499999999635675,19.51211329275962,0.4877772952787228,4,vel_upper,1.8025475556626702e-10,1,u_upper,0,3,0.0,4.128886013299995e-18,6.166688760298585e-20,1.775126774183307e-18,True,4.128886013299995e-18,far,mid
26,random_0,0.9909289106818766,-0.13438710494251077,0.005,optimal,True,0.4999999999991338,3.6345881859745077e-10,18.07015063698235,-1.4419626557772673,False,0.0,0.5188410726308892,0.5161533305341095,0.0,False,19.89236689363136,1.822216256649007,4.128886013299995e-18,0.18250288749209065,0.3406778509276962,0.7558422855059828,0.0,optimal,0.499999999635675,19.51211329275962,0.4877772952787228,4,vel_upper,1.8025475556626702e-10,1,u_upper,0,3,0.0,4.128886013299995e-18,6.166688760298585e-20,1.775126774183307e-18,True,4.128886013299995e-18,far,mid
26,random_0,0.9909289106818766,-0.13438710494251077,0.015,optimal,True,0.49999993643257545,6.320309953178338e-08,15.85773792814186,-3.654375364617758,False,0.0,0.5725465977027153,0.56649903887694,0.0,False,23.02068148574411,7.162943557602249,4.128886013299995e-18,0.18250288749209065,0.3406778509276962,0.7558422855059828,0.0,optimal,0.499999999635675,19.51211329275962,0.4877772952787228,4,vel_upper,1.8025475556626702e-10,1,u_upper,0,3,0.0,4.128886013299995e-18,6.166688760298585e-20,1.775126774183307e-18,True,4.128886013299995e-18,far,mid
26,random_0,0.9909289106818766,-0.13438710494251077,0.03,optimal,True,0.25787084431308643,0.24212915532258855,13.979016693691024,-5.533096599068594,False,0.0,0.6375668287425793,0.6335350646409952,0.0,False,34.02918012947813,20.050163435787105,4.128886013299995e-18,0.18250288749209065,0.3406778509276962,0.7558422855059828,0.0,optimal,0.499999999635675,19.51211329275962,0.4877772952787228,4,vel_upper,1.8025475556626702e-10,1,u_upper,0,3,0.0,4.128886013299995e-18,6.166688760298585e-20,1.775126774183307e-18,True,4.128886013299995e-18,far,mid
26,random_1,0.9085874070339034,-0.41769477346431794,0.005,optimal,True,0.4999999999972583,3.615833188419515e-10,18.144470242416865,-1.3676430503427532,False,0.0,0.5175956093614348,0.5092417138929607,0.0,False,19.67674610239087,1.5322758599740034,4.128886013299995e-18,0.18250288749209065,0.3406778509276962,0.7558422855059828,0.0,optimal,0.499999999635675,19.51211329275962,0.4877772952787228,4,vel_upper,1.8025475556626702e-10,1,u_upper,0,3,0.0,4.128886013299995e-18,6.166688760298585e-20,1.775126774183307e-18,True,4.128886013299995e-18,far,mid
26,random_1,0.9085874070339034,-0.41769477346431794,0.015,optimal,True,0.49999966716016087,3.3247551411985654e-07,15.944209645377477,-3.567903647382142,False,0.0,0.567768633836151,0.5489725493679927,0.0,False,21.02231314060797,5.0781034952304935,4.128886013299995e-18,0.18250288749209065,0.3406778509276962,0.7558422855059828,0.0,optimal,0.499999999635675,19.51211329275962,0.4877772952787228,4,vel_upper,1.8025475556626702e-10,1,u_upper,0,3,0.0,4.128886013299995e-18,6.166688760298585e-20,1.775126774183307e-18,True,4.128886013299995e-18,far,mid
26,random_1,0.9085874070339034,-0.41769477346431794,0.03,optimal,True,0.4148921586617621,0.08510784097391288,13.854762868116685,-5.657350424642933,False,0.0,0.6303638089434296,0.6057132629061985,0.0,False,25.854586475233518,11.999823607116832,4.128886013299995e-18,0.18250288749209065,0.3406778509276962,0.7558422855059828,0.0,optimal,0.499999999635675,19.51211329275962,0.4877772952787228,4,vel_upper,1.8025475556626702e-10,1,u_upper,0,3,0.0,4.128886013299995e-18,6.166688760298585e-20,1.775126774183307e-18,True,4.128886013299995e-18,far,mid
26,random_2,-0.42606089900253974,-0.9046944845311856,0.005,optimal,True,0.4999999999985731,3.6289810045886384e-10,20.15776602290596,0.6456527301463417,False,0.0,0.4821982598183545,0.4595808977069048,0.0,False,20.155987815292203,-0.0017782076137571323,4.128886013299995e-18,0.18250288749209065,0.3406778509276962,0.7558422855059828,0.0,optimal,0.499999999635675,19.51211329275962,0.4877772952787228,4,vel_upper,1.8025475556626702e-10,1,u_upper,0,3,0.0,4.128886013299995e-18,6.166688760298585e-20,1.775126774183307e-18,True,4.128886013299995e-18,far,mid
26,random_2,-0.42606089900253974,-0.9046944845311856,0.015,optimal,True,0.4999982048531701,1.7947825048936217e-06,21.91090555508952,2.398792262329902,False,0.0,0.4723882361194274,0.38866059344692805,0.0,False,25.174500197010985,3.2635946419214648,4.128886013299995e-18,0.18250288749209065,0.3406778509276962,0.7558422855059828,0.0,optimal,0.499999999635675,19.51211329275962,0.4877772952787228,4,vel_upper,1.8025475556626702e-10,1,u_upper,0,3,0.0,4.128886013299995e-18,6.166688760298585e-20,1.775126774183307e-18,True,4.128886013299995e-18,far,mid
26,random_2,-0.42606089900253974,-0.9046944845311856,0.03,optimal,True,0.5000000356519146,3.601623965732159e-08,26.2657990747321,6.753685781972482,False,0.0,0.48096327661161853,0.22769640844020933,0.0,False,40.25807466133083,13.99227558659873,4.128886013299995e-18,0.18250288749209065,0.3406778509276962,0.7558422855059828,0.0,optimal,0.499999999635675,19.51211329275962,0.4877772952787228,4,vel_upper,1.8025475556626702e-10,1,u_upper,0,3,0.0,4.128886013299995e-18,6.166688760298585e-20,1.775126774183307e-18,True,4.128886013299995e-18,far,mid
26,random_3,0.8847938231067735,0.46598271490700144,0.005,optimal,True,0.49999999998429784,3.486228528082336e-10,18.297439832528575,-1.2146734602310438,False,0.0,0.5125783110481255,0.5218979653504772,0.0,False,20.285828747474156,1.9883889149455811,4.128886013299995e-18,0.18250288749209065,0.3406778509276962,0.7558422855059828,0.0,optimal,0.499999999635675,19.51211329275962,0.4877772952787228,4,vel_upper,1.8025475556626702e-10,1,u_upper,0,3,0.0,4.128886013299995e-18,6.166688760298585e-20,1.775126774183307e-18,True,4.128886013299995e-18,far,mid
26,random_3,0.8847938231067735,0.46598271490700144,0.015,optimal,True,0.5000001833056208,1.836699458079849e-07,16.531818640375928,-2.980294652383691,False,0.0,0.5599656221614198,0.5800556970784759,0.0,False,26.59231006774314,10.06049142736721,4.128886013299995e-18,0.18250288749209065,0.3406778509276962,0.7558422855059828,0.0,optimal,0.499999999635675,19.51211329275962,0.4877772952787228,4,vel_upper,1.8025475556626702e-10,1,u_upper,0,3,0.0,4.128886013299995e-18,6.166688760298585e-20,1.775126774183307e-18,True,4.128886013299995e-18,far,mid
26,random_3,0.8847938231067735,0.46598271490700144,0.03,optimal,True,0.06401561866795663,0.43598438096771835,15.315139978274376,-4.196973314485243,False,0.0,0.6389415319207109,0.6529205872055082,0.0,False,48.122250185443896,32.80711020716952,4.128886013299995e-18,0.18250288749209065,0.3406778509276962,0.7558422855059828,0.0,optimal,0.499999999635675,19.51211329275962,0.4877772952787228,4,vel_upper,1.8025475556626702e-10,1,u_upper,0,3,0.0,4.128886013299995e-18,6.166688760298585e-20,1.775126774183307e-18,True,4.128886013299995e-18,far,mid
27,pos_plus,1.0,0.0,0.005,optimal,True,-0.4999999518773223,2.2928748011352695e-07,359.665388474346,24.308419797209524,False,0.0,0.5181265118110158,0.5181265014701145,0.0,False,335.35815638195464,-24.30723209239136,1.2232368344832565e-16,-0.2995620433917743,0.37682446159924154,-1.531924568424562,0.0,optimal,-0.4999997225898422,335.3569686771365,0.524097776772491,18,vel_lower,-3.3290366019400608e-09,15,u_lower,0,16,0.0,1.2232368344832565e-16,6.166688760298585e-20,1.2846583233185026e-19,True,1.2232368344832565e-16,far,far
27,pos_plus,1.0,0.0,0.015,optimal,True,-0.499999873417908,1.5082806581467878e-07,411.9287899972177,76.5718213200812,False,0.0,0.5149772091527851,0.5149771935620691,0.0,False,335.3592980828823,-76.5694919143354,3.290838925963784e-17,-0.2995620433917743,0.37682446159924154,-1.531924568424562,0.0,optimal,-0.4999997225898422,335.3569686771365,0.524097776772491,18,vel_lower,-3.3290366019400608e-09,15,u_lower,0,16,0.0,1.2232368344832565e-16,6.166688760298585e-20,1.2846583233185026e-19,True,1.2232368344832565e-16,far,far
27,pos_plus,1.0,0.0,0.03,optimal,True,-0.4999998195703793,9.698053710094356e-08,499.4455135249935,164.088544847857,False,0.0,0.5102524255151257,0.5102524022588233,0.0,False,335.3631303896981,-164.0823831352954,3.290838925963784e-17,-0.2995620433917743,0.37682446159924154,-1.531924568424562,0.0,optimal,-0.4999997225898422,335.3569686771365,0.524097776772491,18,vel_lower,-3.3290366019400608e-09,15,u_lower,0,16,0.0,1.2232368344832565e-16,6.166688760298585e-20,1.2846583233185026e-19,True,1.2232368344832565e-16,far,far
27,pos_minus,-1.0,0.0,0.005,optimal,True,-0.5000018682628677,2.1456730255331458e-06,312.2610559729519,-23.09591270418457,False,0.0,0.5309110339155765,0.5309111894128129,0.0,False,335.3582423786158,23.097186405663876,5.257736248531734e-17,-0.2995620433917743,0.37682446159924154,-1.531924568424562,0.0,optimal,-0.4999997225898422,335.3569686771365,0.524097776772491,18,vel_lower,-3.3290366019400608e-09,15,u_lower,0,16,0.0,1.2232368344832565e-16,6.166688760298585e-20,1.2846583233185026e-19,True,1.2232368344832565e-16,far,far
27,pos_minus,-1.0,0.0,0.015,optimal,True,-0.5000002380721807,5.154823385367102e-07,269.70981357277094,-65.64715510436554,False,0.0,0.5445651537366439,0.5445651803436424,0.0,False,335.37238111288855,65.6625675401176,5.257736248531734e-17,-0.2995620433917743,0.37682446159924154,-1.531924568424562,0.0,optimal,-0.4999997225898422,335.3569686771365,0.524097776772491,18,vel_lower,-3.3290366019400608e-09,15,u_lower,0,16,0.0,1.2232368344832565e-16,6.166688760298585e-20,1.2846583233185026e-19,True,1.2232368344832565e-16,far,far
27,pos_minus,-1.0,0.0,0.03,optimal,True,-0.5000016903513164,1.967761474153118e-06,214.97906532640857,-120.3779033507279,False,0.0,0.5647593799978585,0.5647595192994113,0.0,False,335.44514755656166,120.46608223015309,5.257736248531734e-17,-0.2995620433917743,0.37682446159924154,-1.531924568424562,0.0,optimal,-0.4999997225898422,335.3569686771365,0.524097776772491,18,vel_lower,-3.3290366019400608e-09,15,u_lower,0,16,0.0,1.2232368344832565e-16,6.166688760298585e-20,1.2846583233185026e-19,True,1.2232368344832565e-16,far,far
27,vel_plus,0.0,1.0,0.005,optimal,True,-0.49999989494550134,1.723556591337605e-07,348.9276781676802,13.57070949054372,False,0.0,0.6052109904442429,0.5152109767108228,0.0,False,335.3591684339869,-13.568509733693304,5.257736248531734e-17,-0.2995620433917743,0.37682446159924154,-1.531924568424562,0.0,optimal,-0.4999997225898422,335.3569686771365,0.524097776772491,18,vel_lower,-3.3290366019400608e-09,15,u_lower,0,16,0.0,1.2232368344832565e-16,6.166688760298585e-20,1.2846583233185026e-19,True,1.2232368344832565e-16,far,far
27,vel_plus,0.0,1.0,0.015,optimal,True,-0.4999997694856905,4.689584831574223e-08,378.18608633933565,42.82911766219917,False,0.0,0.6581755105927811,0.5062354226470855,0.0,False,335.3683893478748,-42.81769699146082,5.257736248531734e-17,-0.2995620433917743,0.37682446159924154,-1.531924568424562,0.0,optimal,-0.4999997225898422,335.3569686771365,0.524097776772491,18,vel_lower,-3.3290366019400608e-09,15,u_lower,0,16,0.0,1.2232368344832565e-16,6.166688760298585e-20,1.2846583233185026e-19,True,1.2232368344832565e-16,far,far
27,vel_plus,0.0,1.0,0.03,optimal,True,-0.4999996539624285,6.862741369628722e-08,427.3713333964611,92.01436471932465,False,0.0,0.6431754966568781,0.4927621045983328,0.0,False,335.39946569943993,-91.9718676970212,1.2846583233185026e-19,-0.2995620433917743,0.37682446159924154,-1.531924568424562,0.0,optimal,-0.4999997225898422,335.3569686771365,0.524097776772491,18,vel_lower,-3.3290366019400608e-09,15,u_lower,0,16,0.0,1.2232368344832565e-16,6.166688760298585e-20,1.2846583233185026e-19,True,1.2232368344832565e-16,far,far
27,vel_minus,0.0,-1.0,0.005,optimal,True,-0.5000033888635934,3.666273751201654e-06,322.48361710212214,-12.87335157501434,False,0.0,0.44754728430434754,0.5375475663340507,0.0,False,335.36198608083834,12.878368978716196,1.2846583233185026e-19,-0.2995620433917743,0.37682446159924154,-1.531924568424562,0.0,optimal,-0.4999997225898422,335.3569686771365,0.524097776772491,18,vel_lower,-3.3290366019400608e-09,15,u_lower,0,16,0.0,1.2232368344832565e-16,6.166688760298585e-20,1.2846583233185026e-19,True,1.2232368344832565e-16,far,far
27,vel_minus,0.0,-1.0,0.015,optimal,True,-0.5000001961297312,4.735398890232112e-07,298.83081080257733,-36.526157874559146,False,0.0,0.2944786519880135,0.5566373496977947,0.0,False,335.40884099913853,36.5780301965612,1.2846583233185026e-19,-0.2995620433917743,0.37682446159924154,-1.531924568424562,0.0,optimal,-0.4999997225898422,335.3569686771365,0.524097776772491,18,vel_lower,-3.3290366019400608e-09,15,u_lower,0,16,0.0,1.2232368344832565e-16,6.166688760298585e-20,1.2846583233185026e-19,True,1.2232368344832565e-16,far,far
27,vel_minus,0.0,-1.0,0.03,optimal,True,-0.5000026408127594,2.918222917147606e-06,268.53533086546474,-66.82163781167174,False,0.0,0.089953210582016,0.6024357155017968,0.0,False,335.7853950320332,67.25006416656845,1.2846583233185026e-19,-0.2995620433917743,0.37682446159924154,-1.531924568424562,0.0,optimal,-0.4999997225898422,335.3569686771365,0.524097776772491,18,vel_lower,-3.3290366019400608e-09,15,u_lower,0,16,0.0,1.2232368344832565e-16,6.166688760298585e-20,1.2846583233185026e-19,True,1.2232368344832565e-16,far,far
27,random_0,0.9909289106818766,-0.13438710494251077,0.005,optimal,True,-0.49999974436548283,2.1775640623999948e-08,357.5611654982306,22.204196821094115,False,0.0,0.5070431647148523,0.5191379746967839,0.0,False,335.35791708203203,-22.203248416198562,1.2846583233185026e-19,-0.2995620433917743,0.37682446159924154,-1.531924568424562,0.0,optimal,-0.4999997225898422,335.3569686771365,0.524097776772491,18,vel_lower,-3.3290366019400608e-09,15,u_lower,0,16,0.0,1.2232368344832565e-16,6.166688760298585e-20,1.2846583233185026e-19,True,1.2232368344832565e-16,far,far
27,random_0,0.9909289106818766,-0.13438710494251077,0.015,optimal,True,-0.49999990307338066,1.804835384477954e-07,404.9370232118028,69.58005453466632,False,0.0,0.4805476274267808,0.5168321330223563,0.0,False,335.3584895192051,-69.57853369259772,1.2846583233185026e-19,-0.2995620433917743,0.37682446159924154,-1.531924568424562,0.0,optimal,-0.4999997225898422,335.3569686771365,0.524097776772491,18,vel_lower,-3.3290366019400608e-09,15,u_lower,0,16,0.0,1.2232368344832565e-16,6.166688760298585e-20,1.2846583233185026e-19,True,1.2232368344832565e-16,far,far
27,random_0,0.9909289106818766,-0.13438710494251077,0.03,optimal,True,-0.4999998700621304,1.4747228821443414e-07,483.4250759665568,148.0681072894203,False,0.0,0.44139332488964955,0.5139623429954243,0.0,False,335.3599087227016,-148.06516724385517,1.2846583233185026e-19,-0.2995620433917743,0.37682446159924154,-1.531924568424562,0.0,optimal,-0.4999997225898422,335.3569686771365,0.524097776772491,18,vel_lower,-3.3290366019400608e-09,15,u_lower,0,16,0.0,1.2232368344832565e-16,6.166688760298585e-20,1.2846583233185026e-19,True,1.2232368344832565e-16,far,far
27,random_1,0.9085874070339034,-0.41769477346431794,0.005,optimal,True,-0.5000009179199644,1.19533012216122e-06,351.6237557988403,16.26678712170383,False,0.0,0.4859044895954292,0.5234970957113166,0.0,False,335.3567776699112,-16.26697812892911,1.2846583233185026e-19,-0.2995620433917743,0.37682446159924154,-1.531924568424562,0.0,optimal,-0.4999997225898422,335.3569686771365,0.524097776772491,18,vel_lower,-3.3290366019400608e-09,15,u_lower,0,16,0.0,1.2232368344832565e-16,6.166688760298585e-20,1.2846583233185026e-19,True,1.2232368344832565e-16,far,far
27,random_1,0.9085874070339034,-0.41769477346431794,0.015,optimal,True,-0.49999977849077776,5.590093554719289e-08,385.6834526462185,50.326483969082005,False,0.0,0.40957463399437355,0.5223521970594431,0.0,False,335.35758691401736,-50.32586573220112,1.2846583233185026e-19,-0.2995620433917743,0.37682446159924154,-1.531924568424562,0.0,optimal,-0.4999997225898422,335.3569686771365,0.524097776772491,18,vel_lower,-3.3290366019400608e-09,15,u_lower,0,16,0.0,1.2232368344832565e-16,6.166688760298585e-20,1.2846583233185026e-19,True,1.2232368344832565e-16,far,far
27,random_1,0.9085874070339034,-0.41769477346431794,0.03,optimal,True,-0.49999999143672574,2.688468835332358e-07,440.585588803295,105.22862012615855,False,0.0,0.2968152239579055,0.5223703975445828,0.0,False,335.358413712909,-105.22717509038603,1.2846583233185026e-19,-0.2995620433917743,0.37682446159924154,-1.531924568424562,0.0,optimal,-0.4999997225898422,335.3569686771365,0.524097776772491,18,vel_lower,-3.3290366019400608e-09,15,u_lower,0,16,0.0,1.2232368344832565e-16,6.166688760298585e-20,1.2846583233185026e-19,True,1.2232368344832565e-16,far,far
27,random_2,-0.42606089900253974,-0.9046944845311856,0.005,optimal,True,-0.5000019261228633,2.2035330211056525e-06,314.00452338055396,-21.352445296582516,False,0.0,0.4577532549225023,0.5391759187705794,0.0,False,335.3639473710268,21.359423990472862,1.2846583233185026e-19,-0.2995620433917743,0.37682446159924154,-1.531924568424562,0.0,optimal,-0.4999997225898422,335.3569686771365,0.524097776772491,18,vel_lower,-3.3290366019400608e-09,15,u_lower,0,16,0.0,1.2232368344832565e-16,6.166688760298585e-20,1.2846583233185026e-19,True,1.2232368344832565e-16,far,far
27,random_2,-0.42606089900253974,-0.9046944845311856,0.015,optimal,True,-0.5000002140991684,4.915093261836923e-07,275.5461820488621,-59.8107866282744,False,0.0,0.3250928596477247,0.5605909488490689,0.0,False,335.4238196089549,59.87763756009281,1.2846583233185026e-19,-0.2995620433917743,0.37682446159924154,-1.531924568424562,0.0,optimal,-0.4999997225898422,335.3569686771365,0.524097776772491,18,vel_lower,-3.3290366019400608e-09,15,u_lower,0,16,0.0,1.2232368344832565e-16,6.166688760298585e-20,1.2846583233185026e-19,True,1.2232368344832565e-16,far,far
27,random_2,-0.42606089900253974,-0.9046944845311856,0.03,optimal,True,-0.5000030721391989,3.349549356712611e-06,228.3472890949966,-107.00967958213988,False,0.0,0.1756168964505036,0.628276274157705,0.0,False,336.19465441500563,107.84736532000903,1.2846583233185026e-19,-0.2995620433917743,0.37682446159924154,-1.531924568424562,0.0,optimal,-0.4999997225898422,335.3569686771365,0.524097776772491,18,vel_lower,-3.3290366019400608e-09,15,u_lower,0,16,0.0,1.2232368344832565e-16,6.166688760298585e-20,1.2846583233185026e-19,True,1.2232368344832565e-16,far,far
27,random_3,0.8847938231067735,0.46598271490700144,0.005,optimal,True,-0.4999999479744693,2.2538462707277773e-07,363.3744723589117,28.017503681775224,False,0.0,0.5581488600824309,0.5162104085645113,0.0,False,335.3587020799913,-28.0157702789204,1.2846583233185026e-19,-0.2995620433917743,0.37682446159924154,-1.531924568424562,0.0,optimal,-0.4999997225898422,335.3569686771365,0.524097776772491,18,vel_lower,-3.3290366019400608e-09,15,u_lower,0,16,0.0,1.2232368344832565e-16,6.166688760298585e-20,1.2846583233185026e-19,True,1.2232368344832565e-16,far,far
27,random_3,0.8847938231067735,0.46598271490700144,0.015,optimal,True,-0.49999978469371636,6.210387415439556e-08,424.74058921390554,89.38362053676906,False,0.0,0.6350705260450389,0.5092551620732588,0.0,False,335.3642728564148,-89.37631635749074,1.2846583233185026e-19,-0.2995620433917743,0.37682446159924154,-1.531924568424562,0.0,optimal,-0.4999997225898422,335.3569686771365,0.524097776772491,18,vel_lower,-3.3290366019400608e-09,15,u_lower,0,16,0.0,1.2232368344832565e-16,6.166688760298585e-20,1.2846583233185026e-19,True,1.2232368344832565e-16,far,far
27,random_3,0.8847938231067735,0.46598271490700144,0.03,optimal,True,-0.49999967637964454,4.6210197668372643e-08,530.1225384854507,194.76556980831424,False,0.0,0.6591960162105408,0.49879949680783053,0.0,False,335.3829933070589,-194.73954517839184,1.2846583233185026e-19,-0.2995620433917743,0.37682446159924154,-1.531924568424562,0.0,optimal,-0.4999997225898422,335.3569686771365,0.524097776772491,18,vel_lower,-3.3290366019400608e-09,15,u_lower,0,16,0.0,1.2232368344832565e-16,6.166688760298585e-20,1.2846583233185026e-19,True,1.2232368344832565e-16,far,far
28,pos_plus,1.0,0.0,0.005,optimal,True,0.5000013557420768,6.845352406192884e-06,1423.9318918421473,-50.79635312307687,False,0.0,0.2774306382978726,0.2307362929792327,0.0,False,1474.725179494031,50.7932876518837,9.25175536422785e-17,-1.5273213659716465,-0.4919425670692299,1.0228530127436715,0.0,optimal,0.49999451038967063,1474.7282449652241,0.2307332428210478,10,pos_lower,2.4905084883286577e-07,16,u_upper,0,17,0.0,9.25175536422785e-17,3.2889286451005267e-18,1.2846583233185026e-19,True,9.25175536422785e-17,mid,mid
28,pos_plus,1.0,0.0,0.015,optimal,True,0.4999997815036168,5.2711139461592005e-06,1325.9944027682207,-148.73384219700347,False,0.0,0.35581884816138154,0.23073609874744339,0.0,False,1474.7262469950097,148.731844226789,9.25175536422785e-17,-1.5273213659716465,-0.4919425670692299,1.0228530127436715,0.0,optimal,0.49999451038967063,1474.7282449652241,0.2307332428210478,10,pos_lower,2.4905084883286577e-07,16,u_upper,0,17,0.0,9.25175536422785e-17,3.2889286451005267e-18,1.2846583233185026e-19,True,9.25175536422785e-17,mid,mid
28,pos_plus,1.0,0.0,0.03,optimal,True,0.5000012942541519,6.783864481219037e-06,1188.2092181936328,-286.51902677159137,False,0.0,0.4359017597240351,0.2307365847853573,0.0,False,1474.729600042052,286.5203818484192,9.25175536422785e-17,-1.5273213659716465,-0.4919425670692299,1.0228530127436715,0.0,optimal,0.49999451038967063,1474.7282449652241,0.2307332428210478,10,pos_lower,2.4905084883286577e-07,16,u_upper,0,17,0.0,9.25175536422785e-17,3.2889286451005267e-18,1.2846583233185026e-19,True,9.25175536422785e-17,mid,mid
28,pos_minus,-1.0,0.0,0.005,optimal,True,0.49999979077374945,5.280384078820699e-06,1526.734553110586,52.0063081453618,False,0.0,0.17904164850789783,0.23073595487074106,0.0,False,1474.7253557699735,-52.009197340612445,9.25175536422785e-17,-1.5273213659716465,-0.4919425670692299,1.0228530127436715,0.0,optimal,0.49999451038967063,1474.7282449652241,0.2307332428210478,10,pos_lower,2.4905084883286577e-07,16,u_upper,0,17,0.0,9.25175536422785e-17,3.2889286451005267e-18,1.2846583233185026e-19,True,9.25175536422785e-17,mid,mid
28,pos_minus,-1.0,0.0,0.015,optimal,True,0.5000002141512703,5.703761599640256e-06,1634.4017247807285,159.67347981550438,False,0.0,0.06065316484958849,0.2307360338577913,0.0,False,1474.7263949621272,-159.6753298186013,9.25175536422785e-17,-1.5273213659716465,-0.4919425670692299,1.0228530127436715,0.0,optimal,0.49999451038967063,1474.7282449652241,0.2307332428210478,10,pos_lower,2.4905084883286577e-07,16,u_upper,0,17,0.0,9.25175536422785e-17,3.2889286451005267e-18,1.2846583233185026e-19,True,9.25175536422785e-17,mid,mid
28,pos_minus,-1.0,0.0,0.03,infeasible,False,,,,,True,,,,,,,,,-1.5273213659716465,-0.4919425670692299,1.0228530127436715,0.0,optimal,0.49999451038967063,1474.7282449652241,0.2307332428210478,10,pos_lower,2.4905084883286577e-07,16,u_upper,0,17,0.0,9.25175536422785e-17,3.2889286451005267e-18,1.2846583233185026e-19,True,9.25175536422785e-17,mid,mid
28,vel_plus,0.0,1.0,0.005,optimal,True,0.49999356622686364,9.441628069928321e-07,1444.9990510222813,-29.729193942942857,False,0.0,0.2504275232018589,0.23073349453256098,0.0,False,1474.7291797421071,29.73012871982587,2.585275692360335e-16,-1.5273213659716465,-0.4919425670692299,1.0228530127436715,0.0,optimal,0.49999451038967063,1474.7282449652241,0.2307332428210478,10,pos_lower,2.4905084883286577e-07,16,u_upper,0,17,0.0,9.25175536422785e-17,3.2889286451005267e-18,1.2846583233185026e-19,True,9.25175536422785e-17,mid,mid
28,vel_plus,0.0,1.0,0.015,optimal,True,0.50000068516361,6.174773939326972e-06,1387.6550580465653,-87.07318691865885,False,0.0,0.28112474140030463,0.23073620127719607,0.0,False,1474.7353714659819,87.0803134194166,2.585275692360335e-16,-1.5273213659716465,-0.4919425670692299,1.0228530127436715,0.0,optimal,0.49999451038967063,1474.7282449652241,0.2307332428210478,10,pos_lower,2.4905084883286577e-07,16,u_upper,0,17,0.0,9.25175536422785e-17,3.2889286451005267e-18,1.2846583233185026e-19,True,9.25175536422785e-17,mid,mid
28,vel_plus,0.0,1.0,0.03,optimal,True,0.500002448206431,7.937816760394956e-06,1306.9411714242087,-167.7870735410154,False,0.0,0.09101929299822697,0.2307370466357639,0.0,False,1474.7654764628026,167.82430503859382,2.585275692360335e-16,-1.5273213659716465,-0.4919425670692299,1.0228530127436715,0.0,optimal,0.49999451038967063,1474.7282449652241,0.2307332428210478,10,pos_lower,2.4905084883286577e-07,16,u_upper,0,17,0.0,9.25175536422785e-17,3.2889286451005267e-18,1.2846583233185026e-19,True,9.25175536422785e-17,mid,mid
28,vel_minus,0.0,-1.0,0.005,optimal,True,0.49999980100285274,5.290613182107329e-06,1505.1612659347556,30.433020969531526,False,0.0,0.20654165562687887,0.23073595982094397,0.0,False,1474.7263345483982,-30.434931386357448,2.585275692360335e-16,-1.5273213659716465,-0.4919425670692299,1.0228530127436715,0.0,optimal,0.49999451038967063,1474.7282449652241,0.2307332428210478,10,pos_lower,2.4905084883286577e-07,16,u_upper,0,17,0.0,9.25175536422785e-17,3.2889286451005267e-18,1.2846583233185026e-19,True,9.25175536422785e-17,mid,mid
28,vel_minus,0.0,-1.0,0.015,optimal,True,0.49999988543109214,5.375041421507021e-06,1568.152326915645,93.42408195042094,False,0.0,0.13745899777567927,0.23073602579177654,0.0,False,1474.733465116597,-93.41886179904805,2.585275692360335e-16,-1.5273213659716465,-0.4919425670692299,1.0228530127436715,0.0,optimal,0.49999451038967063,1474.7282449652241,0.2307332428210478,10,pos_lower,2.4905084883286577e-07,16,u_upper,0,17,0.0,9.25175536422785e-17,3.2889286451005267e-18,1.2846583233185026e-19,True,9.25175536422785e-17,mid,mid
28,vel_minus,0.0,-1.0,0.03,infeasible,False,,,,,True,,,,,,,,,-1.5273213659716465,-0.4919425670692299,1.0228530127436715,0.0,optimal,0.49999451038967063,1474.7282449652241,0.2307332428210478,10,pos_lower,2.4905084883286577e-07,16,u_upper,0,17,0.0,9.25175536422785e-17,3.2889286451005267e-18,1.2846583233185026e-19,True,9.25175536422785e-17,mid,mid
28,random_0,0.9909289106818766,-0.13438710494251077,0.005,optimal,True,0.4999938319907524,6.783989182079786e-07,1428.3313255434234,-46.3969194218007,False,0.0,0.27460047195889237,0.23073360080903393,0.0,False,1474.727957336382,46.39663179295849,4.999530746278722e-16,-1.5273213659716465,-0.4919425670692299,1.0228530127436715,0.0,optimal,0.49999451038967063,1474.7282449652241,0.2307332428210478,10,pos_lower,2.4905084883286577e-07,16,u_upper,0,17,0.0,9.25175536422785e-17,3.2889286451005267e-18,1.2846583233185026e-19,True,9.25175536422785e-17,mid,mid
28,random_0,0.9909289106818766,-0.13438710494251077,0.015,optimal,True,0.5000007309145315,6.220524860822696e-06,1338.5029945864242,-136.22525037879996,False,0.0,0.3506333255541083,0.23073619863076167,0.0,False,1474.7255081886851,136.22251360226096,4.999530746278722e-16,-1.5273213659716465,-0.4919425670692299,1.0228530127436715,0.0,optimal,0.49999451038967063,1474.7282449652241,0.2307332428210478,10,pos_lower,2.4905084883286577e-07,16,u_upper,0,17,0.0,9.25175536422785e-17,3.2889286451005267e-18,1.2846583233185026e-19,True,9.25175536422785e-17,mid,mid
28,random_0,0.9909289106818766,-0.13438710494251077,0.03,optimal,True,0.4999995937201516,5.083330480992743e-06,1211.1900321602334,-263.53821280499074,False,0.0,0.43239409702548537,0.23073606977736127,0.0,False,1474.7268674808215,263.5368353205881,4.999530746278722e-16,-1.5273213659716465,-0.4919425670692299,1.0228530127436715,0.0,optimal,0.49999451038967063,1474.7282449652241,0.2307332428210478,10,pos_lower,2.4905084883286577e-07,16,u_upper,0,17,0.0,9.25175536422785e-17,3.2889286451005267e-18,1.2846583233185026e-19,True,9.25175536422785e-17,mid,mid
28,random_1,0.9085874070339034,-0.41769477346431794,0.005,optimal,True,0.4999983764703866,3.8660807159529575e-06,1440.8432326214063,-33.885012343817834,False,0.0,0.2657975446400327,0.23073541745040704,0.0,False,1474.725836625819,33.88260400441277,2.7649761551663377e-16,-1.5273213659716465,-0.4919425670692299,1.0228530127436715,0.0,optimal,0.49999451038967063,1474.7282449652241,0.2307332428210478,10,pos_lower,2.4905084883286577e-07,16,u_upper,0,17,0.0,9.25175536422785e-17,3.2889286451005267e-18,1.2846583233185026e-19,True,9.25175536422785e-17,mid,mid
28,random_1,0.9085874070339034,-0.41769477346431794,0.015,optimal,True,0.5000000300164666,5.519626796013366e-06,1374.6022794331304,-100.12596553209369,False,0.0,0.33061190098416904,0.2307360830972287,0.0,False,1474.7251638783434,100.122884445213,2.7649761551663377e-16,-1.5273213659716465,-0.4919425670692299,1.0228530127436715,0.0,optimal,0.49999451038967063,1474.7282449652241,0.2307332428210478,10,pos_lower,2.4905084883286577e-07,16,u_upper,0,17,0.0,9.25175536422785e-17,3.2889286451005267e-18,1.2846583233185026e-19,True,9.25175536422785e-17,mid,mid
28,random_1,0.9085874070339034,-0.41769477346431794,0.03,optimal,True,0.49999930437901313,4.793989342499749e-06,1279.056199693562,-195.67204527166223,False,0.0,0.4122624874730465,0.23073594733375913,0.0,False,1474.7255757289436,195.66937603538167,2.7649761551663377e-16,-1.5273213659716465,-0.4919425670692299,1.0228530127436715,0.0,optimal,0.49999451038967063,1474.7282449652241,0.2307332428210478,10,pos_lower,2.4905084883286577e-07,16,u_upper,0,17,0.0,9.25175536422785e-17,3.2889286451005267e-18,1.2846583233185026e-19,True,9.25175536422785e-17,mid,mid
28,random_2,-0.42606089900253974,-0.9046944845311856,0.005,optimal,True,0.49999928165080965,4.771261139013827e-06,1524.5549955518943,49.82675058667019,False,0.0,0.1857289334173633,0.23073577965334757,0.0,False,1474.726692209594,-49.82830334230039,2.7649761551663377e-16,-1.5273213659716465,-0.4919425670692299,1.0228530127436715,0.0,optimal,0.49999451038967063,1474.7282449652241,0.2307332428210478,10,pos_lower,2.4905084883286577e-07,16,u_upper,0,17,0.0,9.25175536422785e-17,3.2889286451005267e-18,1.2846583233185026e-19,True,9.25175536422785e-17,mid,mid
28,random_2,-0.42606089900253974,-0.9046944845311856,0.015,optimal,True,0.49999818550366554,3.675113994905388e-06,1628.4957572581927,153.7675122929686,False,0.0,0.05891207149350408,0.23073586261023848,0.0,False,1474.7333009342874,-153.76245632390533,2.7649761551663377e-16,-1.5273213659716465,-0.4919425670692299,1.0228530127436715,0.0,optimal,0.49999451038967063,1474.7282449652241,0.2307332428210478,10,pos_lower,2.4905084883286577e-07,16,u_upper,0,17,0.0,9.25175536422785e-17,3.2889286451005267e-18,1.2846583233185026e-19,True,9.25175536422785e-17,mid,mid
28,random_2,-0.42606089900253974,-0.9046944845311856,0.03,infeasible,False,,,,,True,,,,,,,,,-1.5273213659716465,-0.4919425670692299,1.0228530127436715,0.0,optimal,0.49999451038967063,1474.7282449652241,0.2307332428210478,10,pos_lower,2.4905084883286577e-07,16,u_upper,0,17,0.0,9.25175536422785e-17,3.2889286451005267e-18,1.2846583233185026e-19,True,9.25175536422785e-17,mid,mid
28,random_3,0.8847938231067735,0.46598271490700144,0.005,optimal,True,0.49999378378122455,7.266084460777478e-07,1416.1198669584842,-58.60837800673994,False,0.0,0.2806310287611766,0.2307335815704481,0.0,False,1474.7286220861222,58.608755127638005,4.0106566701792475e-16,-1.5273213659716465,-0.4919425670692299,1.0228530127436715,0.0,optimal,0.49999451038967063,1474.7282449652241,0.2307332428210478,10,pos_lower,2.4905084883286577e-07,16,u_upper,0,17,0.0,9.25175536422785e-17,3.2889286451005267e-18,1.2846583233185026e-19,True,9.25175536422785e-17,mid,mid
28,random_3,0.8847938231067735,0.46598271490700144,0.015,optimal,True,0.5000010331563576,6.5227666869449585e-06,1304.232019919666,-170.49622504555805,False,0.0,0.3576293272285933,0.23073627098411476,0.0,False,1474.7312129802197,170.49919306055358,4.0106566701792475e-16,-1.5273213659716465,-0.4919425670692299,1.0228530127436715,0.0,optimal,0.49999451038967063,1474.7282449652241,0.2307332428210478,10,pos_lower,2.4905084883286577e-07,16,u_upper,0,17,0.0,9.25175536422785e-17,3.2889286451005267e-18,1.2846583233185026e-19,True,9.25175536422785e-17,mid,mid
28,random_3,0.8847938231067735,0.46598271490700144,0.03,optimal,True,0.5000023681179939,7.85772832329057e-06,1149.7375201462846,-324.9907248189395,False,0.0,0.37335777296502703,0.23073701487625842,0.0,False,1474.7490245506951,325.0115044044105,2.438644329110974e-16,-1.5273213659716465,-0.4919425670692299,1.0228530127436715,0.0,optimal,0.49999451038967063,1474.7282449652241,0.2307332428210478,10,pos_lower,2.4905084883286577e-07,16,u_upper,0,17,0.0,9.25175536422785e-17,3.2889286451005267e-18,1.2846583233185026e-19,True,9.25175536422785e-17,mid,mid
29,pos_plus,1.0,0.0,0.005,optimal,True,0.4999998390541213,1.757292552029277e-07,9.396390794075668,-3.3914377639807043,False,0.0,0.6435261156611886,0.6435261187457343,0.0,False,12.928344386652462,3.5319535925767944,1.1102230246251565e-16,-0.12199286319556046,-0.40647386515967787,0.004805965475472185,0.0,optimal,0.5000000147833765,12.787828558056372,0.6435261366053846,1,vel_lower,-1.4783376522942149e-08,0,u_upper,0,12,0.0,1.1102230246251565e-16,6.233880737539919e-18,2.787109338403247e-17,True,1.1102230246251565e-16,far,far
29,pos_plus,1.0,0.0,0.015,optimal,True,0.5000000308754204,1.6092043919613275e-08,5.1345876719445105,-7.6532408861118615,False,0.0,0.6435261384854041,0.6435261379278642,0.0,False,14.937509498611396,9.802921826666886,2.821764668924315e-17,-0.12199286319556046,-0.40647386515967787,0.004805965475472185,0.0,optimal,0.5000000147833765,12.787828558056372,0.6435261366053846,1,vel_lower,-1.4783376522942149e-08,0,u_upper,0,12,0.0,1.1102230246251565e-16,6.233880737539919e-18,2.787109338403247e-17,True,1.1102230246251565e-16,far,far
29,pos_plus,1.0,0.0,0.03,optimal,True,0.49999999859712313,1.6186253393168926e-08,2.9107548074113927,-9.877073750644978,False,0.0,0.643526134701194,0.6435261347000345,0.0,False,25.98939086658773,23.078636059176336,2.787109338403247e-17,-0.12199286319556046,-0.40647386515967787,0.004805965475472185,0.0,optimal,0.5000000147833765,12.787828558056372,0.6435261366053846,1,vel_lower,-1.4783376522942149e-08,0,u_upper,0,12,0.0,1.1102230246251565e-16,6.233880737539919e-18,2.787109338403247e-17,True,1.1102230246251565e-16,far,far
29,pos_minus,-1.0,0.0,0.005,optimal,True,0.500000061406635,4.6623258476152785e-08,17.19720763247009,4.409379074413717,False,0.0,0.6435261421743323,0.6435261409809856,0.0,False,12.854977693326706,-4.342229939143383,9.029690680424396e-18,-0.12199286319556046,-0.40647386515967787,0.004805965475472185,0.0,optimal,0.5000000147833765,12.787828558056372,0.6435261366053846,1,vel_lower,-1.4783376522942149e-08,0,u_upper,0,12,0.0,1.1102230246251565e-16,6.233880737539919e-18,2.787109338403247e-17,True,1.1102230246251565e-16,far,far
29,pos_minus,-1.0,0.0,0.015,optimal,True,0.5000005168388402,5.020554636470109e-07,29.379759127211397,16.591930569155025,False,0.0,0.6391934099842608,0.6391934512506263,0.0,False,13.086329268834989,-16.293429858376406,9.029690680424396e-18,-0.12199286319556046,-0.40647386515967787,0.004805965475472185,0.0,optimal,0.5000000147833765,12.787828558056372,0.6435261366053846,1,vel_lower,-1.4783376522942149e-08,0,u_upper,0,12,0.0,1.1102230246251565e-16,6.233880737539919e-18,2.787109338403247e-17,True,1.1102230246251565e-16,far,far
29,pos_minus,-1.0,0.0,0.03,optimal,True,0.5000019783353433,1.963551966799315e-06,56.51919558440455,43.73136702634818,False,0.0,0.5894854478265481,0.5894856096644647,0.0,False,13.330773626798567,-43.18842195760598,9.029690680424396e-18,-0.12199286319556046,-0.40647386515967787,0.004805965475472185,0.0,optimal,0.5000000147833765,12.787828558056372,0.6435261366053846,1,vel_lower,-1.4783376522942149e-08,0,u_upper,0,12,0.0,1.1102230246251565e-16,6.233880737539919e-18,2.787109338403247e-17,True,1.1102230246251565e-16,far,far
29,vel_plus,0.0,1.0,0.005,optimal,True,0.5000002182986272,2.035152506518756e-07,11.200785388897325,-1.5870431691590472,False,0.0,0.6485261609161979,0.6435261566701849,0.0,False,12.940669502373593,1.7398841134762684,9.029690680424396e-18,-0.12199286319556046,-0.40647386515967787,0.004805965475472185,0.0,optimal,0.5000000147833765,12.787828558056372,0.6435261366053846,1,vel_lower,-1.4783376522942149e-08,0,u_upper,0,12,0.0,1.1102230246251565e-16,6.233880737539919e-18,2.787109338403247e-17,True,1.1102230246251565e-16,far,far
29,vel_plus,0.0,1.0,0.015,optimal,True,0.4999999565134017,5.826997484525975e-08,9.048230521342317,-3.739598036714055,False,0.0,0.6585261296764255,0.6435261304916623,0.0,False,14.683868369486365,5.635637848144048,9.029690680424396e-18,-0.12199286319556046,-0.40647386515967787,0.004805965475472185,0.0,optimal,0.5000000147833765,12.787828558056372,0.6435261366053846,1,vel_lower,-1.4783376522942149e-08,0,u_upper,0,12,0.0,1.1102230246251565e-16,6.233880737539919e-18,2.787109338403247e-17,True,1.1102230246251565e-16,far,far
29,vel_plus,0.0,1.0,0.03,optimal,True,0.4999999825226499,3.2260726645638726e-08,7.387545598151688,-5.4002829599046835,False,0.0,0.6735261327846358,0.6435261330925871,0.0,False,22.21510636959427,14.827560771442581,9.029690680424396e-18,-0.12199286319556046,-0.40647386515967787,0.004805965475472185,0.0,optimal,0.5000000147833765,12.787828558056372,0.6435261366053846,1,vel_lower,-1.4783376522942149e-08,0,u_upper,0,12,0.0,1.1102230246251565e-16,6.233880737539919e-18,2.787109338403247e-17,True,1.1102230246251565e-16,far,far
29,vel_minus,0.0,-1.0,0.005,optimal,True,0.5000066027062346,6.587922858125594e-06,14.840214127623467,2.052385569567095,False,0.0,0.6385269234308304,0.6435267951109456,0.0,False,12.876982344540988,-1.9632317830824793,9.029690680424396e-18,-0.12199286319556046,-0.40647386515967787,0.004805965475472185,0.0,optimal,0.5000000147833765,12.787828558056372,0.6435261366053846,1,vel_lower,-1.4783376522942149e-08,0,u_upper,0,12,0.0,1.1102230246251565e-16,6.233880737539919e-18,2.787109338403247e-17,True,1.1102230246251565e-16,far,far
29,vel_minus,0.0,-1.0,0.015,optimal,True,0.5000008149836164,8.002002398477259e-07,20.675437302855116,7.887608744798744,False,0.0,0.6285262322325822,0.6094698248450592,0.0,False,13.210899703976128,-7.464537598878987,9.029690680424396e-18,-0.12199286319556046,-0.40647386515967787,0.004805965475472185,0.0,optimal,0.5000000147833765,12.787828558056372,0.6435261366053846,1,vel_lower,-1.4783376522942149e-08,0,u_upper,0,12,0.0,1.1102230246251565e-16,6.233880737539919e-18,2.787109338403247e-17,True,1.1102230246251565e-16,far,far
29,vel_minus,0.0,-1.0,0.03,optimal,True,0.5000022118964429,2.197113066371159e-06,34.39222531180413,21.60439675374776,False,0.0,0.613526399192466,0.5507360010106652,0.0,False,13.48635084355163,-20.905874468252502,9.029690680424396e-18,-0.12199286319556046,-0.40647386515967787,0.004805965475472185,0.0,optimal,0.5000000147833765,12.787828558056372,0.6435261366053846,1,vel_lower,-1.4783376522942149e-08,0,u_upper,0,12,0.0,1.1102230246251565e-16,6.233880737539919e-18,2.787109338403247e-17,True,1.1102230246251565e-16,far,far
29,random_0,0.9909289106818766,-0.13438710494251077,0.005,optimal,True,0.5000000870535701,7.227019360733777e-08,9.596168321824932,-3.1916602362314404,False,0.0,0.6428542097133638,0.6435261435456792,0.0,False,12.881290696222592,3.2851223743976607,9.029690680424396e-18,-0.12199286319556046,-0.40647386515967787,0.004805965475472185,0.0,optimal,0.5000000147833765,12.787828558056372,0.6435261366053846,1,vel_lower,-1.4783376522942149e-08,0,u_upper,0,12,0.0,1.1102230246251565e-16,6.233880737539919e-18,2.787109338403247e-17,True,1.1102230246251565e-16,far,far
29,random_0,0.9909289106818766,-0.13438710494251077,0.015,optimal,True,0.4999999424275017,7.235587484721862e-08,5.411891930012742,-7.37593662804363,False,0.0,0.6415103214353639,0.6435261290830723,0.0,False,14.252606173313474,8.84071424330073,9.029690680424396e-18,-0.12199286319556046,-0.40647386515967787,0.004805965475472185,0.0,optimal,0.5000000147833765,12.787828558056372,0.6435261366053846,1,vel_lower,-1.4783376522942149e-08,0,u_upper,0,12,0.0,1.1102230246251565e-16,6.233880737539919e-18,2.787109338403247e-17,True,1.1102230246251565e-16,far,far
29,random_0,0.9909289106818766,-0.13438710494251077,0.03,optimal,True,0.4999999989006801,1.588269643582052e-08,3.0730136642470556,-9.714814893809317,False,0.0,0.6394945215545735,0.6435261347303901,0.0,False,22.2770485089206,19.204034844673544,9.029690680424396e-18,-0.12199286319556046,-0.40647386515967787,0.004805965475472185,0.0,optimal,0.5000000147833765,12.787828558056372,0.6435261366053846,1,vel_lower,-1.4783376522942149e-08,0,u_upper,0,12,0.0,1.1102230246251565e-16,6.233880737539919e-18,2.787109338403247e-17,True,1.1102230246251565e-16,far,far
29,random_1,0.9085874070339034,-0.41769477346431794,0.005,optimal,True,0.4999999787112454,3.6072131115449935e-08,10.245416733884769,-2.5424118241716034,False,0.0,0.6414376584830761,0.6435261327114467,0.0,False,12.814344439699322,2.568927705814554,9.029690680424396e-18,-0.12199286319556046,-0.40647386515967787,0.004805965475472185,0.0,optimal,0.5000000147833765,12.787828558056372,0.6435261366053846,1,vel_lower,-1.4783376522942149e-08,0,u_upper,0,12,0.0,1.1102230246251565e-16,6.233880737539919e-18,2.787109338403247e-17,True,1.1102230246251565e-16,far,far
29,random_1,0.9085874070339034,-0.41769477346431794,0.015,optimal,True,0.5000000864030918,7.161971526947752e-08,6.494517019151328,-6.293311538905044,False,0.0,0.6372607235267213,0.6435261434806313,0.0,False,13.149485781228343,6.654968762077015,9.029690680424396e-18,-0.12199286319556046,-0.40647386515967787,0.004805965475472185,0.0,optimal,0.5000000147833765,12.787828558056372,0.6435261366053846,1,vel_lower,-1.4783376522942149e-08,0,u_upper,0,12,0.0,1.1102230246251565e-16,6.233880737539919e-18,2.787109338403247e-17,True,1.1102230246251565e-16,far,far
29,random_1,0.9085874070339034,-0.41769477346431794,0.03,optimal,True,0.49999998172321564,3.306016088666652e-08,3.780237761516017,-9.007590796540356,False,0.0,0.6309952894739863,0.6435261330126437,0.0,False,15.408450925609653,11.628213164093637,9.029690680424396e-18,-0.12199286319556046,-0.40647386515967787,0.004805965475472185,0.0,optimal,0.5000000147833765,12.787828558056372,0.6435261366053846,1,vel_lower,-1.4783376522942149e-08,0,u_upper,0,12,0.0,1.1102230246251565e-16,6.233880737539919e-18,2.787109338403247e-17,True,1.1102230246251565e-16,far,far
29,random_2,-0.42606089900253974,-0.9046944845311856,0.005,optimal,True,0.5000000882447061,7.346132957497531e-08,16.626178960433815,3.8383504023774435,False,0.0,0.6390026729570353,0.6435261436647928,0.0,False,12.915467019314411,-3.7107119411194045,9.029690680424396e-18,-0.12199286319556046,-0.40647386515967787,0.004805965475472185,0.0,optimal,0.5000000147833765,12.787828558056372,0.6435261366053846,1,vel_lower,-1.4783376522942149e-08,0,u_upper,0,12,0.0,1.1102230246251565e-16,6.233880737539919e-18,2.787109338403247e-17,True,1.1102230246251565e-16,far,far
29,random_2,-0.42606089900253974,-0.9046944845311856,0.015,optimal,True,0.5000013664833574,1.3516999808338426e-06,28.073930068218996,15.286101510162624,False,0.0,0.6299558808700079,0.5964188461763953,0.0,False,13.273446862956204,-14.800483205262791,9.029690680424396e-18,-0.12199286319556046,-0.40647386515967787,0.004805965475472185,0.0,optimal,0.5000000147833765,12.787828558056372,0.6435261366053846,1,vel_lower,-1.4783376522942149e-08,0,u_upper,0,12,0.0,1.1102230246251565e-16,6.233880737539919e-18,2.787109338403247e-17,True,1.1102230246251565e-16,far,far
29,random_2,-0.42606089900253974,-0.9046944845311856,0.03,optimal,True,0.5000032753576991,3.2605743225389006e-06,55.618594429442574,42.830765871386205,False,0.0,0.6163856917548246,0.5409708865692142,0.0,False,13.546274877408361,-42.072319552034216,9.029690680424396e-18,-0.12199286319556046,-0.40647386515967787,0.004805965475472185,0.0,optimal,0.5000000147833765,12.787828558056372,0.6435261366053846,1,vel_lower,-1.4783376522942149e-08,0,u_upper,0,12,0.0,1.1102230246251565e-16,6.233880737539919e-18,2.787109338403247e-17,True,1.1102230246251565e-16,far,far
29,random_3,0.8847938231067735,0.46598271490700144,0.005,optimal,True,0.49999890998149893,1.104801877593875e-06,9.162781162723165,-3.6250473953332065,False,0.0,0.6458559185493189,0.6435260258384721,0.0,False,13.077432274144963,3.9146511114217972,9.029690680424396e-18,-0.12199286319556046,-0.40647386515967787,0.004805965475472185,0.0,optimal,0.5000000147833765,12.787828558056372,0.6435261366053846,1,vel_lower,-1.4783376522942149e-08,0,u_upper,0,12,0.0,1.1102230246251565e-16,6.233880737539919e-18,2.787109338403247e-17,True,1.1102230246251565e-16,far,far
29,random_3,0.8847938231067735,0.46598271490700144,0.015,optimal,True,0.4999999715808764,4.32025001328995e-08,4.936171762064104,-7.851656795992268,False,0.0,0.650515872208334,0.6435261319984098,0.0,False,17.08094187895285,12.144770116888745,1.795351596491864e-18,-0.12199286319556046,-0.40647386515967787,0.004805965475472185,0.0,optimal,0.5000000147833765,12.787828558056372,0.6435261366053846,1,vel_lower,-1.4783376522942149e-08,0,u_upper,0,12,0.0,1.1102230246251565e-16,6.233880737539919e-18,2.787109338403247e-17,True,1.1102230246251565e-16,far,far
29,random_3,0.8847938231067735,0.46598271490700144,0.03,optimal,True,0.4999999984270408,1.6356335730272065e-08,2.747993933355271,-10.0398346247011,False,0.0,0.6575056161010544,0.6435261346830262,0.0,False,36.27068176726101,33.52268783390574,1.795351596491864e-18,-0.12199286319556046,-0.40647386515967787,0.004805965475472185,0.0,optimal,0.5000000147833765,12.787828558056372,0.6435261366053846,1,vel_lower,-1.4783376522942149e-08,0,u_upper,0,12,0.0,1.1102230246251565e-16,6.233880737539919e-18,2.787109338403247e-17,True,1.1102230246251565e-16,far,far
30,pos_plus,1.0,0.0,0.005,optimal,True,0.49999006252992767,9.881558321378492e-06,55.08613675091326,-4.3610185917424715,False,0.0,0.3961079873755855,0.39610761508124503,0.0,False,59.76739582193719,4.681259071023931,3.9237617382456863e-16,-1.1126012713178612,0.23558445009328322,-0.24768113235945854,0.0,optimal,0.49999994408824905,59.44715534265573,0.3605272857702829,9,vel_upper,2.7912051447920305e-08,4,u_upper,0,7,0.0,3.9237617382456863e-16,1.3877787807814457e-16,5.065967833247453e-19,True,3.9237617382456863e-16,far,mid
30,pos_plus,1.0,0.0,0.015,optimal,True,0.5000000049364027,6.084815368234686e-08,47.920088090026375,-11.527067252629358,False,0.0,0.4668547414580442,0.46685474165713103,0.0,False,62.765730739281075,14.8456426492547,3.9237617382456863e-16,-1.1126012713178612,0.23558445009328322,-0.24768113235945854,0.0,optimal,0.49999994408824905,59.44715534265573,0.3605272857702829,9,vel_upper,2.7912051447920305e-08,4,u_upper,0,7,0.0,3.9237617382456863e-16,1.3877787807814457e-16,5.065967833247453e-19,True,3.9237617382456863e-16,far,mid
30,pos_plus,1.0,0.0,0.03,optimal,True,0.49999997193195445,2.7843705396879415e-08,40.3049774095189,-19.142177933136836,False,0.0,0.5534561726623661,0.5534561716304369,0.0,False,74.20487630122847,33.89989889170957,3.9237617382456863e-16,-1.1126012713178612,0.23558445009328322,-0.24768113235945854,0.0,optimal,0.49999994408824905,59.44715534265573,0.3605272857702829,9,vel_upper,2.7912051447920305e-08,4,u_upper,0,7,0.0,3.9237617382456863e-16,1.3877787807814457e-16,5.065967833247453e-19,True,3.9237617382456863e-16,far,mid
30,pos_minus,-1.0,0.0,0.005,optimal,True,0.500000090573649,1.464853999766369e-07,64.40555580195155,4.958400459295817,False,0.0,0.3233821694058805,0.3233821746742733,0.0,False,59.725716235344166,-4.679839566607384,3.9237617382456863e-16,-1.1126012713178612,0.23558445009328322,-0.24768113235945854,0.0,optimal,0.49999994408824905,59.44715534265573,0.3605272857702829,9,vel_upper,2.7912051447920305e-08,4,u_upper,0,7,0.0,3.9237617382456863e-16,1.3877787807814457e-16,5.065967833247453e-19,True,3.9237617382456863e-16,far,mid
30,pos_minus,-1.0,0.0,0.015,optimal,True,0.5000000717849324,1.2769668339407403e-07,76.41641316285347,16.96925782019774,False,0.0,0.2418493312382921,0.24184933518351592,0.0,False,61.55554685768755,-14.86086630516592,3.9237617382456863e-16,-1.1126012713178612,0.23558445009328322,-0.24768113235945854,0.0,optimal,0.49999994408824905,59.44715534265573,0.3605272857702829,9,vel_upper,2.7912051447920305e-08,4,u_upper,0,7,0.0,3.9237617382456863e-16,1.3877787807814457e-16,5.065967833247453e-19,True,3.9237617382456863e-16,far,mid
30,pos_minus,-1.0,0.0,0.03,optimal,True,0.49999999769402653,5.3605777483589634e-08,100.86132539817346,41.41417005551773,False,0.0,0.12696244312837313,0.1269624383158705,0.0,False,64.98182352292199,-35.87950187525148,3.9237617382456863e-16,-1.1126012713178612,0.23558445009328322,-0.24768113235945854,0.0,optimal,0.49999994408824905,59.44715534265573,0.3605272857702829,9,vel_upper,2.7912051447920305e-08,4,u_upper,0,7,0.0,3.9237617382456863e-16,1.3877787807814457e-16,5.065967833247453e-19,True,3.9237617382456863e-16,far,mid
30,vel_plus,0.0,1.0,0.005,optimal,True,0.5000000685044741,1.2441622504466565e-07,58.66844701539198,-0.7787083272637503,False,0.0,0.34858136170275145,0.38960943060526243,0.0,False,59.72397380654885,1.0555267911568649,3.9237617382456863e-16,-1.1126012713178612,0.23558445009328322,-0.24768113235945854,0.0,optimal,0.49999994408824905,59.44715534265573,0.3605272857702829,9,vel_upper,2.7912051447920305e-08,4,u_upper,0,7,0.0,3.9237617382456863e-16,1.3877787807814457e-16,5.065967833247453e-19,True,3.9237617382456863e-16,far,mid
30,vel_plus,0.0,1.0,0.015,optimal,True,0.4999999505937581,6.505509075882543e-09,57.54402143173868,-1.903133910917056,False,0.0,0.3256957198004443,0.4384986594125171,0.0,False,62.022499602784784,4.478478171046106,3.9237617382456863e-16,-1.1126012713178612,0.23558445009328322,-0.24768113235945854,0.0,optimal,0.49999994408824905,59.44715534265573,0.3605272857702829,9,vel_upper,2.7912051447920305e-08,4,u_upper,0,7,0.0,3.9237617382456863e-16,1.3877787807814457e-16,5.065967833247453e-19,True,3.9237617382456863e-16,far,mid
30,vel_plus,0.0,1.0,0.03,optimal,True,0.49999990729393246,3.6794316593535825e-08,56.86592135517022,-2.5812339874855112,False,0.0,0.3250391976813627,0.5056679976036436,0.0,False,69.73259517768294,12.866673822512716,3.9237617382456863e-16,-1.1126012713178612,0.23558445009328322,-0.24768113235945854,0.0,optimal,0.49999994408824905,59.44715534265573,0.3605272857702829,9,vel_upper,2.7912051447920305e-08,4,u_upper,0,7,0.0,3.9237617382456863e-16,1.3877787807814457e-16,5.065967833247453e-19,True,3.9237617382456863e-16,far,mid
30,vel_minus,0.0,-1.0,0.005,optimal,True,0.500000043646213,9.955796392846494e-08,60.388416496755255,0.9412611540995215,False,0.0,0.3799964121206876,0.33159097370209567,0.0,False,59.704210179148994,-0.6842063176062609,3.9237617382456863e-16,-1.1126012713178612,0.23558445009328322,-0.24768113235945854,0.0,optimal,0.49999994408824905,59.44715534265573,0.3605272857702829,9,vel_upper,2.7912051447920305e-08,4,u_upper,0,7,0.0,3.9237617382456863e-16,1.3877787807814457e-16,5.065967833247453e-19,True,3.9237617382456863e-16,far,mid
30,vel_minus,0.0,-1.0,0.015,optimal,True,0.499999937795726,6.292523058171184e-09,62.901454499180346,3.4542991565246126,False,0.0,0.4210352005804221,0.25603519671202035,0.0,False,61.57556697101149,-1.325887528168856,3.9237617382456863e-16,-1.1126012713178612,0.23558445009328322,-0.24768113235945854,0.0,optimal,0.49999994408824905,59.44715534265573,0.3605272857702829,9,vel_upper,2.7912051447920305e-08,4,u_upper,0,7,0.0,3.9237617382456863e-16,1.3877787807814457e-16,5.065967833247453e-19,True,3.9237617382456863e-16,far,mid
30,vel_minus,0.0,-1.0,0.03,optimal,True,0.4999999033897762,4.06984728695825e-08,68.94737641593478,9.50022107327905,False,0.0,0.5175784195695687,0.10651696898437735,0.0,False,65.86700250608396,-3.0803739098508203,3.9237617382456863e-16,-1.1126012713178612,0.23558445009328322,-0.24768113235945854,0.0,optimal,0.49999994408824905,59.44715534265573,0.3605272857702829,9,vel_upper,2.7912051447920305e-08,4,u_upper,0,7,0.0,3.9237617382456863e-16,1.3877787807814457e-16,5.065967833247453e-19,True,3.9237617382456863e-16,far,mid
30,random_0,0.9909289106818766,-0.13438710494251077,0.005,optimal,True,0.5000000612240783,1.1713582920291898e-07,55.208796673500736,-4.238358669154998,False,0.0,0.39893170302323866,0.3935562221411837,0.0,False,59.68853717627516,4.479740502774426,3.9237617382456863e-16,-1.1126012713178612,0.23558445009328322,-0.24768113235945854,0.0,optimal,0.49999994408824905,59.44715534265573,0.3605272857702829,9,vel_upper,2.7912051447920305e-08,4,u_upper,0,7,0.0,3.9237617382456863e-16,1.3877787807814457e-16,5.065967833247453e-19,True,3.9237617382456863e-16,far,mid
30,random_0,0.9909289106818766,-0.13438710494251077,0.015,optimal,True,0.5000000055307494,6.144250036532739e-08,48.1352034788818,-11.311951863773935,False,0.0,0.4696105385582434,0.45549989277439895,0.0,False,61.923770473961376,13.788566995079577,3.9237617382456863e-16,-1.1126012713178612,0.23558445009328322,-0.24768113235945854,0.0,optimal,0.49999994408824905,59.44715534265573,0.3605272857702829,9,vel_upper,2.7912051447920305e-08,4,u_upper,0,7,0.0,3.9237617382456863e-16,1.3877787807814457e-16,5.065967833247453e-19,True,3.9237617382456863e-16,far,mid
30,random_0,0.9909289106818766,-0.13438710494251077,0.03,optimal,True,0.5000000024322238,5.834397470705355e-08,40.431676944371155,-19.01547839828458,False,0.0,0.5614708558169244,0.5413127902452926,0.0,False,70.64951718777958,30.217840243408425,3.9237617382456863e-16,-1.1126012713178612,0.23558445009328322,-0.24768113235945854,0.0,optimal,0.49999994408824905,59.44715534265573,0.3605272857702829,9,vel_upper,2.7912051447920305e-08,4,u_upper,0,7,0.0,3.9237617382456863e-16,1.3877787807814457e-16,5.065967833247453e-19,True,3.9237617382456863e-16,far,mid
30,random_1,0.9085874070339034,-0.41769477346431794,0.005,optimal,True,0.4999999520164882,7.928239176280272e-09,55.74468971517649,-3.702465627479242,False,0.0,0.40336484912235426,0.3862217131493063,0.0,False,59.537310764979736,3.7926210498032447,3.9237617382456863e-16,-1.1126012713178612,0.23558445009328322,-0.24768113235945854,0.0,optimal,0.49999994408824905,59.44715534265573,0.3605272857702829,9,vel_upper,2.7912051447920305e-08,4,u_upper,0,7,0.0,3.9237617382456863e-16,1.3877787807814457e-16,5.065967833247453e-19,True,3.9237617382456863e-16,far,mid
30,random_1,0.9085874070339034,-0.41769477346431794,0.015,optimal,True,0.4999999838695784,3.978132934179257e-08,49.29435114153124,-10.152804201124496,False,0.0,0.47742110388359404,0.43041745788597674,0.0,False,60.36331479623965,11.068963654708412,3.9237617382456863e-16,-1.1126012713178612,0.23558445009328322,-0.24768113235945854,0.0,optimal,0.49999994408824905,59.44715534265573,0.3605272857702829,9,vel_upper,2.7912051447920305e-08,4,u_upper,0,7,0.0,3.9237617382456863e-16,1.3877787807814457e-16,5.065967833247453e-19,True,3.9237617382456863e-16,far,mid
30,random_1,0.9085874070339034,-0.41769477346431794,0.03,optimal,True,0.49999999711937665,5.303112760035589e-08,41.76686852363063,-17.680286819025106,False,0.0,0.5693462105344395,0.4941611511144287,0.0,False,63.58932963089856,21.822461107267934,3.9237617382456863e-16,-1.1126012713178612,0.23558445009328322,-0.24768113235945854,0.0,optimal,0.49999994408824905,59.44715534265573,0.3605272857702829,9,vel_upper,2.7912051447920305e-08,4,u_upper,0,7,0.0,3.9237617382456863e-16,1.3877787807814457e-16,5.065967833247453e-19,True,3.9237617382456863e-16,far,mid
30,random_2,-0.42606089900253974,-0.9046944845311856,0.005,optimal,True,0.500000093396297,1.4930804798085617e-07,62.43371279933832,2.98655745668259,False,0.0,0.3612062184312509,0.31597149980596473,0.0,False,59.907939823616935,-2.525772975721388,3.9237617382456863e-16,-1.1126012713178612,0.23558445009328322,-0.24768113235945854,0.0,optimal,0.49999994408824905,59.44715534265573,0.3605272857702829,9,vel_upper,2.7912051447920305e-08,4,u_upper,0,7,0.0,3.9237617382456863e-16,1.3877787807814457e-16,5.065967833247453e-19,True,3.9237617382456863e-16,far,mid
30,random_2,-0.42606089900253974,-0.9046944845311856,0.015,optimal,True,0.5000001252922665,1.8120401740207015e-07,70.13629445775665,10.689139115100915,False,0.0,0.3706403010040624,0.20779530143442126,0.0,False,62.87794053167868,-7.258353926077966,3.9237617382456863e-16,-1.1126012713178612,0.23558445009328322,-0.24768113235945854,0.0,optimal,0.49999994408824905,59.44715534265573,0.3605272857702829,9,vel_upper,2.7912051447920305e-08,4,u_upper,0,7,0.0,3.9237617382456863e-16,1.3877787807814457e-16,5.065967833247453e-19,True,3.9237617382456863e-16,far,mid
30,random_2,-0.42606089900253974,-0.9046944845311856,0.03,optimal,True,0.500000439459829,4.953715799227432e-07,88.25297940228252,28.805824059626786,False,0.0,0.44438686858413123,0.03190102665929362,0.0,False,67.48509162680767,-20.767887775474847,3.9237617382456863e-16,-1.1126012713178612,0.23558445009328322,-0.24768113235945854,0.0,optimal,0.49999994408824905,59.44715534265573,0.3605272857702829,9,vel_upper,2.7912051447920305e-08,4,u_upper,0,7,0.0,3.9237617382456863e-16,1.3877787807814457e-16,5.065967833247453e-19,True,3.9237617382456863e-16,far,mid
30,random_3,0.8847938231067735,0.46598271490700144,0.005,optimal,True,0.49999994766343053,3.575181484194445e-09,55.270567118375446,-4.176588224280287,False,0.0,0.38555141745902677,0.4041907227059365,0.0,False,60.0144082479441,4.743841129568651,3.9237617382456863e-16,-1.1126012713178612,0.23558445009328322,-0.24768113235945854,0.0,optimal,0.49999994408824905,59.44715534265573,0.3605272857702829,9,vel_upper,2.7912051447920305e-08,4,u_upper,0,7,0.0,3.9237617382456863e-16,1.3877787807814457e-16,5.065967833247453e-19,True,3.9237617382456863e-16,far,mid
30,random_3,0.8847938231067735,0.46598271490700144,0.015,optimal,True,0.5000000567617304,1.1267348137833366e-07,48.63014987888769,-10.81700546376804,False,0.0,0.4415500940081494,0.4864149648647902,0.0,False,65.13622634939408,16.506076470506386,3.9237617382456863e-16,-1.1126012713178612,0.23558445009328322,-0.24768113235945854,0.0,optimal,0.49999994408824905,59.44715534265573,0.3605272857702829,9,vel_upper,2.7912051447920305e-08,4,u_upper,0,7,0.0,3.9237617382456863e-16,1.3877787807814457e-16,5.065967833247453e-19,True,3.9237617382456863e-16,far,mid
30,random_3,0.8847938231067735,0.46598271490700144,0.03,optimal,True,0.5000000388131821,9.472493306406093e-08,41.96022763596345,-17.486927706692285,False,0.0,0.5299790726137247,0.5877134617959725,0.0,False,84.07831718256193,42.11808954659848,3.9237617382456863e-16,-1.1126012713178612,0.23558445009328322,-0.24768113235945854,0.0,optimal,0.49999994408824905,59.44715534265573,0.3605272857702829,9,vel_upper,2.7912051447920305e-08,4,u_upper,0,7,0.0,3.9237617382456863e-16,1.3877787807814457e-16,5.065967833247453e-19,True,3.9237617382456863e-16,far,mid
31,pos_plus,1.0,0.0,0.005,optimal,True,0.4999993339585486,5.871290906844795e-06,156.41192951238955,-14.993393372192287,False,0.0,0.45056539729131506,0.45056534280573146,0.0,False,171.41382137408385,15.001891861694304,1.795351596491864e-18,-0.38073207649125607,-0.23818549302254816,0.5992999283468867,0.0,optimal,0.5000052052494555,171.40532288458184,0.4359293254979867,17,vel_upper,-5.205249455464411e-06,0,u_upper,0,15,0.0,1.795351596491864e-18,0.0,5.065967833247453e-19,True,1.795351596491864e-18,far,mid
31,pos_plus,1.0,0.0,0.015,optimal,True,0.49999940495035766,5.8002990978023306e-06,130.01841744090555,-41.386905443676284,False,0.0,0.48638882112515625,0.4863887736833813,0.0,False,171.5315686025097,41.513151161604156,1.795351596491864e-18,-0.38073207649125607,-0.23818549302254816,0.5992999283468867,0.0,optimal,0.5000052052494555,171.40532288458184,0.4359293254979867,17,vel_upper,-5.205249455464411e-06,0,u_upper,0,15,0.0,1.795351596491864e-18,0.0,5.065967833247453e-19,True,1.795351596491864e-18,far,mid
31,pos_plus,1.0,0.0,0.03,optimal,True,0.49999826061274677,6.944636708694496e-06,99.1683573077981,-72.23696557678373,False,0.0,0.5823548045130239,0.5823546938237294,0.0,False,172.75698816500466,73.58863085720655,1.795351596491864e-18,-0.38073207649125607,-0.23818549302254816,0.5992999283468867,0.0,optimal,0.5000052052494555,171.40532288458184,0.4359293254979867,17,vel_upper,-5.205249455464411e-06,0,u_upper,0,15,0.0,1.795351596491864e-18,0.0,5.065967833247453e-19,True,1.795351596491864e-18,far,mid
31,pos_minus,-1.0,0.0,0.005,optimal,True,0.5000054277521454,2.225026899393967e-07,187.60088192087255,16.195559036290717,False,0.0,0.42216154063168476,0.4221619903706758,0.0,False,171.4120633405361,-16.18881858033646,1.795351596491864e-18,-0.38073207649125607,-0.23818549302254816,0.5992999283468867,0.0,optimal,0.5000052052494555,171.40532288458184,0.4359293254979867,17,vel_upper,-5.205249455464411e-06,0,u_upper,0,15,0.0,1.795351596491864e-18,0.0,5.065967833247453e-19,True,1.795351596491864e-18,far,mid
31,pos_minus,-1.0,0.0,0.015,optimal,True,0.5000019654708997,3.2397785557636283e-06,223.62219278757956,52.21686990299773,False,0.0,0.4121534006044695,0.4121535634611232,0.0,False,171.4263174473493,-52.19587534023026,1.795351596491864e-18,-0.38073207649125607,-0.23818549302254816,0.5992999283468867,0.0,optimal,0.5000052052494555,171.40532288458184,0.4359293254979867,17,vel_upper,-5.205249455464411e-06,0,u_upper,0,15,0.0,1.795351596491864e-18,0.0,5.065967833247453e-19,True,1.795351596491864e-18,far,mid
31,pos_minus,-1.0,0.0,0.03,optimal,True,0.5000029501768509,2.2550726045400538e-06,286.7508374766798,115.34551459209797,False,0.0,0.3946461507371646,0.39464639537946433,0.0,False,171.4728686528219,-115.27796882385792,1.795351596491864e-18,-0.38073207649125607,-0.23818549302254816,0.5992999283468867,0.0,optimal,0.5000052052494555,171.40532288458184,0.4359293254979867,17,vel_upper,-5.205249455464411e-06,0,u_upper,0,15,0.0,1.795351596491864e-18,0.0,5.065967833247453e-19,True,1.795351596491864e-18,far,mid
31,vel_plus,0.0,1.0,0.005,optimal,True,0.4999952863061906,9.918943264852764e-06,163.81940608513005,-7.58591679945178,False,0.0,0.37282788095024677,0.45782749534597245,0.0,False,171.4237716877607,7.604365602630651,1.795351596491864e-18,-0.38073207649125607,-0.23818549302254816,0.5992999283468867,0.0,optimal,0.5000052052494555,171.40532288458184,0.4359293254979867,17,vel_upper,-5.205249455464411e-06,0,u_upper,0,15,0.0,1.795351596491864e-18,0.0,5.065967833247453e-19,True,1.795351596491864e-18,far,mid
31,vel_plus,0.0,1.0,0.015,optimal,True,0.49999958515944964,5.620090005820089e-06,150.6379219894213,-20.767400895160534,False,0.0,0.2657134106614829,0.5067042088040684,0.0,False,171.67780910464222,21.03988711522092,1.795351596491864e-18,-0.38073207649125607,-0.23818549302254816,0.5992999283468867,0.0,optimal,0.5000052052494555,171.40532288458184,0.4359293254979867,17,vel_upper,-5.205249455464411e-06,0,u_upper,0,15,0.0,1.795351596491864e-18,0.0,5.065967833247453e-19,True,1.795351596491864e-18,far,mid
31,vel_plus,0.0,1.0,0.03,optimal,True,0.4999994306721814,5.7745772740758206e-06,135.46080072098337,-35.944522163598464,False,0.0,0.16690368190909854,0.5992088313899007,0.0,False,173.64206718820327,38.1812664672199,1.795351596491864e-18,-0.38073207649125607,-0.23818549302254816,0.5992999283468867,0.0,optimal,0.5000052052494555,171.40532288458184,0.4359293254979867,17,vel_upper,-5.205249455464411e-06,0,u_upper,0,15,0.0,1.795351596491864e-18,0.0,5.065967833247453e-19,True,1.795351596491864e-18,far,mid
31,vel_minus,0.0,-1.0,0.005,optimal,True,0.5000042986271414,9.066223141118712e-07,179.66874196100903,8.263419076427198,False,0.0,0.503620416643074,0.41862077282216215,0.0,False,171.41625310126497,-8.252488859744062,1.795351596491864e-18,-0.38073207649125607,-0.23818549302254816,0.5992999283468867,0.0,optimal,0.5000052052494555,171.40532288458184,0.4359293254979867,17,vel_upper,-5.205249455464411e-06,0,u_upper,0,15,0.0,1.795351596491864e-18,0.0,5.065967833247453e-19,True,1.795351596491864e-18,far,mid
31,vel_minus,0.0,-1.0,0.015,optimal,True,0.5000015031332269,3.702116228576635e-06,198.2774261957984,26.872103311216563,False,0.0,0.6565280232855002,0.3952337042413685,0.0,False,171.46283576719648,-26.814590428601917,1.795351596491864e-18,-0.38073207649125607,-0.23818549302254816,0.5992999283468867,0.0,optimal,0.5000052052494555,171.40532288458184,0.4359293254979867,17,vel_upper,-5.205249455464411e-06,0,u_upper,0,15,0.0,1.795351596491864e-18,0.0,5.065967833247453e-19,True,1.795351596491864e-18,far,mid
31,vel_minus,0.0,-1.0,0.03,optimal,True,0.5000025783208955,2.6269285600122316e-06,231.42732223956259,60.02199935498075,False,0.0,0.7818148151330886,0.36773429631954435,0.0,False,171.548456801342,-59.87886543822057,1.795351596491864e-18,-0.38073207649125607,-0.23818549302254816,0.5992999283468867,0.0,optimal,0.5000052052494555,171.40532288458184,0.4359293254979867,17,vel_upper,-5.205249455464411e-06,0,u_upper,0,15,0.0,1.795351596491864e-18,0.0,5.065967833247453e-19,True,1.795351596491864e-18,far,mid
31,random_0,0.9909289106818766,-0.13438710494251077,0.005,optimal,True,0.49999615811980747,9.047129647998808e-06,157.50840863553515,-13.896914249046688,False,0.0,0.45891423132600206,0.4474910131204334,0.0,False,171.41138569677784,13.902977061242694,1.795351596491864e-18,-0.38073207649125607,-0.23818549302254816,0.5992999283468867,0.0,optimal,0.5000052052494555,171.40532288458184,0.4359293254979867,17,vel_upper,-5.205249455464411e-06,0,u_upper,0,15,0.0,1.795351596491864e-18,0.0,5.065967833247453e-19,True,1.795351596491864e-18,far,mid
31,random_0,0.9909289106818766,-0.13438710494251077,0.015,optimal,True,0.4999994265011649,5.778748290552471e-06,132.65161642388674,-38.7537064606951,False,0.0,0.5058396592410611,0.47358670833119976,0.0,False,171.46715738669945,38.81554096281272,1.795351596491864e-18,-0.38073207649125607,-0.23818549302254816,0.5992999283468867,0.0,optimal,0.5000052052494555,171.40532288458184,0.4359293254979867,17,vel_upper,-5.205249455464411e-06,0,u_upper,0,15,0.0,1.795351596491864e-18,0.0,5.065967833247453e-19,True,1.795351596491864e-18,far,mid
31,random_0,0.9909289106818766,-0.13438710494251077,0.03,optimal,True,0.49999986760643056,5.3376430249052476e-06,102.59782815588731,-68.80749472869452,False,0.0,0.6041416162361676,0.5436674089301197,0.0,False,172.05509236175004,69.45726420586273,1.795351596491864e-18,-0.38073207649125607,-0.23818549302254816,0.5992999283468867,0.0,optimal,0.5000052052494555,171.40532288458184,0.4359293254979867,17,vel_upper,-5.205249455464411e-06,0,u_upper,0,15,0.0,1.795351596491864e-18,0.0,5.065967833247453e-19,True,1.795351596491864e-18,far,mid
31,random_1,0.9085874070339034,-0.41769477346431794,0.005,optimal,True,0.5000029126391025,2.292610353005209e-06,160.7999867346237,-10.605336149958134,False,0.0,0.4755850006532113,0.44008118317745415,0.0,False,171.40649937504537,10.60651264042167,1.795351596491864e-18,-0.38073207649125607,-0.23818549302254816,0.5992999283468867,0.0,optimal,0.5000052052494555,171.40532288458184,0.4359293254979867,17,vel_upper,-5.205249455464411e-06,0,u_upper,0,15,0.0,1.795351596491864e-18,0.0,5.065967833247453e-19,True,1.795351596491864e-18,far,mid
31,random_1,0.9085874070339034,-0.41769477346431794,0.015,optimal,True,0.4999992059928051,5.999256650346396e-06,141.1104310527516,-30.294891831830228,False,0.0,0.5548960469150181,0.44838381472777655,0.0,False,171.4126224872951,30.302191434543488,1.795351596491864e-18,-0.38073207649125607,-0.23818549302254816,0.5992999283468867,0.0,optimal,0.5000052052494555,171.40532288458184,0.4359293254979867,17,vel_upper,-5.205249455464411e-06,0,u_upper,0,15,0.0,1.795351596491864e-18,0.0,5.065967833247453e-19,True,1.795351596491864e-18,far,mid
31,random_1,0.9085874070339034,-0.41769477346431794,0.03,optimal,True,0.499999403220109,5.8020293464688955e-06,115.37813437062398,-56.02718851395785,False,0.0,0.6686321865825992,0.4632668882463604,0.0,False,171.44347917047438,56.06534479985039,9.74642081487272e-19,-0.38073207649125607,-0.23818549302254816,0.5992999283468867,0.0,optimal,0.5000052052494555,171.40532288458184,0.4359293254979867,17,vel_upper,-5.205249455464411e-06,0,u_upper,0,15,0.0,1.795351596491864e-18,0.0,5.065967833247453e-19,True,1.795351596491864e-18,far,mid
31,random_2,-0.42606089900253974,-0.9046944845311856,0.005,optimal,True,0.5000042987804996,9.064689558968553e-07,185.91368065388872,14.508357769306883,False,0.0,0.494201494482464,0.41730281948933357,0.0,False,171.41791824243273,-14.495762411455985,9.74642081487272e-19,-0.38073207649125607,-0.23818549302254816,0.5992999283468867,0.0,optimal,0.5000052052494555,171.40532288458184,0.4359293254979867,17,vel_upper,-5.205249455464411e-06,0,u_upper,0,15,0.0,1.795351596491864e-18,0.0,5.065967833247453e-19,True,1.795351596491864e-18,far,mid
31,random_2,-0.42606089900253974,-0.9046944845311856,0.015,optimal,True,0.5000021978444779,3.0074049776063205e-06,219.16589791146944,47.76057502688761,False,0.0,0.6282707808462621,0.3903510672641459,0.0,False,171.47773719006292,-47.68816072140652,9.74642081487272e-19,-0.38073207649125607,-0.23818549302254816,0.5992999283468867,0.0,optimal,0.5000052052494555,171.40532288458184,0.4359293254979867,17,vel_upper,-5.205249455464411e-06,0,u_upper,0,15,0.0,1.795351596491864e-18,0.0,5.065967833247453e-19,True,1.795351596491864e-18,far,mid
31,random_2,-0.42606089900253974,-0.9046944845311856,0.03,optimal,True,0.5000037726588787,1.4325905767220704e-06,279.6817624392619,108.27643955468005,False,0.0,0.7846741233419866,0.3662716175619384,0.0,False,171.55293170149042,-108.12883073777147,9.74642081487272e-19,-0.38073207649125607,-0.23818549302254816,0.5992999283468867,0.0,optimal,0.5000052052494555,171.40532288458184,0.4359293254979867,17,vel_upper,-5.205249455464411e-06,0,u_upper,0,15,0.0,1.795351596491864e-18,0.0,5.065967833247453e-19,True,1.795351596491864e-18,far,mid
31,random_3,0.8847938231067735,0.46598271490700144,0.005,optimal,True,0.49999440190462613,1.0803344829335426e-05,154.78645090266667,-16.618871981915163,False,0.0,0.4194753903228641,0.45908346313709825,0.0,False,171.4257477741431,16.639296871476432,9.74642081487272e-19,-0.38073207649125607,-0.23818549302254816,0.5992999283468867,0.0,optimal,0.5000052052494555,171.40532288458184,0.4359293254979867,17,vel_upper,-5.205249455464411e-06,0,u_upper,0,15,0.0,1.795351596491864e-18,0.0,5.065967833247453e-19,True,1.795351596491864e-18,far,mid
31,random_3,0.8847938231067735,0.46598271490700144,0.015,optimal,True,0.4999998215878903,5.383661565161457e-06,126.70403191281079,-44.701290971771044,False,0.0,0.4102859131675358,0.5207754906798545,0.0,False,171.79214911492286,45.08811720211207,9.74642081487272e-19,-0.38073207649125607,-0.23818549302254816,0.5992999283468867,0.0,optimal,0.5000052052494555,171.40532288458184,0.4359293254979867,17,vel_upper,-5.205249455464411e-06,0,u_upper,0,15,0.0,1.795351596491864e-18,0.0,5.065967833247453e-19,True,1.795351596491864e-18,far,mid
31,random_3,0.8847938231067735,0.46598271490700144,0.03,optimal,True,0.5000009441413873,4.261108068170927e-06,96.4482237789769,-74.95709910560494,False,0.0,0.4909489372871635,0.6686336139809558,0.0,False,176.47261622464302,80.02439244566612,5.44810001252905e-19,-0.38073207649125607,-0.23818549302254816,0.5992999283468867,0.0,optimal,0.5000052052494555,171.40532288458184,0.4359293254979867,17,vel_upper,-5.205249455464411e-06,0,u_upper,0,15,0.0,1.795351596491864e-18,0.0,5.065967833247453e-19,True,1.795351596491864e-18,far,mid
32,pos_plus,1.0,0.0,0.005,optimal,True,-0.5000000636764804,1.8326513118172016e-07,137.68957666393916,7.258252106078771,False,0.0,0.04848573773921683,0.04848574204206724,0.0,False,130.70283842187914,-6.986738242060028,1.2288415574991999e-15,-0.44219964622915064,-0.4948200968206788,-1.7571728502456294,0.0,optimal,-0.49999988041134924,130.4313245578604,0.08285225049123579,9,vel_lower,7.947661584406518e-09,6,u_lower,0,12,0.0,1.2288415574991999e-15,0.0,1.9618808691228432e-16,True,1.2288415574991999e-15,mid,near
32,pos_plus,1.0,0.0,0.015,optimal,True,-0.5000000560829808,1.7567163157483634e-07,154.43115172358213,23.99982716572174,True,1.0,-1.427471227799515e-05,-1.4322644614761515e-05,1.4322644614761515e-05,False,132.2222636901485,-22.208888033433624,4.445823812386453,-0.44219964622915064,-0.4948200968206788,-1.7571728502456294,0.0,optimal,-0.49999988041134924,130.4313245578604,0.08285225049123579,9,vel_lower,7.947661584406518e-09,6,u_lower,0,12,0.0,1.2288415574991999e-15,0.0,1.9618808691228432e-16,True,1.2288415574991999e-15,mid,near
32,pos_plus,1.0,0.0,0.03,optimal,True,-0.500002540862023,2.660450673763748e-06,186.88539872733733,56.45407416947694,True,4.0,-2.9808865478209157e-06,-2.6602911007422847e-06,2.6602911007422847e-06,False,133.72633046873287,-53.159068258604464,13.24147327826974,-0.44219964622915064,-0.4948200968206788,-1.7571728502456294,0.0,optimal,-0.49999988041134924,130.4313245578604,0.08285225049123579,9,vel_lower,7.947661584406518e-09,6,u_lower,0,12,0.0,1.2288415574991999e-15,0.0,1.9618808691228432e-16,True,1.2288415574991999e-15,mid,near
32,pos_minus,-1.0,0.0,0.005,optimal,True,-0.49999985390296786,2.6508381378853585e-08,123.83975530160886,-6.591569256251532,False,0.0,0.11755781598067383,0.11755780982778175,0.0,False,130.7358856435561,6.896130341947227,5.502082329408473e-16,-0.44219964622915064,-0.4948200968206788,-1.7571728502456294,0.0,optimal,-0.49999988041134924,130.4313245578604,0.08285225049123579,9,vel_lower,7.947661584406518e-09,6,u_lower,0,12,0.0,1.2288415574991999e-15,0.0,1.9618808691228432e-16,True,1.2288415574991999e-15,mid,near
32,pos_minus,-1.0,0.0,0.015,optimal,True,-0.5000191014954298,1.9221084080589534e-05,112.4200437203305,-18.011280837529895,False,0.0,0.16073222289485756,0.17643100109447984,0.0,False,133.4072459867089,20.98720226637839,5.502082329408473e-16,-0.44219964622915064,-0.4948200968206788,-1.7571728502456294,0.0,optimal,-0.49999988041134924,130.4313245578604,0.08285225049123579,9,vel_lower,7.947661584406518e-09,6,u_lower,0,12,0.0,1.2288415574991999e-15,0.0,1.9618808691228432e-16,True,1.2288415574991999e-15,mid,near
32,pos_minus,-1.0,0.0,0.03,optimal,True,-0.5000038349407585,3.9545294092668826e-06,99.08601914819897,-31.34530540966142,False,0.0,0.09528012688160103,0.2599990698944986,0.0,False,143.59360427250593,44.50758512430696,5.502082329408473e-16,-0.44219964622915064,-0.4948200968206788,-1.7571728502456294,0.0,optimal,-0.49999988041134924,130.4313245578604,0.08285225049123579,9,vel_lower,7.947661584406518e-09,6,u_lower,0,12,0.0,1.2288415574991999e-15,0.0,1.9618808691228432e-16,True,1.2288415574991999e-15,mid,near
32,vel_plus,0.0,1.0,0.005,optimal,True,-0.5000008256263402,9.4521499094391e-07,131.846519437397,1.4151948795366138,False,0.0,0.10583373666583784,0.05583378367047431,0.0,False,130.6790855682822,-1.1674338691148023,5.502082329408473e-16,-0.44219964622915064,-0.4948200968206788,-1.7571728502456294,0.0,optimal,-0.49999988041134924,130.4313245578604,0.08285225049123579,9,vel_lower,7.947661584406518e-09,6,u_lower,0,12,0.0,1.2288415574991999e-15,0.0,1.9618808691228432e-16,True,1.2288415574991999e-15,mid,near
32,vel_plus,0.0,1.0,0.015,optimal,True,-0.5000065261655865,6.645754237255552e-06,135.38083716305349,4.949512605193092,False,0.0,0.15781107119422622,-0.00626572014768767,0.00626572014768767,True,132.4772358933832,-2.9036012696702755,5.502082329408473e-16,-0.44219964622915064,-0.4948200968206788,-1.7571728502456294,0.0,optimal,-0.49999988041134924,130.4313245578604,0.08285225049123579,9,vel_lower,7.947661584406518e-09,6,u_lower,0,12,0.0,1.2288415574991999e-15,0.0,1.9618808691228432e-16,True,1.2288415574991999e-15,mid,near
32,vel_plus,0.0,1.0,0.03,optimal,True,-0.5000269064051229,2.7025993773688306e-05,143.04151529159688,12.610190733736488,False,0.0,0.26515897025375135,-0.12046449868534359,0.12046449868534359,True,136.89481251708517,-6.146702774511709,5.502082329408473e-16,-0.44219964622915064,-0.4948200968206788,-1.7571728502456294,0.0,optimal,-0.49999988041134924,130.4313245578604,0.08285225049123579,9,vel_lower,7.947661584406518e-09,6,u_lower,0,12,0.0,1.2288415574991999e-15,0.0,1.9618808691228432e-16,True,1.2288415574991999e-15,mid,near
32,vel_minus,0.0,-1.0,0.005,optimal,True,-0.5000000439213976,1.6351004838988104e-07,129.2406889152827,-1.1906356425776892,False,0.0,0.06680609814364391,0.11180610043473427,0.0,False,130.68360049682826,1.4429115815455589,5.502082329408473e-16,-0.44219964622915064,-0.4948200968206788,-1.7571728502456294,0.0,optimal,-0.49999988041134924,130.4313245578604,0.08285225049123579,9,vel_lower,7.947661584406518e-09,6,u_lower,0,12,0.0,1.2288415574991999e-15,0.0,1.9618808691228432e-16,True,1.2288415574991999e-15,mid,near
32,vel_minus,0.0,-1.0,0.015,optimal,True,-0.5000195836118237,1.970320047450791e-05,127.46542426763233,-2.9659002902280633,False,0.0,0.044169401583768586,0.16008511456082342,0.0,False,132.69777559932172,5.232351331689387,5.502082329408473e-16,-0.44219964622915064,-0.4948200968206788,-1.7571728502456294,0.0,optimal,-0.49999988041134924,130.4313245578604,0.08285225049123579,9,vel_lower,7.947661584406518e-09,6,u_lower,0,12,0.0,1.2288415574991999e-15,0.0,1.9618808691228432e-16,True,1.2288415574991999e-15,mid,near
32,vel_minus,0.0,-1.0,0.03,optimal,True,-0.4999884814344087,1.1398976940524275e-05,126.26228701863097,-4.169037539229421,False,0.0,0.044359753407904545,0.22674129309500202,0.0,False,139.73031885016456,13.468031831533594,5.502082329408473e-16,-0.44219964622915064,-0.4948200968206788,-1.7571728502456294,0.0,optimal,-0.49999988041134924,130.4313245578604,0.08285225049123579,9,vel_lower,7.947661584406518e-09,6,u_lower,0,12,0.0,1.2288415574991999e-15,0.0,1.9618808691228432e-16,True,1.2288415574991999e-15,mid,near
32,random_0,0.9909289106818766,-0.13438710494251077,0.005,optimal,True,-0.5000008345377287,9.541263794599075e-07,137.40651967581053,6.975195117950136,False,0.0,0.047599204626287306,0.05431860777887165,0.0,False,130.6342728584763,-6.772246817334235,5.502082329408473e-16,-0.44219964622915064,-0.4948200968206788,-1.7571728502456294,0.0,optimal,-0.49999988041134924,130.4313245578604,0.08285225049123579,9,vel_lower,7.947661584406518e-09,6,u_lower,0,12,0.0,1.2288415574991999e-15,0.0,1.9618808691228432e-16,True,1.2288415574991999e-15,mid,near
32,random_0,0.9909289106818766,-0.13438710494251077,0.015,optimal,True,-0.5000012147141323,1.3343027830403642e-06,153.26932206626338,22.837997508402992,True,2.0,-1.697287886770482e-05,0.02018393334723112,0.0,False,131.68553636082635,-21.583785705437037,5.020651076492309,-0.44219964622915064,-0.4948200968206788,-1.7571728502456294,0.0,optimal,-0.49999988041134924,130.4313245578604,0.08285225049123579,9,vel_lower,7.947661584406518e-09,6,u_lower,0,12,0.0,1.2288415574991999e-15,0.0,1.9618808691228432e-16,True,1.2288415574991999e-15,mid,near
32,random_0,0.9909289106818766,-0.13438710494251077,0.03,optimal,True,-0.49999926755542135,6.128559278950618e-07,183.68270662231902,53.251382064458625,True,5.0,-2.176495080230545e-05,0.04029428598629625,0.0,False,132.5027904241186,-51.17991619820043,13.313277361001706,-0.44219964622915064,-0.4948200968206788,-1.7571728502456294,0.0,optimal,-0.49999988041134924,130.4313245578604,0.08285225049123579,9,vel_lower,7.947661584406518e-09,6,u_lower,0,12,0.0,1.2288415574991999e-15,0.0,1.9618808691228432e-16,True,1.2288415574991999e-15,mid,near
32,random_1,0.9085874070339034,-0.41769477346431794,0.005,optimal,True,-0.49999345608114676,6.424330202481343e-06,136.3563306850602,5.925006127199794,False,0.0,0.048672850286684666,0.06844420057838996,0.0,False,130.50432130446646,-5.852009380593728,5.502082329408473e-16,-0.44219964622915064,-0.4948200968206788,-1.7571728502456294,0.0,optimal,-0.49999988041134924,130.4313245578604,0.08285225049123579,9,vel_lower,7.947661584406518e-09,6,u_lower,0,12,0.0,1.2288415574991999e-15,0.0,1.9618808691228432e-16,True,1.2288415574991999e-15,mid,near
32,random_1,0.9085874070339034,-0.41769477346431794,0.015,optimal,True,-0.49999927599355126,6.044177979780407e-07,149.3958765058317,18.9645519479713,True,2.0,-2.384882966355306e-05,0.060712876872057286,0.0,False,130.82304998931065,-18.572826516521047,8.292549360911744,-0.44219964622915064,-0.4948200968206788,-1.7571728502456294,0.0,optimal,-0.49999988041134924,130.4313245578604,0.08285225049123579,9,vel_lower,7.947661584406518e-09,6,u_lower,0,12,0.0,1.2288415574991999e-15,0.0,1.9618808691228432e-16,True,1.2288415574991999e-15,mid,near
32,random_1,0.9085874070339034,-0.41769477346431794,0.03,optimal,True,-0.49999940212059873,4.782907505052059e-07,173.71421595761055,43.282891399750156,True,5.0,-2.1009923355963522e-05,0.10518039446956384,0.0,False,131.01278610830332,-42.70142984930723,17.122058384477775,-0.44219964622915064,-0.4948200968206788,-1.7571728502456294,0.0,optimal,-0.49999988041134924,130.4313245578604,0.08285225049123579,9,vel_lower,7.947661584406518e-09,6,u_lower,0,12,0.0,1.2288415574991999e-15,0.0,1.9618808691228432e-16,True,1.2288415574991999e-15,mid,near
32,random_2,-0.42606089900253974,-0.9046944845311856,0.005,optimal,True,-0.49999987504164517,5.3697040702793686e-09,126.56432422222414,-3.8670003356362486,False,0.0,0.08565003438185792,0.12183780987182957,0.0,False,130.91007463673455,4.345750414510405,5.502082329408473e-16,-0.44219964622915064,-0.4948200968206788,-1.7571728502456294,0.0,optimal,-0.49999988041134924,130.4313245578604,0.08285225049123579,9,vel_lower,7.947661584406518e-09,6,u_lower,0,12,0.0,1.2288415574991999e-15,0.0,1.9618808691228432e-16,True,1.2288415574991999e-15,mid,near
32,random_2,-0.42606089900253974,-0.9046944845311856,0.015,optimal,True,-0.49999999826990815,1.1785855891233155e-07,120.20487020326976,-10.22645435459063,False,0.0,0.09465467487677726,0.18964759568285638,0.0,False,134.91159940462782,14.706729201358058,5.502082329408473e-16,-0.44219964622915064,-0.4948200968206788,-1.7571728502456294,0.0,optimal,-0.49999988041134924,130.4313245578604,0.08285225049123579,9,vel_lower,7.947661584406518e-09,6,u_lower,0,12,0.0,1.2288415574991999e-15,0.0,1.9618808691228432e-16,True,1.2288415574991999e-15,mid,near
32,random_2,-0.42606089900253974,-0.9046944845311856,0.03,optimal,True,-0.5000000038719562,1.2346060696000194e-07,113.67858531699247,-16.752739240867925,False,0.0,0.06911645480615802,0.2804935513779573,0.0,False,149.23742050391493,35.558835186922465,5.502082329408473e-16,-0.44219964622915064,-0.4948200968206788,-1.7571728502456294,0.0,optimal,-0.49999988041134924,130.4313245578604,0.08285225049123579,9,vel_lower,7.947661584406518e-09,6,u_lower,0,12,0.0,1.2288415574991999e-15,0.0,1.9618808691228432e-16,True,1.2288415574991999e-15,mid,near
32,random_3,0.8847938231067735,0.46598271490700144,0.005,optimal,True,-0.5000137041617805,1.3823750431241066e-05,137.57771890797733,7.146394350116935,False,0.0,0.06266986470064273,0.039371578528040074,0.0,False,130.88883204667172,-6.688886861305605,5.502082329408473e-16,-0.44219964622915064,-0.4948200968206788,-1.7571728502456294,0.0,optimal,-0.49999988041134924,130.4313245578604,0.08285225049123579,9,vel_lower,7.947661584406518e-09,6,u_lower,0,12,0.0,1.2288415574991999e-15,0.0,1.9618808691228432e-16,True,1.2288415574991999e-15,mid,near
32,random_3,0.8847938231067735,0.46598271490700144,0.015,optimal,True,-0.5000018675308722,1.9871195229281824e-06,154.74795458184528,24.316630023984885,False,0.0,0.03533693313043251,-0.04853982895243347,0.04853982895243347,True,133.73531318091474,-21.012641400930534,5.502082329408473e-16,-0.44219964622915064,-0.4948200968206788,-1.7571728502456294,0.0,optimal,-0.49999988041134924,130.4313245578604,0.08285225049123579,9,vel_lower,7.947661584406518e-09,6,u_lower,0,12,0.0,1.2288415574991999e-15,0.0,1.9618808691228432e-16,True,1.2288415574991999e-15,mid,near
32,random_3,0.8847938231067735,0.46598271490700144,0.03,optimal,True,-0.5000206662973343,2.078588598508624e-05,189.78033548547302,59.349010927612625,False,0.0,0.019378419597677055,-0.1791016609203797,0.1791016609203797,True,138.47879144509878,-51.30154404037424,5.502082329408473e-16,-0.44219964622915064,-0.4948200968206788,-1.7571728502456294,0.0,optimal,-0.49999988041134924,130.4313245578604,0.08285225049123579,9,vel_lower,7.947661584406518e-09,6,u_lower,0,12,0.0,1.2288415574991999e-15,0.0,1.9618808691228432e-16,True,1.2288415574991999e-15,mid,near
33,pos_plus,1.0,0.0,0.005,optimal,True,-0.5000026387260998,6.513054352508263e-07,122.3756392290893,14.364602694429323,False,0.0,0.23010253720403884,0.2816316984197087,0.0,False,108.01294552179841,-14.362693707290887,4.440892098500626e-16,1.4780725265584467,0.4902968288491284,0.9186528155294478,0.0,optimal,-0.5000032900315351,108.01103653465998,0.2816323370543874,10,pos_upper,-3.2900315350969933e-06,0,u_lower,0,16,4.440892098500626e-16,0.0,0.0,1.0561568336227436e-17,True,4.440892098500626e-16,mid,mid
33,pos_plus,1.0,0.0,0.015,optimal,True,-0.500005277310481,1.987278945958515e-06,154.74327011278484,46.73223357812486,False,0.0,0.11204565944701206,0.28163275219039474,0.0,False,108.02646513175257,-46.71680498103227,4.440892098500626e-16,1.4780725265584467,0.4902968288491284,0.9186528155294478,0.0,optimal,-0.5000032900315351,108.01103653465998,0.2816323370543874,10,pos_upper,-3.2900315350969933e-06,0,u_lower,0,16,4.440892098500626e-16,0.0,0.0,1.0561568336227436e-17,True,4.440892098500626e-16,mid,mid
33,pos_plus,1.0,0.0,0.03,infeasible,False,,,,,True,,,,,,,,,1.4780725265584467,0.4902968288491284,0.9186528155294478,0.0,optimal,-0.5000032900315351,108.01103653465998,0.2816323370543874,10,pos_upper,-3.2900315350969933e-06,0,u_lower,0,16,4.440892098500626e-16,0.0,0.0,1.0561568336227436e-17,True,4.440892098500626e-16,mid,mid
33,pos_minus,-1.0,0.0,0.005,optimal,True,-0.49999098996928426,1.2300062250836241e-05,94.86122838057969,-13.14980815408029,False,0.0,0.32815640929889067,0.28162705198228744,0.0,False,108.01451730423537,13.15328892365568,4.940292824976646e-16,1.4780725265584467,0.4902968288491284,0.9186528155294478,0.0,optimal,-0.5000032900315351,108.01103653465998,0.2816323370543874,10,pos_upper,-3.2900315350969933e-06,0,u_lower,0,16,4.440892098500626e-16,0.0,0.0,1.0561568336227436e-17,True,4.440892098500626e-16,mid,mid
33,pos_minus,-1.0,0.0,0.015,optimal,True,-0.4999952595941379,8.030437397221757e-06,72.17275961181417,-35.83827692284581,False,0.0,0.40621831749507376,0.28162875442904123,0.0,False,108.07476308528338,35.90200347346921,4.940292824976646e-16,1.4780725265584467,0.4902968288491284,0.9186528155294478,0.0,optimal,-0.5000032900315351,108.01103653465998,0.2816323370543874,10,pos_upper,-3.2900315350969933e-06,0,u_lower,0,16,4.440892098500626e-16,0.0,0.0,1.0561568336227436e-17,True,4.440892098500626e-16,mid,mid
33,pos_minus,-1.0,0.0,0.03,optimal,True,-0.4999885213998516,1.4768631683481637e-05,47.05722170573341,-60.95381482892657,False,0.0,0.485807374381501,0.2816261139221916,0.0,False,108.81405227578524,61.75683057005183,4.940292824976646e-16,1.4780725265584467,0.4902968288491284,0.9186528155294478,0.0,optimal,-0.5000032900315351,108.01103653465998,0.2816323370543874,10,pos_upper,-3.2900315350969933e-06,0,u_lower,0,16,4.440892098500626e-16,0.0,0.0,1.0561568336227436e-17,True,4.440892098500626e-16,mid,mid
33,vel_plus,0.0,1.0,0.005,optimal,True,-0.49999977451513994,3.515516395158347e-06,116.12171747919398,8.110680944533996,False,0.0,0.25760083851018667,0.2816305567206816,0.0,False,108.01732413334727,-8.104393345846702,4.940292824976646e-16,1.4780725265584467,0.4902968288491284,0.9186528155294478,0.0,optimal,-0.5000032900315351,108.01103653465998,0.2816323370543874,10,pos_upper,-3.2900315350969933e-06,0,u_lower,0,16,4.440892098500626e-16,0.0,0.0,1.0561568336227436e-17,True,4.440892098500626e-16,mid,mid
33,vel_plus,0.0,1.0,0.015,optimal,True,-0.4999998722852744,3.4177462606699294e-06,134.43336189020445,26.422325355544473,False,0.0,0.18901175663462588,0.2816305752131265,0.0,False,108.06144623647045,-26.371915653734007,4.940292824976646e-16,1.4780725265584467,0.4902968288491284,0.9186528155294478,0.0,optimal,-0.5000032900315351,108.01103653465998,0.2816323370543874,10,pos_upper,-3.2900315350969933e-06,0,u_lower,0,16,4.440892098500626e-16,0.0,0.0,1.0561568336227436e-17,True,4.440892098500626e-16,mid,mid
33,vel_plus,0.0,1.0,0.03,infeasible,False,,,,,True,,,,,,,,,1.4780725265584467,0.4902968288491284,0.9186528155294478,0.0,optimal,-0.5000032900315351,108.01103653465998,0.2816323370543874,10,pos_upper,-3.2900315350969933e-06,0,u_lower,0,16,4.440892098500626e-16,0.0,0.0,1.0561568336227436e-17,True,4.440892098500626e-16,mid,mid
33,vel_minus,0.0,-1.0,0.005,optimal,True,-0.499996892847972,6.397183563100484e-06,100.59791210738588,-7.413124427274099,False,0.0,0.3011590226600225,0.28162945546362517,0.0,False,108.02331141265847,7.425399305272592,1.7763568394002505e-15,1.4780725265584467,0.4902968288491284,0.9186528155294478,0.0,optimal,-0.5000032900315351,108.01103653465998,0.2816323370543874,10,pos_upper,-3.2900315350969933e-06,0,u_lower,0,16,4.440892098500626e-16,0.0,0.0,1.0561568336227436e-17,True,4.440892098500626e-16,mid,mid
33,vel_minus,0.0,-1.0,0.015,optimal,True,-0.50000122859061,2.061440925071878e-06,87.80426696555564,-20.20676956910434,False,0.0,0.33169045559082466,0.2816311549645272,0.0,False,108.16497934532761,20.360712379771968,1.7763568394002505e-15,1.4780725265584467,0.4902968288491284,0.9186528155294478,0.0,optimal,-0.5000032900315351,108.01103653465998,0.2816323370543874,10,pos_upper,-3.2900315350969933e-06,0,u_lower,0,16,4.440892098500626e-16,0.0,0.0,1.0561568336227436e-17,True,4.440892098500626e-16,mid,mid
33,vel_minus,0.0,-1.0,0.03,optimal,True,-0.5000015311415256,1.7588900095288906e-06,73.42872863280738,-34.5823079018526,False,0.0,0.338704081328032,0.2816312683523605,0.0,False,109.61109763443179,36.18236900162441,1.7763568394002505e-15,1.4780725265584467,0.4902968288491284,0.9186528155294478,0.0,optimal,-0.5000032900315351,108.01103653465998,0.2816323370543874,10,pos_upper,-3.2900315350969933e-06,0,u_lower,0,16,4.440892098500626e-16,0.0,0.0,1.0561568336227436e-17,True,4.440892098500626e-16,mid,mid
33,random_0,0.9909289106818766,-0.13438710494251077,0.005,optimal,True,-0.4999983605876694,4.929443865708816e-06,121.09598084689743,13.084944312237454,False,0.0,0.23429453836365366,0.28162998930868643,0.0,False,108.01269078113448,-13.083290065762952,3.1617220606493655e-16,1.4780725265584467,0.4902968288491284,0.9186528155294478,0.0,optimal,-0.5000032900315351,108.01103653465998,0.2816323370543874,10,pos_upper,-3.2900315350969933e-06,0,u_lower,0,16,4.440892098500626e-16,0.0,0.0,1.0561568336227436e-17,True,4.440892098500626e-16,mid,mid
33,random_0,0.9909289106818766,-0.13438710494251077,0.015,optimal,True,-0.49999989184189986,3.3981896352397456e-06,150.22827632534973,42.217239790689746,False,0.0,0.12850832069764828,0.28163059873629215,0.0,False,108.02028845035586,-42.20798787499386,3.1617220606493655e-16,1.4780725265584467,0.4902968288491284,0.9186528155294478,0.0,optimal,-0.5000032900315351,108.01103653465998,0.2816323370543874,10,pos_upper,-3.2900315350969933e-06,0,u_lower,0,16,4.440892098500626e-16,0.0,0.0,1.0561568336227436e-17,True,4.440892098500626e-16,mid,mid
33,random_0,0.9909289106818766,-0.13438710494251077,0.03,infeasible,False,,,,,True,,,,,,,,,1.4780725265584467,0.4902968288491284,0.9186528155294478,0.0,optimal,-0.5000032900315351,108.01103653465998,0.2816323370543874,10,pos_upper,-3.2900315350969933e-06,0,u_lower,0,16,4.440892098500626e-16,0.0,0.0,1.0561568336227436e-17,True,4.440892098500626e-16,mid,mid
33,random_1,0.9085874070339034,-0.41769477346431794,0.005,optimal,True,-0.49999961480482735,3.67522670774445e-06,117.5241650796504,9.513128544990423,False,0.0,0.24559920827937498,0.2816304911942171,0.0,False,108.01164286074894,-9.512522218901466,1.1045170286361374e-15,1.4780725265584467,0.4902968288491284,0.9186528155294478,0.0,optimal,-0.5000032900315351,108.01103653465998,0.2816323370543874,10,pos_upper,-3.2900315350969933e-06,0,u_lower,0,16,4.440892098500626e-16,0.0,0.0,1.0561568336227436e-17,True,4.440892098500626e-16,mid,mid
33,random_1,0.9085874070339034,-0.41769477346431794,0.015,optimal,True,-0.5000009961671918,2.293864343250185e-06,138.0742581655761,30.063221630916132,False,0.0,0.16964445345289048,0.28163104128765104,0.0,False,108.01205605059641,-30.062202114979698,1.1045170286361374e-15,1.4780725265584467,0.4902968288491284,0.9186528155294478,0.0,optimal,-0.5000032900315351,108.01103653465998,0.2816323370543874,10,pos_upper,-3.2900315350969933e-06,0,u_lower,0,16,4.440892098500626e-16,0.0,0.0,1.0561568336227436e-17,True,4.440892098500626e-16,mid,mid
33,random_1,0.9085874070339034,-0.41769477346431794,0.03,optimal,True,-0.5000014942713586,1.7957601764484465e-06,172.71255040262812,64.70151386796815,False,0.0,0.04918439728598978,0.28163123964345393,0.0,False,108.01393664196019,-64.69861376066794,1.1045170286361374e-15,1.4780725265584467,0.4902968288491284,0.9186528155294478,0.0,optimal,-0.5000032900315351,108.01103653465998,0.2816323370543874,10,pos_upper,-3.2900315350969933e-06,0,u_lower,0,16,4.440892098500626e-16,0.0,0.0,1.0561568336227436e-17,True,4.440892098500626e-16,mid,mid
33,random_2,-0.42606089900253974,-0.9046944845311856,0.005,optimal,True,-0.4999971591098307,6.130921704372572e-06,95.83290960226026,-12.17812693239972,False,0.0,0.3186163309776082,0.28162951723817553,0.0,False,108.03020227722955,12.19729267496929,1.1045170286361374e-15,1.4780725265584467,0.4902968288491284,0.9186528155294478,0.0,optimal,-0.5000032900315351,108.01103653465998,0.2816323370543874,10,pos_upper,-3.2900315350969933e-06,0,u_lower,0,16,4.440892098500626e-16,0.0,0.0,1.0561568336227436e-17,True,4.440892098500626e-16,mid,mid
33,random_2,-0.42606089900253974,-0.9046944845311856,0.015,optimal,True,-0.49999946842594617,3.8216055889273015e-06,75.61830632643533,-32.39273020822465,False,0.0,0.37445380882892465,0.28163043512323416,0.0,False,108.3327757362711,32.71446940983577,1.1045170286361374e-15,1.4780725265584467,0.4902968288491284,0.9186528155294478,0.0,optimal,-0.5000032900315351,108.01103653465998,0.2816323370543874,10,pos_upper,-3.2900315350969933e-06,0,u_lower,0,16,4.440892098500626e-16,0.0,0.0,1.0561568336227436e-17,True,4.440892098500626e-16,mid,mid
33,random_2,-0.42606089900253974,-0.9046944845311856,0.03,optimal,True,-0.5000010847319423,2.2052995928278918e-06,54.85376413838889,-53.15727239627109,False,0.0,0.4303292206740892,0.2816310443955494,0.0,False,112.26532121904896,57.41155708066007,1.1045170286361374e-15,1.4780725265584467,0.4902968288491284,0.9186528155294478,0.0,optimal,-0.5000032900315351,108.01103653465998,0.2816323370543874,10,pos_upper,-3.2900315350969933e-06,0,u_lower,0,16,4.440892098500626e-16,0.0,0.0,1.0561568336227436e-17,True,4.440892098500626e-16,mid,mid
33,random_3,0.8847938231067735,0.46598271490700144,0.005,optimal,True,-0.5000057647336598,2.4747021246662726e-06,124.6847249847231,16.673688450063125,False,0.0,0.2236262205412114,0.28163294023357177,0.0,False,108.0160286631674,-16.6686963215557,1.1045170286361374e-15,1.4780725265584467,0.4902968288491284,0.9186528155294478,0.0,optimal,-0.5000032900315351,108.01103653465998,0.2816323370543874,10,pos_upper,-3.2900315350969933e-06,0,u_lower,0,16,4.440892098500626e-16,0.0,0.0,1.0561568336227436e-17,True,4.440892098500626e-16,mid,mid
33,random_3,0.8847938231067735,0.46598271490700144,0.015,optimal,True,-0.5000022836510896,1.0063804455340275e-06,163.33979167915598,55.328755144496,False,0.0,0.07610053258483296,0.2816315552970776,0.0,False,108.05704832113474,-55.282743358021236,1.1045170286361374e-15,1.4780725265584467,0.4902968288491284,0.9186528155294478,0.0,optimal,-0.5000032900315351,108.01103653465998,0.2816323370543874,10,pos_upper,-3.2900315350969933e-06,0,u_lower,0,16,4.440892098500626e-16,0.0,0.0,1.0561568336227436e-17,True,4.440892098500626e-16,mid,mid
33,random_3,0.8847938231067735,0.46598271490700144,0.03,infeasible,False,,,,,True,,,,,,,,,1.4780725265584467,0.4902968288491284,0.9186528155294478,0.0,optimal,-0.5000032900315351,108.01103653465998,0.2816323370543874,10,pos_upper,-3.2900315350969933e-06,0,u_lower,0,16,4.440892098500626e-16,0.0,0.0,1.0561568336227436e-17,True,4.440892098500626e-16,mid,mid
34,pos_plus,1.0,0.0,0.005,optimal,True,0.4999990389911497,1.301730158331793e-06,365.626474462283,-16.99598009209251,True,1.0,-1.8556081698983817e-05,-1.867143905176505e-05,1.867143905176505e-05,False,382.6355263207111,17.00905185842811,22.95800448055935,-0.7492161233295374,0.5630116528172687,1.282254158242655,0.0,optimal,0.5000003407213081,382.6224545543755,-1.1014041655599272e-05,11,vel_upper,-4.2789609056015365e-07,7,u_upper,7,8,0.0,0.0,25.68426180158947,0.0,True,25.68426180158947,near,near
34,pos_plus,1.0,0.0,0.015,optimal,True,0.49999822096423086,2.1197570772013563e-06,335.15814682287197,-47.46430773150354,True,2.0,-1.824448629750286e-05,-1.8415694048590225e-05,1.8415694048590225e-05,False,382.9033896352998,47.74524281242782,17.680493444987988,-0.7492161233295374,0.5630116528172687,1.282254158242655,0.0,optimal,0.5000003407213081,382.6224545543755,-1.1014041655599272e-05,11,vel_upper,-4.2789609056015365e-07,7,u_upper,7,8,0.0,0.0,25.68426180158947,0.0,True,25.68426180158947,near,near
34,pos_plus,1.0,0.0,0.03,optimal,True,0.49999941484979904,9.258715090165737e-07,297.6591350713207,-84.96331948305482,True,5.0,-1.7947150421360192e-06,-1.8466155566887466e-06,1.8466155566887466e-06,False,385.5617530242554,87.90261795293469,10.105557986407288,-0.7492161233295374,0.5630116528172687,1.282254158242655,0.0,optimal,0.5000003407213081,382.6224545543755,-1.1014041655599272e-05,11,vel_upper,-4.2789609056015365e-07,7,u_upper,7,8,0.0,0.0,25.68426180158947,0.0,True,25.68426180158947,near,near
34,pos_minus,-1.0,0.0,0.005,optimal,True,0.4999993352708477,1.0054504603340675e-06,400.8190480398607,18.19659348548521,False,0.0,-1.436655019793065e-05,-1.4451689844818816e-05,1.4451689844818816e-05,False,382.62994390543906,-18.189104134421655,28.434142593555766,-0.7492161233295374,0.5630116528172687,1.282254158242655,0.0,optimal,0.5000003407213081,382.6224545543755,-1.1014041655599272e-05,11,vel_upper,-4.2789609056015365e-07,7,u_upper,7,8,0.0,0.0,25.68426180158947,0.0,True,25.68426180158947,near,near
34,pos_minus,-1.0,0.0,0.015,optimal,True,0.4999983767394855,1.9639818225614114e-06,440.8350425885137,58.21258803413821,True,1.0,-1.292870723768047e-05,-1.3090415448280268e-05,1.3090415448280268e-05,False,382.64665473785385,-58.188387850659865,33.970206115138936,-0.7492161233295374,0.5630116528172687,1.282254158242655,0.0,optimal,0.5000003407213081,382.6224545543755,-1.1014041655599272e-05,11,vel_upper,-4.2789609056015365e-07,7,u_upper,7,8,0.0,0.0,25.68426180158947,0.0,True,25.68426180158947,near,near
34,pos_minus,-1.0,0.0,0.03,optimal,True,0.5000037193033232,3.378582015156617e-06,509.95889194300605,127.33643738863054,True,2.0,-1.0157745853334177e-05,-9.857893042530819e-06,9.857893042530819e-06,False,382.6744221678137,-127.28446977519235,42.30290192959212,-0.7492161233295374,0.5630116528172687,1.282254158242655,0.0,optimal,0.5000003407213081,382.6224545543755,-1.1014041655599272e-05,11,vel_upper,-4.2789609056015365e-07,7,u_upper,7,8,0.0,0.0,25.68426180158947,0.0,True,25.68426180158947,near,near
34,vel_plus,0.0,1.0,0.005,optimal,True,0.49999951440138835,8.263199197111604e-07,378.95798470467736,-3.6644698496981505,True,1.0,-7.879620106177043e-06,0.039995598032630975,0.0,False,385.971493697103,7.01350899242567,30.47231326630198,-0.7492161233295374,0.5630116528172687,1.282254158242655,0.0,optimal,0.5000003407213081,382.6224545543755,-1.1014041655599272e-05,11,vel_upper,-4.2789609056015365e-07,7,u_upper,7,8,0.0,0.0,25.68426180158947,0.0,True,25.68426180158947,near,near
34,vel_plus,0.0,1.0,0.015,optimal,True,0.5000011203551116,7.796338035159778e-07,373.45639558804606,-9.166058966329445,True,2.0,-1.1341163546951805e-05,0.10501429014303798,0.0,False,395.8973675537919,22.44097196574586,34.88668157753628,-0.7492161233295374,0.5630116528172687,1.282254158242655,0.0,optimal,0.5000003407213081,382.6224545543755,-1.1014041655599272e-05,11,vel_upper,-4.2789609056015365e-07,7,u_upper,7,8,0.0,0.0,25.68426180158947,0.0,True,25.68426180158947,near,near
34,vel_plus,0.0,1.0,0.03,optimal,True,0.5000009032838011,5.625624930338802e-07,368.22197818911434,-14.40047636526117,True,4.0,-9.722891190389049e-06,0.1800077099359766,0.0,False,418.18400637274937,49.96202818363503,39.525993507292945,-0.7492161233295374,0.5630116528172687,1.282254158242655,0.0,optimal,0.5000003407213081,382.6224545543755,-1.1014041655599272e-05,11,vel_upper,-4.2789609056015365e-07,7,u_upper,7,8,0.0,0.0,25.68426180158947,0.0,True,25.68426180158947,near,near
34,vel_minus,0.0,-1.0,0.005,optimal,True,0.49999898720944885,1.3535118592034046e-06,386.9611085186783,4.338653964302807,True,1.0,-1.263910175008931e-05,-0.07499708013127271,0.07499708013127271,True,380.27429620040283,-6.686812318275486,21.498898780692514,-0.7492161233295374,0.5630116528172687,1.282254158242655,0.0,optimal,0.5000003407213081,382.6224545543755,-1.1014041655599272e-05,11,vel_upper,-4.2789609056015365e-07,7,u_upper,7,8,0.0,0.0,25.68426180158947,0.0,True,25.68426180158947,near,near
34,vel_minus,0.0,-1.0,0.015,optimal,True,0.4999988256273077,1.5150940003705315e-06,398.3878716487051,15.765417094329564,True,4.0,-1.7830848142885714e-05,-0.22498526858002443,0.22498526858002443,True,378.6264057108149,-19.761465937890193,10.78220006860942,-0.7492161233295374,0.5630116528172687,1.282254158242655,0.0,optimal,0.5000003407213081,382.6224545543755,-1.1014041655599272e-05,11,vel_upper,-4.2789609056015365e-07,7,u_upper,7,8,0.0,0.0,25.68426180158947,0.0,True,25.68426180158947,near,near
34,vel_minus,0.0,-1.0,0.03,optimal,True,0.49998731501505556,1.3025706252500768e-05,423.2922132561723,40.66975870179681,True,7.0,0.13439624951240037,-0.34712838141338653,0.34712838141338653,True,379.5679823677975,-43.72423088837479,1.3692925878165213e-16,-0.7492161233295374,0.5630116528172687,1.282254158242655,0.0,optimal,0.5000003407213081,382.6224545543755,-1.1014041655599272e-05,11,vel_upper,-4.2789609056015365e-07,7,u_upper,7,8,0.0,0.0,25.68426180158947,0.0,True,25.68426180158947,near,near
34,random_0,0.9909289106818766,-0.13438710494251077,0.005,optimal,True,0.4999997574325301,5.832887779444462e-07,366.26292515818943,-16.359529396186076,True,1.0,-1.0330905882094399e-05,-0.009406524739358657,0.009406524739358657,True,382.2379350874196,15.975009929230168,23.173113932171866,-0.7492161233295374,0.5630116528172687,1.282254158242655,0.0,optimal,0.5000003407213081,382.6224545543755,-1.1014041655599272e-05,11,vel_upper,-4.2789609056015365e-07,7,u_upper,7,8,0.0,0.0,25.68426180158947,0.0,True,25.68426180158947,near,near
34,random_0,0.9909289106818766,-0.13438710494251077,0.015,optimal,True,0.49999987466238727,4.660589207894361e-07,336.84570958999876,-45.776744964376746,True,3.0,-1.8122922773589067e-06,-0.026202945860303695,0.026202945860303695,True,381.72471073704,44.879001147041265,16.881258778418353,-0.7492161233295374,0.5630116528172687,1.282254158242655,0.0,optimal,0.5000003407213081,382.6224545543755,-1.1014041655599272e-05,11,vel_upper,-4.2789609056015365e-07,7,u_upper,7,8,0.0,0.0,25.68426180158947,0.0,True,25.68426180158947,near,near
34,random_0,0.9909289106818766,-0.13438710494251077,0.03,optimal,True,0.4999999962096954,3.4451161268211905e-07,300.31558635460294,-82.30686819977257,True,5.0,-1.688078603256926e-05,-0.04433160583270035,0.04433160583270035,True,382.787624408511,82.47203805390808,5.957898380695104,-0.7492161233295374,0.5630116528172687,1.282254158242655,0.0,optimal,0.5000003407213081,382.6224545543755,-1.1014041655599272e-05,11,vel_upper,-4.2789609056015365e-07,7,u_upper,7,8,0.0,0.0,25.68426180158947,0.0,True,25.68426180158947,near,near
34,random_1,0.9085874070339034,-0.41769477346431794,0.005,optimal,True,0.5000014006576905,1.0599363824415065e-06,368.72088534887763,-13.901569205497879,True,2.0,-8.156055960384379e-06,-0.02924666334899717,0.02924666334899717,True,381.49089658136324,12.770011232485615,22.169363093381268,-0.7492161233295374,0.5630116528172687,1.282254158242655,0.0,optimal,0.5000003407213081,382.6224545543755,-1.1014041655599272e-05,11,vel_upper,-4.2789609056015365e-07,7,u_upper,7,8,0.0,0.0,25.68426180158947,0.0,True,25.68426180158947,near,near
34,random_1,0.9085874070339034,-0.41769477346431794,0.015,optimal,True,0.4999991720868584,1.1686344496553147e-06,343.5593410545878,-39.06311349978773,True,3.0,-8.449632623808156e-06,-0.0814416447248767,0.0814416447248767,True,379.82951899262275,36.270177938034976,15.154243036570046,-0.7492161233295374,0.5630116528172687,1.282254158242655,0.0,optimal,0.5000003407213081,382.6224545543755,-1.1014041655599272e-05,11,vel_upper,-4.2789609056015365e-07,7,u_upper,7,8,0.0,0.0,25.68426180158947,0.0,True,25.68426180158947,near,near
34,random_1,0.9085874070339034,-0.41769477346431794,0.03,optimal,True,0.49999991037759217,4.303437158847956e-07,311.58654703979226,-71.03590751458324,True,7.0,0.02352478561056759,-0.12684533907128537,0.12684533907128537,True,379.2116606340692,67.62511359427691,8.668375499440557e-17,-0.7492161233295374,0.5630116528172687,1.282254158242655,0.0,optimal,0.5000003407213081,382.6224545543755,-1.1014041655599272e-05,11,vel_upper,-4.2789609056015365e-07,7,u_upper,7,8,0.0,0.0,25.68426180158947,0.0,True,25.68426180158947,near,near
34,random_2,-0.42606089900253974,-0.9046944845311856,0.005,optimal,True,0.49999940486221456,9.35859093498248e-07,394.2394734267873,11.61701887241179,True,1.0,-1.738811510221261e-05,-0.067852853028745,0.067852853028745,True,380.4680397191716,-13.7714337076157,22.450575634817685,-0.7492161233295374,0.5630116528172687,1.282254158242655,0.0,optimal,0.5000003407213081,382.6224545543755,-1.1014041655599272e-05,11,vel_upper,-4.2789609056015365e-07,7,u_upper,7,8,0.0,0.0,25.68426180158947,0.0,True,25.68426180158947,near,near
34,random_2,-0.42606089900253974,-0.9046944845311856,0.015,optimal,True,0.4999999739736545,3.6674765357957995e-07,421.21240750792595,38.58995295355044,True,3.0,-1.213735032767893e-05,-0.2138729559425132,0.2138729559425132,True,378.71251521470913,-42.49989229321682,17.01306465773715,-0.7492161233295374,0.5630116528172687,1.282254158242655,0.0,optimal,0.5000003407213081,382.6224545543755,-1.1014041655599272e-05,11,vel_upper,-4.2789609056015365e-07,7,u_upper,7,8,0.0,0.0,25.68426180158947,0.0,True,25.68426180158947,near,near
34,random_2,-0.42606089900253974,-0.9046944845311856,0.03,optimal,True,0.49997932364248665,2.101707882140591e-05,474.18509642299585,91.56264186862035,True,7.0,0.07195329451217491,-0.37201428591064767,0.37201428591064767,True,379.81899919582855,-94.3660972271673,1.1102230246251565e-16,-0.7492161233295374,0.5630116528172687,1.282254158242655,0.0,optimal,0.5000003407213081,382.6224545543755,-1.1014041655599272e-05,11,vel_upper,-4.2789609056015365e-07,7,u_upper,7,8,0.0,0.0,25.68426180158947,0.0,True,25.68426180158947,near,near
34,random_3,0.8847938231067735,0.46598271490700144,0.005,optimal,True,0.4999996042518338,7.364694742384437e-07,365.86513979269176,-16.757314761683745,True,1.0,-1.4838508596737299e-05,0.02095630050671715,0.0,False,384.09994566154654,18.234805868854778,23.425195926008783,-0.7492161233295374,0.5630116528172687,1.282254158242655,0.0,optimal,0.5000003407213081,382.6224545543755,-1.1014041655599272e-05,11,vel_upper,-4.2789609056015365e-07,7,u_upper,7,8,0.0,0.0,25.68426180158947,0.0,True,25.68426180158947,near,near
34,random_3,0.8847938231067735,0.46598271490700144,0.015,optimal,True,0.4999997238553537,6.168659543726029e-07,336.07966021992394,-46.54279433445157,True,3.0,-1.143943005721404e-05,0.05590914892313914,0.0,False,388.0597081005875,51.98004788066356,22.390644671040782,-0.7492161233295374,0.5630116528172687,1.282254158242655,0.0,optimal,0.5000003407213081,382.6224545543755,-1.1014041655599272e-05,11,vel_upper,-4.2789609056015365e-07,7,u_upper,7,8,0.0,0.0,25.68426180158947,0.0,True,25.68426180158947,near,near
34,random_3,0.8847938231067735,0.46598271490700144,0.03,optimal,True,0.4999993636648117,9.770564963762496e-07,299.85484937849344,-82.76760517588207,True,6.0,-1.3903295910111524e-05,0.09784242043469127,0.0,False,398.11643748182655,98.26158810333311,19.59140261835361,-0.7492161233295374,0.5630116528172687,1.282254158242655,0.0,optimal,0.5000003407213081,382.6224545543755,-1.1014041655599272e-05,11,vel_upper,-4.2789609056015365e-07,7,u_upper,7,8,0.0,0.0,25.68426180158947,0.0,True,25.68426180158947,near,near
35,pos_plus,1.0,0.0,0.005,optimal,True,-0.49999951446565005,9.961396130186984e-08,432.5157977158589,23.316133749115636,False,0.0,0.1250949435428298,0.1250948884550851,0.0,False,409.2015594232595,-23.31423829259944,4.440892098500626e-16,0.6940486053087858,-0.060766197427453594,-1.0476888155122683,0.0,optimal,-0.49999961407961135,409.1996639667433,0.13175151796128204,17,vel_lower,1.776215113880042e-08,14,u_lower,0,15,0.0,0.0,3.962123889184052e-16,4.440892098500626e-16,True,4.440892098500626e-16,mid,near
35,pos_plus,1.0,0.0,0.015,optimal,True,-0.4999990335365121,5.805430992600336e-07,482.7869344481716,73.58727048142833,False,0.0,0.1151026142765661,0.11510250241729758,0.0,False,409.21541876216463,-73.57151568600699,4.440892098500626e-16,0.6940486053087858,-0.060766197427453594,-1.0476888155122683,0.0,optimal,-0.49999961407961135,409.1996639667433,0.13175151796128204,17,vel_lower,1.776215113880042e-08,14,u_lower,0,15,0.0,0.0,3.962123889184052e-16,4.440892098500626e-16,True,4.440892098500626e-16,mid,near
35,pos_plus,1.0,0.0,0.03,optimal,True,-0.49999814741470844,1.4666649029160261e-06,567.291495536473,158.09183156972972,False,0.0,0.10005240707216945,0.1000522531473782,0.0,False,409.2623036361129,-158.0291919003601,1.1796119636642288e-16,0.6940486053087858,-0.060766197427453594,-1.0476888155122683,0.0,optimal,-0.49999961407961135,409.1996639667433,0.13175151796128204,17,vel_lower,1.776215113880042e-08,14,u_lower,0,15,0.0,0.0,3.962123889184052e-16,4.440892098500626e-16,True,4.440892098500626e-16,mid,near
35,pos_minus,-1.0,0.0,0.005,optimal,True,-0.5000008279877513,1.2139081398965246e-06,387.08862993255025,-22.11103403419304,False,0.0,0.14634797247102482,0.14634805951663898,0.0,False,409.20698590801607,22.118355975465818,2.017360354214889e-17,0.6940486053087858,-0.060766197427453594,-1.0476888155122683,0.0,optimal,-0.49999961407961135,409.1996639667433,0.13175151796128204,17,vel_lower,1.776215113880042e-08,14,u_lower,0,15,0.0,0.0,3.962123889184052e-16,4.440892098500626e-16,True,4.440892098500626e-16,mid,near
35,pos_minus,-1.0,0.0,0.015,optimal,True,-0.5000018200783738,2.2059987624389876e-06,346.47090197927656,-62.728761987466726,False,0.0,0.16927199816539407,0.16927214759274334,0.0,False,409.2675946525811,62.79669267330456,2.017360354214889e-17,0.6940486053087858,-0.060766197427453594,-1.0476888155122683,0.0,optimal,-0.49999961407961135,409.1996639667433,0.13175151796128204,17,vel_lower,1.776215113880042e-08,14,u_lower,0,15,0.0,0.0,3.962123889184052e-16,4.440892098500626e-16,True,4.440892098500626e-16,mid,near
35,pos_minus,-1.0,0.0,0.03,optimal,True,-0.4999940411650957,5.572914515639127e-06,294.4731499317405,-114.72651403500277,False,0.0,0.22555371904458799,0.2255532502543588,0.0,False,409.81923241388364,115.34608248214312,2.017360354214889e-17,0.6940486053087858,-0.060766197427453594,-1.0476888155122683,0.0,optimal,-0.49999961407961135,409.1996639667433,0.13175151796128204,17,vel_lower,1.776215113880042e-08,14,u_lower,0,15,0.0,0.0,3.962123889184052e-16,4.440892098500626e-16,True,4.440892098500626e-16,mid,near
35,vel_plus,0.0,1.0,0.005,optimal,True,-0.4999998281754852,2.1409587386278517e-07,420.5660724907531,11.366408524009785,False,0.0,0.20654653791946154,0.12154651754568735,0.0,False,409.2055453976108,-11.360527093142252,1.249000902703301e-16,0.6940486053087858,-0.060766197427453594,-1.0476888155122683,0.0,optimal,-0.49999961407961135,409.1996639667433,0.13175151796128204,17,vel_lower,1.776215113880042e-08,14,u_lower,0,15,0.0,0.0,3.962123889184052e-16,4.440892098500626e-16,True,4.440892098500626e-16,mid,near
35,vel_plus,0.0,1.0,0.015,optimal,True,-0.4999962499091265,3.3641704848541565e-06,445.390865755686,36.19120178894269,False,0.0,0.3594439368265243,0.1044436252326073,0.0,False,409.2524250131418,-36.13844074254416,5.551115123125783e-17,0.6940486053087858,-0.060766197427453594,-1.0476888155122683,0.0,optimal,-0.49999961407961135,409.1996639667433,0.13175151796128204,17,vel_lower,1.776215113880042e-08,14,u_lower,0,15,0.0,0.0,3.962123889184052e-16,4.440892098500626e-16,True,4.440892098500626e-16,mid,near
35,vel_plus,0.0,1.0,0.03,optimal,True,-0.4999999699920877,3.5591247632416056e-07,487.8608348205652,78.66117085382189,False,0.0,0.5992338504836012,0.07535408541350286,0.0,False,409.34692383976864,-78.51391098079654,5.551115123125783e-17,0.6940486053087858,-0.060766197427453594,-1.0476888155122683,0.0,optimal,-0.49999961407961135,409.1996639667433,0.13175151796128204,17,vel_lower,1.776215113880042e-08,14,u_lower,0,15,0.0,0.0,3.962123889184052e-16,4.440892098500626e-16,True,4.440892098500626e-16,mid,near
35,vel_minus,0.0,-1.0,0.005,optimal,True,-0.5000111012438431,1.148716423171603e-05,398.5139471775693,-10.685716789173966,False,0.0,0.06862847182183918,0.15362938655528469,0.0,False,409.2146853186598,10.700738141090483,1.0206705613943517e-16,0.6940486053087858,-0.060766197427453594,-1.0476888155122683,0.0,optimal,-0.49999961407961135,409.1996639667433,0.13175151796128204,17,vel_lower,1.776215113880042e-08,14,u_lower,0,15,0.0,0.0,3.962123889184052e-16,4.440892098500626e-16,True,4.440892098500626e-16,mid,near
35,vel_minus,0.0,-1.0,0.015,optimal,True,-0.5000008144728787,1.2003932673421147e-06,379.2914388968753,-29.908225069867967,True,2.0,-1.0348108867797023e-05,0.22501748698516244,0.0,False,409.85080953967366,30.559370642798342,6.437132464178584,0.6940486053087858,-0.060766197427453594,-1.0476888155122683,0.0,optimal,-0.49999961407961135,409.1996639667433,0.13175151796128204,17,vel_lower,1.776215113880042e-08,14,u_lower,0,15,0.0,0.0,3.962123889184052e-16,4.440892098500626e-16,True,4.440892098500626e-16,mid,near
35,vel_minus,0.0,-1.0,0.03,optimal,True,-0.5000003608375414,7.467579300479699e-07,356.8188894922049,-52.380774474538384,True,7.0,-1.6507882712124555e-05,0.3600114280183845,0.0,False,416.7825780415331,59.9636885493282,15.63698454149601,0.6940486053087858,-0.060766197427453594,-1.0476888155122683,0.0,optimal,-0.49999961407961135,409.1996639667433,0.13175151796128204,17,vel_lower,1.776215113880042e-08,14,u_lower,0,15,0.0,0.0,3.962123889184052e-16,4.440892098500626e-16,True,4.440892098500626e-16,mid,near
35,random_0,0.9909289106818766,-0.13438710494251077,0.005,optimal,True,-0.4999981989145176,1.4151650937765936e-06,430.71699451290505,21.51733054616176,False,0.0,0.11487053486818233,0.1262932531863018,0.0,False,409.201052001761,-21.515942511144033,4.440892098500626e-16,0.6940486053087858,-0.060766197427453594,-1.0476888155122683,0.0,optimal,-0.49999961407961135,409.1996639667433,0.13175151796128204,17,vel_lower,1.776215113880042e-08,14,u_lower,0,15,0.0,0.0,3.962123889184052e-16,4.440892098500626e-16,True,4.440892098500626e-16,mid,near
35,random_0,0.9909289106818766,-0.13438710494251077,0.015,optimal,True,-0.49999946839546233,1.4568414902216276e-07,476.71441586565,67.5147518989067,False,0.0,0.08438635502670877,0.1186550135554193,0.0,False,409.20858965256656,-67.50582621308342,4.440892098500626e-16,0.6940486053087858,-0.060766197427453594,-1.0476888155122683,0.0,optimal,-0.49999961407961135,409.1996639667433,0.13175151796128204,17,vel_lower,1.776215113880042e-08,14,u_lower,0,15,0.0,0.0,3.962123889184052e-16,4.440892098500626e-16,True,4.440892098500626e-16,mid,near
35,random_0,0.9909289106818766,-0.13438710494251077,0.03,optimal,True,-0.4999980483753139,1.5657042974348556e-06,553.121887461433,143.92222349468966,False,0.0,0.03870075463507472,0.10723798179509092,0.0,False,409.23504336870394,-143.886844092729,4.440892098500626e-16,0.6940486053087858,-0.060766197427453594,-1.0476888155122683,0.0,optimal,-0.49999961407961135,409.1996639667433,0.13175151796128204,17,vel_lower,1.776215113880042e-08,14,u_lower,0,15,0.0,0.0,3.962123889184052e-16,4.440892098500626e-16,True,4.440892098500626e-16,mid,near
35,random_1,0.9085874070339034,-0.41769477346431794,0.005,optimal,True,-0.5000013121257797,1.6980461683413495e-06,425.4850461871941,16.2853822204508,False,0.0,0.09358556185363154,0.1290897491012557,0.0,False,409.1995751255383,-16.285471061655812,2.876611937443703e-16,0.6940486053087858,-0.060766197427453594,-1.0476888155122683,0.0,optimal,-0.49999961407961135,409.1996639667433,0.13175151796128204,17,vel_lower,1.776215113880042e-08,14,u_lower,0,15,0.0,0.0,3.962123889184052e-16,4.440892098500626e-16,True,4.440892098500626e-16,mid,near
35,random_1,0.9085874070339034,-0.41769477346431794,0.015,optimal,True,-0.49999928532140836,3.287582029942726e-07,459.5819706872101,50.38230672046683,False,0.0,0.02064612046408032,0.12715821566606456,0.0,False,409.20052640817136,-50.38144427903876,3.3306690738754696e-16,0.6940486053087858,-0.060766197427453594,-1.0476888155122683,0.0,optimal,-0.49999961407961135,409.1996639667433,0.13175151796128204,17,vel_lower,1.776215113880042e-08,14,u_lower,0,15,0.0,0.0,3.962123889184052e-16,4.440892098500626e-16,True,4.440892098500626e-16,mid,near
35,random_1,0.9085874070339034,-0.41769477346431794,0.03,optimal,True,-0.5000026271463859,3.013066774526507e-06,514.9655594606704,105.76589549392713,True,2.0,1.2735483968961958e-05,0.1892298629387461,0.0,False,409.45903007646456,-105.50652938420586,13.672102887755559,0.6940486053087858,-0.060766197427453594,-1.0476888155122683,0.0,optimal,-0.49999961407961135,409.1996639667433,0.13175151796128204,17,vel_lower,1.776215113880042e-08,14,u_lower,0,15,0.0,0.0,3.962123889184052e-16,4.440892098500626e-16,True,4.440892098500626e-16,mid,near
35,random_2,-0.42606089900253974,-0.9046944845311856,0.005,optimal,True,-0.5000000570719744,4.4299236301448275e-07,390.2438597546866,-18.955804212056705,False,0.0,0.08088246558242185,0.15677400182604306,0.0,False,409.2235633171609,18.9797035624743,6.652880566003749e-17,0.6940486053087858,-0.060766197427453594,-1.0476888155122683,0.0,optimal,-0.49999961407961135,409.1996639667433,0.13175151796128204,17,vel_lower,1.776215113880042e-08,14,u_lower,0,15,0.0,0.0,3.962123889184052e-16,4.440892098500626e-16,True,4.440892098500626e-16,mid,near
35,random_2,-0.42606089900253974,-0.9046944845311856,0.015,optimal,True,-0.5000001661541291,5.520745177678421e-07,356.4695934775626,-52.73007048918066,True,1.0,2.3976588774399232e-06,0.21095541700785048,0.0,False,409.64447081686495,53.17487733930233,1.8818885193470178,0.6940486053087858,-0.060766197427453594,-1.0476888155122683,0.0,optimal,-0.49999961407961135,409.1996639667433,0.13175151796128204,17,vel_lower,1.776215113880042e-08,14,u_lower,0,15,0.0,0.0,3.962123889184052e-16,4.440892098500626e-16,True,4.440892098500626e-16,mid,near
35,random_2,-0.42606089900253974,-0.9046944845311856,0.03,optimal,True,-0.4999998805393587,2.664597473223118e-07,315.87577612000814,-93.32388784673515,True,3.0,-9.932532244683046e-06,0.3423454738842209,0.0,False,414.9300397448748,99.05426362486668,6.781231463433885,0.6940486053087858,-0.060766197427453594,-1.0476888155122683,0.0,optimal,-0.49999961407961135,409.1996639667433,0.13175151796128204,17,vel_lower,1.776215113880042e-08,14,u_lower,0,15,0.0,0.0,3.962123889184052e-16,4.440892098500626e-16,True,4.440892098500626e-16,mid,near
35,random_3,0.8847938231067735,0.46598271490700144,0.005,optimal,True,-0.49999457907109957,5.035008511788952e-06,435.31265432367877,26.112990356935484,False,0.0,0.16128376610829087,0.12167478491078954,0.0,False,409.20587438180445,-26.106779941874322,6.237154218642541e-17,0.6940486053087858,-0.060766197427453594,-1.0476888155122683,0.0,optimal,-0.49999961407961135,409.1996639667433,0.13175151796128204,17,vel_lower,1.776215113880042e-08,14,u_lower,0,15,0.0,0.0,3.962123889184052e-16,4.440892098500626e-16,True,4.440892098500626e-16,mid,near
35,random_3,0.8847938231067735,0.46598271490700144,0.015,optimal,True,-0.49999976717995515,1.531003437915679e-07,492.8408038652246,83.6411398984813,False,0.0,0.22368954543467812,0.10486392538463396,0.0,False,409.2463136806115,-83.59449018461311,6.237154218642541e-17,0.6940486053087858,-0.060766197427453594,-1.0476888155122683,0.0,optimal,-0.49999961407961135,409.1996639667433,0.13175151796128204,17,vel_lower,1.776215113880042e-08,14,u_lower,0,15,0.0,0.0,3.962123889184052e-16,4.440892098500626e-16,True,4.440892098500626e-16,mid,near
35,random_3,0.8847938231067735,0.46598271490700144,0.03,optimal,True,-0.49999809335257084,1.520727040515979e-06,592.4069387609173,183.20727479417405,False,0.0,0.3268866802016559,0.08137788315413985,0.0,False,409.33078840718457,-183.07615035373277,6.237154218642541e-17,0.6940486053087858,-0.060766197427453594,-1.0476888155122683,0.0,optimal,-0.49999961407961135,409.1996639667433,0.13175151796128204,17,vel_lower,1.776215113880042e-08,14,u_lower,0,15,0.0,0.0,3.962123889184052e-16,4.440892098500626e-16,True,4.440892098500626e-16,mid,near
36,pos_plus,1.0,0.0,0.005,optimal,True,0.5000000604754296,1.6973094663086385e-07,77.3373226822063,-4.37139322499344,False,0.0,0.21576918417509705,0.21576918726145544,0.0,False,82.07822119099576,4.740898508789456,6.237154218642541e-17,-1.2915489211088023,0.48312287585260993,-0.20342906676538908,0.0,optimal,0.4999998907444829,81.70871590719975,0.18712279148486866,7,vel_upper,-1.501552371330206e-08,10,u_lower,0,10,0.0,0.0,5.551115123125783e-17,6.237154218642541e-17,True,6.237154218642541e-17,mid,near
36,pos_plus,1.0,0.0,0.015,optimal,True,0.4999997640812817,1.26663201205357e-07,69.92484609335595,-11.783869813843793,False,0.0,0.2764355509597687,0.2764355404354545,0.0,False,85.2902896663059,15.365443572949943,6.237154218642541e-17,-1.2915489211088023,0.48312287585260993,-0.20342906676538908,0.0,optimal,0.4999998907444829,81.70871590719975,0.18712279148486866,7,vel_upper,-1.501552371330206e-08,10,u_lower,0,10,0.0,0.0,5.551115123125783e-17,6.237154218642541e-17,True,6.237154218642541e-17,mid,near
36,pos_plus,1.0,0.0,0.03,optimal,True,0.49999989006417006,6.803128616006404e-10,61.649232276431945,-20.0594836307678,False,0.0,0.3527653625546079,0.3527653581475305,0.0,False,97.06612603932658,35.41689376289463,5.551115123125783e-17,-1.2915489211088023,0.48312287585260993,-0.20342906676538908,0.0,optimal,0.4999998907444829,81.70871590719975,0.18712279148486866,7,vel_upper,-1.501552371330206e-08,10,u_lower,0,10,0.0,0.0,5.551115123125783e-17,6.237154218642541e-17,True,6.237154218642541e-17,mid,near
36,pos_minus,-1.0,0.0,0.005,optimal,True,0.5000000059289746,1.1518449172243095e-07,86.57995059640213,4.871234689202382,False,0.0,0.1515584921210429,0.15155849461304727,0.0,False,82.05540122678269,-4.524549369619436,5.551115123125783e-17,-1.2915489211088023,0.48312287585260993,-0.20342906676538908,0.0,optimal,0.4999998907444829,81.70871590719975,0.18712279148486866,7,vel_upper,-1.501552371330206e-08,10,u_lower,0,10,0.0,0.0,5.551115123125783e-17,6.237154218642541e-17,True,6.237154218642541e-17,mid,near
36,pos_minus,-1.0,0.0,0.015,optimal,True,0.49999999912108856,1.0837660563423057e-07,98.02190589238393,16.31318998518418,False,0.0,0.08913204149606158,0.08913204049674084,0.0,False,84.45564555936265,-13.566260333021276,5.551115123125783e-17,-1.2915489211088023,0.48312287585260993,-0.20342906676538908,0.0,optimal,0.4999998907444829,81.70871590719975,0.18712279148486866,7,vel_upper,-1.501552371330206e-08,10,u_lower,0,10,0.0,0.0,5.551115123125783e-17,6.237154218642541e-17,True,6.237154218642541e-17,mid,near
36,pos_minus,-1.0,0.0,0.03,optimal,True,0.4999991699226997,7.208217832066488e-07,120.33197969873784,38.62326379153809,True,2.0,-1.7309791686681564e-05,-1.7401735829647436e-05,1.7401735829647436e-05,False,90.07297894234262,-30.259000756395224,3.895120640453654,-1.2915489211088023,0.48312287585260993,-0.20342906676538908,0.0,optimal,0.4999998907444829,81.70871590719975,0.18712279148486866,7,vel_upper,-1.501552371330206e-08,10,u_lower,0,10,0.0,0.0,5.551115123125783e-17,6.237154218642541e-17,True,6.237154218642541e-17,mid,near
36,vel_plus,0.0,1.0,0.005,optimal,True,0.499999592717192,2.980272909014481e-07,81.28190588584289,-0.4268100213568573,False,0.0,0.17183930913516954,0.20683928844495614,0.0,False,81.98558510705435,0.7036792212114591,2.220446049250313e-16,-1.2915489211088023,0.48312287585260993,-0.20342906676538908,0.0,optimal,0.4999998907444829,81.70871590719975,0.18712279148486866,7,vel_upper,-1.501552371330206e-08,10,u_lower,0,10,0.0,0.0,5.551115123125783e-17,6.237154218642541e-17,True,6.237154218642541e-17,mid,near
36,vel_plus,0.0,1.0,0.015,optimal,True,0.49999969317297943,1.9757150349075658e-07,80.85460076040893,-0.8541151467908179,False,0.0,0.163553890792961,0.25355387491723747,0.0,False,84.2522518032174,3.3976510428084765,2.220446049250313e-16,-1.2915489211088023,0.48312287585260993,-0.20342906676538908,0.0,optimal,0.4999998907444829,81.70871590719975,0.18712279148486866,7,vel_upper,-1.501552371330206e-08,10,u_lower,0,10,0.0,0.0,5.551115123125783e-17,6.237154218642541e-17,True,6.237154218642541e-17,mid,near
36,vel_plus,0.0,1.0,0.03,optimal,True,0.5000001742407258,2.834962429254517e-07,81.31071648525393,-0.39799942194581206,False,0.0,0.1685504870920933,0.31687705870066196,0.0,False,91.82212861600529,10.511412130751353,2.220446049250313e-16,-1.2915489211088023,0.48312287585260993,-0.20342906676538908,0.0,optimal,0.4999998907444829,81.70871590719975,0.18712279148486866,7,vel_upper,-1.501552371330206e-08,10,u_lower,0,10,0.0,0.0,5.551115123125783e-17,6.237154218642541e-17,True,6.237154218642541e-17,mid,near
36,vel_minus,0.0,-1.0,0.005,optimal,True,0.49999996904865973,7.830417680931845e-08,82.27799844618231,0.5692825389825629,False,0.0,0.19949687621157874,0.15949687438910676,0.0,False,81.9979178287839,-0.2800806173984114,5.551115123125783e-17,-1.2915489211088023,0.48312287585260993,-0.20342906676538908,0.0,optimal,0.4999998907444829,81.70871590719975,0.18712279148486866,7,vel_upper,-1.501552371330206e-08,10,u_lower,0,10,0.0,0.0,5.551115123125783e-17,6.237154218642541e-17,True,6.237154218642541e-17,mid,near
36,vel_minus,0.0,-1.0,0.015,optimal,True,0.5000000104804314,1.1973594848946334e-07,83.84885344496328,2.140137537763536,False,0.0,0.24191402093506875,0.10903228957236066,0.0,False,84.2166829624383,0.36782951747501613,5.551115123125783e-17,-1.2915489211088023,0.48312287585260993,-0.20342906676538908,0.0,optimal,0.4999998907444829,81.70871590719975,0.18712279148486866,7,vel_upper,-1.501552371330206e-08,10,u_lower,0,10,0.0,0.0,5.551115123125783e-17,6.237154218642541e-17,True,6.237154218642541e-17,mid,near
36,vel_minus,0.0,-1.0,0.03,optimal,True,0.5000001213632025,2.3061871956553404e-07,87.58182017793614,5.873104270736391,False,0.0,0.32405181816898265,0.006597522129307309,0.0,False,90.72206925371043,3.1402490757742925,5.551115123125783e-17,-1.2915489211088023,0.48312287585260993,-0.20342906676538908,0.0,optimal,0.4999998907444829,81.70871590719975,0.18712279148486866,7,vel_upper,-1.501552371330206e-08,10,u_lower,0,10,0.0,0.0,5.551115123125783e-17,6.237154218642541e-17,True,6.237154218642541e-17,mid,near
36,random_0,0.9909289106818766,-0.13438710494251077,0.005,optimal,True,0.500000145085436,2.5434095307641513e-07,77.41901571967121,-4.289700187528538,False,0.0,0.21589547833091993,0.21119193663399038,0.0,False,81.98564435665183,4.566628636980624,5.551115123125783e-17,-1.2915489211088023,0.48312287585260993,-0.20342906676538908,0.0,optimal,0.4999998907444829,81.70871590719975,0.18712279148486866,7,vel_upper,-1.501552371330206e-08,10,u_lower,0,10,0.0,0.0,5.551115123125783e-17,6.237154218642541e-17,True,6.237154218642541e-17,mid,near
36,random_0,0.9909289106818766,-0.13438710494251077,0.015,optimal,True,0.49999997372483923,8.298035630849299e-08,70.04193595544209,-11.666779951757661,False,0.0,0.27571372081045453,0.26361888052818205,0.0,False,84.42307206055287,14.381136105110784,5.551115123125783e-17,-1.2915489211088023,0.48312287585260993,-0.20342906676538908,0.0,optimal,0.4999998907444829,81.70871590719975,0.18712279148486866,7,vel_upper,-1.501552371330206e-08,10,u_lower,0,10,0.0,0.0,5.551115123125783e-17,6.237154218642541e-17,True,6.237154218642541e-17,mid,near
36,random_0,0.9909289106818766,-0.13438710494251077,0.03,optimal,True,0.5000002425815617,3.518370788047065e-07,61.59389831429797,-20.11481759290178,False,0.0,0.35342221432458365,0.33729577046536374,0.0,False,93.53398208192583,31.94008376762786,5.551115123125783e-17,-1.2915489211088023,0.48312287585260993,-0.20342906676538908,0.0,optimal,0.4999998907444829,81.70871590719975,0.18712279148486866,7,vel_upper,-1.501552371330206e-08,10,u_lower,0,10,0.0,0.0,5.551115123125783e-17,6.237154218642541e-17,True,6.237154218642541e-17,mid,near
36,random_1,0.9085874070339034,-0.41769477346431794,0.005,optimal,True,0.5000002341078205,3.43363337540481e-07,77.86697972855735,-3.8417361786423925,False,0.0,0.21649628917612174,0.20187698551869215,0.0,False,81.81408958072794,3.947109852170584,5.551115123125783e-17,-1.2915489211088023,0.48312287585260993,-0.20342906676538908,0.0,optimal,0.4999998907444829,81.70871590719975,0.18712279148486866,7,vel_upper,-1.501552371330206e-08,10,u_lower,0,10,0.0,0.0,5.551115123125783e-17,6.237154218642541e-17,True,6.237154218642541e-17,mid,near
36,random_1,0.9085874070339034,-0.41769477346431794,0.015,optimal,True,0.5000000629240393,1.7217955639026172e-07,71.02828579030346,-10.68043011689629,False,0.0,0.27825498392177983,0.24066245736564373,0.0,False,82.78126837513697,11.752982584833518,5.551115123125783e-17,-1.2915489211088023,0.48312287585260993,-0.20342906676538908,0.0,optimal,0.4999998907444829,81.70871590719975,0.18712279148486866,7,vel_upper,-1.501552371330206e-08,10,u_lower,0,10,0.0,0.0,5.551115123125783e-17,6.237154218642541e-17,True,6.237154218642541e-17,mid,near
36,random_1,0.9085874070339034,-0.41769477346431794,0.03,optimal,True,0.4999999235889586,3.2844475694737696e-08,62.700780513737584,-19.007935393462162,False,0.0,0.3557053102436243,0.29305109083689473,0.0,False,86.3671250776247,23.666344563887122,5.551115123125783e-17,-1.2915489211088023,0.48312287585260993,-0.20342906676538908,0.0,optimal,0.4999998907444829,81.70871590719975,0.18712279148486866,7,vel_upper,-1.501552371330206e-08,10,u_lower,0,10,0.0,0.0,5.551115123125783e-17,6.237154218642541e-17,True,6.237154218642541e-17,mid,near
36,random_2,-0.42606089900253974,-0.9046944845311856,0.005,optimal,True,0.5000000061425341,1.1539805122584568e-07,84.30366620046384,2.594950293264091,False,0.0,0.18462782941685874,0.14844005166165708,0.0,False,82.23856080371989,-2.065105396743945,5.551115123125783e-17,-1.2915489211088023,0.48312287585260993,-0.20342906676538908,0.0,optimal,0.4999998907444829,81.70871590719975,0.18712279148486866,7,vel_upper,-1.501552371330206e-08,10,u_lower,0,10,0.0,0.0,5.551115123125783e-17,6.237154218642541e-17,True,6.237154218642541e-17,mid,near
36,random_2,-0.42606089900253974,-0.9046944845311856,0.015,optimal,True,0.49999997327857915,8.253409622405172e-08,90.71977907516552,9.011063167965773,False,0.0,0.20112367711805446,0.07120654356187306,0.0,False,86.09524512174019,-4.624533953425328,5.551115123125783e-17,-1.2915489211088023,0.48312287585260993,-0.20342906676538908,0.0,optimal,0.4999998907444829,81.70871590719975,0.18712279148486866,7,vel_upper,-1.501552371330206e-08,10,u_lower,0,10,0.0,0.0,5.551115123125783e-17,6.237154218642541e-17,True,6.237154218642541e-17,mid,near
36,random_2,-0.42606089900253974,-0.9046944845311856,0.03,optimal,True,0.5000004557215587,5.649770757898409e-07,104.71956063997474,23.010844732775,False,0.0,0.25329727017931236,-0.08693704516274292,0.08693704516274292,True,95.23979144303127,-9.47976919694348,5.551115123125783e-17,-1.2915489211088023,0.48312287585260993,-0.20342906676538908,0.0,optimal,0.4999998907444829,81.70871590719975,0.18712279148486866,7,vel_upper,-1.501552371330206e-08,10,u_lower,0,10,0.0,0.0,5.551115123125783e-17,6.237154218642541e-17,True,6.237154218642541e-17,mid,near
36,random_3,0.8847938231067735,0.46598271490700144,0.005,optimal,True,0.5000004545413654,5.63796882513401e-07,77.67189981462293,-4.036816092576814,False,0.0,0.20933151977008857,0.2256409400614735,0.0,False,82.337249248391,4.665349433768071,5.551115123125783e-17,-1.2915489211088023,0.48312287585260993,-0.20342906676538908,0.0,optimal,0.4999998907444829,81.70871590719975,0.18712279148486866,7,vel_upper,-1.501552371330206e-08,10,u_lower,0,10,0.0,0.0,5.551115123125783e-17,6.237154218642541e-17,True,6.237154218642541e-17,mid,near
36,random_3,0.8847938231067735,0.46598271490700144,0.015,optimal,True,0.4999998003343808,9.041010212706979e-08,71.08198390393825,-10.626732003261495,False,0.0,0.2569578702905797,0.29190656457802966,0.0,False,87.65779083466956,16.575806930731304,5.551115123125783e-17,-1.2915489211088023,0.48312287585260993,-0.20342906676538908,0.0,optimal,0.4999998907444829,81.70871590719975,0.18712279148486866,7,vel_upper,-1.501552371330206e-08,10,u_lower,0,10,0.0,0.0,5.551115123125783e-17,6.237154218642541e-17,True,6.237154218642541e-17,mid,near
36,random_3,0.8847938231067735,0.46598271490700144,0.03,optimal,True,0.4999997118613722,1.7888311071301288e-07,64.34181804046563,-17.36689786673412,False,0.0,0.3422712543605284,0.38420968963941193,0.0,False,106.48658964828911,42.144771607823486,5.551115123125783e-17,-1.2915489211088023,0.48312287585260993,-0.20342906676538908,0.0,optimal,0.4999998907444829,81.70871590719975,0.18712279148486866,7,vel_upper,-1.501552371330206e-08,10,u_lower,0,10,0.0,0.0,5.551115123125783e-17,6.237154218642541e-17,True,6.237154218642541e-17,mid,near
37,pos_plus,1.0,0.0,0.005,optimal,True,0.4999944498224227,6.027526603391564e-06,292.109334643037,-21.20006273665541,False,0.0,0.4087607438600531,0.40876028694066524,0.0,False,313.31221949280854,21.20288484977152,2.017360354214889e-17,-0.952437232655263,-0.23285205101921697,0.36441001713272136,0.0,optimal,0.5000004773490261,313.3093973796924,0.4037524428325501,17,vel_upper,-4.773490260845392e-07,0,u_upper,0,16,0.0,0.0,8.693023677056268e-17,2.017360354214889e-17,True,8.693023677056268e-17,far,mid
37,pos_plus,1.0,0.0,0.015,optimal,True,0.49999233138131316,8.145967712924751e-06,253.34564990555293,-59.963747474139495,False,0.0,0.42100571661635167,0.421005101608814,0.0,False,313.3342540532397,59.98860414768677,2.017360354214889e-17,-0.952437232655263,-0.23285205101921697,0.36441001713272136,0.0,optimal,0.5000004773490261,313.3093973796924,0.4037524428325501,17,vel_upper,-4.773490260845392e-07,0,u_upper,0,16,0.0,0.0,8.693023677056268e-17,2.017360354214889e-17,True,8.693023677056268e-17,far,mid
37,pos_plus,1.0,0.0,0.03,optimal,True,0.4999953530410997,5.124307926374083e-06,204.23631632333974,-109.07308105635269,False,0.0,0.4642636434130868,0.4642632982392203,0.0,False,313.5480743926364,109.31175806929667,2.0828612436927034e-17,-0.952437232655263,-0.23285205101921697,0.36441001713272136,0.0,optimal,0.5000004773490261,313.3093973796924,0.4037524428325501,17,vel_upper,-4.773490260845392e-07,0,u_upper,0,16,0.0,0.0,8.693023677056268e-17,2.017360354214889e-17,True,8.693023677056268e-17,far,mid
37,pos_minus,-1.0,0.0,0.005,optimal,True,0.5000002865849397,1.9076408641627296e-07,335.7238385109626,22.414441131270166,False,0.0,0.3987472793991831,0.39874730296959926,0.0,False,313.31118415605414,-22.412654354908454,2.0828612436927034e-17,-0.952437232655263,-0.23285205101921697,0.36441001713272136,0.0,optimal,0.5000004773490261,313.3093973796924,0.4037524428325501,17,vel_upper,-4.773490260845392e-07,0,u_upper,0,16,0.0,0.0,8.693023677056268e-17,2.017360354214889e-17,True,8.693023677056268e-17,far,mid
37,pos_minus,-1.0,0.0,0.015,optimal,True,0.5000111004300402,1.0623081014071722e-05,384.1888153404375,70.87941796074506,False,0.0,0.3852739434560666,0.38527485759649827,0.0,False,313.3230861689085,-70.86572917152898,2.0828612436927034e-17,-0.952437232655263,-0.23285205101921697,0.36441001713272136,0.0,optimal,0.5000004773490261,313.3093973796924,0.4037524428325501,17,vel_upper,-4.773490260845392e-07,0,u_upper,0,16,0.0,0.0,8.693023677056268e-17,2.017360354214889e-17,True,8.693023677056268e-17,far,mid
37,pos_minus,-1.0,0.0,0.03,optimal,True,0.500019607903485,1.913055445890155e-05,465.99061651034555,152.68121913065312,False,0.0,0.37435136930461876,0.37435300204644506,0.0,False,313.3387905672367,-152.65182594310886,2.0828612436927034e-17,-0.952437232655263,-0.23285205101921697,0.36441001713272136,0.0,optimal,0.5000004773490261,313.3093973796924,0.4037524428325501,17,vel_upper,-4.773490260845392e-07,0,u_upper,0,16,0.0,0.0,8.693023677056268e-17,2.017360354214889e-17,True,8.693023677056268e-17,far,mid
37,vel_plus,0.0,1.0,0.005,optimal,True,0.4999997140760056,7.632730205098248e-07,302.0886770918853,-11.220720287807126,False,0.0,0.3272999710094988,0.4122999474928134,0.0,False,313.3153370307355,11.226659938850219,2.0828612436927034e-17,-0.952437232655263,-0.23285205101921697,0.36441001713272136,0.0,optimal,0.5000004773490261,313.3093973796924,0.4037524428325501,17,vel_upper,-4.773490260845392e-07,0,u_upper,0,16,0.0,0.0,8.693023677056268e-17,2.017360354214889e-17,True,8.693023677056268e-17,far,mid
37,vel_plus,0.0,1.0,0.015,optimal,True,0.49999519271111287,5.284637913216539e-06,281.72770958172384,-31.581687797968584,False,0.0,0.1877892877609495,0.4427889033578015,0.0,False,313.418859972726,31.691150391002168,2.0828612436927034e-17,-0.952437232655263,-0.23285205101921697,0.36441001713272136,0.0,optimal,0.5000004773490261,313.3093973796924,0.4037524428325501,17,vel_upper,-4.773490260845392e-07,0,u_upper,0,16,0.0,0.0,8.693023677056268e-17,2.017360354214889e-17,True,8.693023677056268e-17,far,mid
37,vel_plus,0.0,1.0,0.03,optimal,True,0.49999916356692986,1.3137820962239033e-06,256.2333938420709,-57.076003537621546,False,0.0,0.015270786185929253,0.5026978910140394,0.0,False,314.1325089274115,57.89911508534061,2.0828612436927034e-17,-0.952437232655263,-0.23285205101921697,0.36441001713272136,0.0,optimal,0.5000004773490261,313.3093973796924,0.4037524428325501,17,vel_upper,-4.773490260845392e-07,0,u_upper,0,16,0.0,0.0,8.693023677056268e-17,2.017360354214889e-17,True,8.693023677056268e-17,far,mid
37,vel_minus,0.0,-1.0,0.005,optimal,True,0.5000002085345139,2.688145122053953e-07,325.2274479532675,11.918050573575044,False,0.0,0.4802054197199205,0.3923049275587934,0.0,False,313.31524929045577,-11.912198662811704,2.0828612436927034e-17,-0.952437232655263,-0.23285205101921697,0.36441001713272136,0.0,optimal,0.5000004773490261,313.3093973796924,0.4037524428325501,17,vel_upper,-4.773490260845392e-07,0,u_upper,0,16,0.0,0.0,8.693023677056268e-17,2.017360354214889e-17,True,8.693023677056268e-17,far,mid
37,vel_minus,0.0,-1.0,0.015,optimal,True,0.5000097756891444,9.29834011831332e-06,351.15362498956955,37.84422760987712,False,0.0,0.6378434767662087,0.3703362751357063,0.0,False,313.345809209344,-37.80781578022555,2.0828612436927034e-17,-0.952437232655263,-0.23285205101921697,0.36441001713272136,0.0,optimal,0.5000004773490261,313.3093973796924,0.4037524428325501,17,vel_upper,-4.773490260845392e-07,0,u_upper,0,16,0.0,0.0,8.693023677056268e-17,2.017360354214889e-17,True,8.693023677056268e-17,far,mid
37,vel_minus,0.0,-1.0,0.03,optimal,True,0.5000149395929889,1.4462243962842791e-05,395.32795123021884,82.01855385052642,False,0.0,0.787149735908668,0.3568449389977676,0.0,False,313.3760232587743,-81.95192797144455,3.0234389366994712e-18,-0.952437232655263,-0.23285205101921697,0.36441001713272136,0.0,optimal,0.5000004773490261,313.3093973796924,0.4037524428325501,17,vel_upper,-4.773490260845392e-07,0,u_upper,0,16,0.0,0.0,8.693023677056268e-17,2.017360354214889e-17,True,8.693023677056268e-17,far,mid
37,random_0,0.9909289106818766,-0.13438710494251077,0.005,optimal,True,0.4999997712115457,7.061374803774001e-07,293.7483070832463,-19.56109029644614,False,0.0,0.41898691820388245,0.40756399546707434,0.0,False,313.3105194484413,19.562212365195023,3.0234389366994712e-18,-0.952437232655263,-0.23285205101921697,0.36441001713272136,0.0,optimal,0.5000004773490261,313.3093973796924,0.4037524428325501,17,vel_upper,-4.773490260845392e-07,0,u_upper,0,16,0.0,0.0,8.693023677056268e-17,2.017360354214889e-17,True,8.693023677056268e-17,far,mid
37,random_0,0.9909289106818766,-0.13438710494251077,0.015,optimal,True,0.499990106878696,1.0370470330089976e-05,257.5917968138741,-55.717600565818316,False,0.0,0.4494600818773439,0.41519055564906493,0.0,False,313.3200103730675,55.728213559193364,3.0234389366994712e-18,-0.952437232655263,-0.23285205101921697,0.36441001713272136,0.0,optimal,0.5000004773490261,313.3093973796924,0.4037524428325501,17,vel_upper,-4.773490260845392e-07,0,u_upper,0,16,0.0,0.0,8.693023677056268e-17,2.017360354214889e-17,True,8.693023677056268e-17,far,mid
37,random_0,0.9909289106818766,-0.13438710494251077,0.03,optimal,True,0.49999114645616766,9.33089285842792e-06,210.73925334248955,-102.57014403720288,False,0.0,0.5149935017610318,0.4464553697497531,0.0,False,313.4377979025795,102.69854456008997,3.0234389366994712e-18,-0.952437232655263,-0.23285205101921697,0.36441001713272136,0.0,optimal,0.5000004773490261,313.3093973796924,0.4037524428325501,17,vel_upper,-4.773490260845392e-07,0,u_upper,0,16,0.0,0.0,8.693023677056268e-17,2.017360354214889e-17,True,8.693023677056268e-17,far,mid
37,random_1,0.9085874070339034,-0.41769477346431794,0.005,optimal,True,0.5000001940402593,2.8330876677973293e-07,298.5817886206087,-14.72760875908375,False,0.0,0.44023424858630056,0.40473020880092314,0.0,False,313.30954383164,14.727755211031308,3.0234389366994712e-18,-0.952437232655263,-0.23285205101921697,0.36441001713272136,0.0,optimal,0.5000004773490261,313.3093973796924,0.4037524428325501,17,vel_upper,-4.773490260845392e-07,0,u_upper,0,16,0.0,0.0,8.693023677056268e-17,2.017360354214889e-17,True,8.693023677056268e-17,far,mid
37,random_1,0.9085874070339034,-0.41769477346431794,0.015,optimal,True,0.4999933538296628,7.123519363272379e-06,270.65300128540383,-42.656396094288596,False,0.0,0.5132010582508808,0.4066883438239195,0.0,False,313.3113324354584,42.65833115005455,3.0234389366994712e-18,-0.952437232655263,-0.23285205101921697,0.36441001713272136,0.0,optimal,0.5000004773490261,313.3093973796924,0.4037524428325501,17,vel_upper,-4.773490260845392e-07,0,u_upper,0,16,0.0,0.0,8.693023677056268e-17,2.017360354214889e-17,True,8.693023677056268e-17,far,mid
37,random_1,0.9085874070339034,-0.41769477346431794,0.03,optimal,True,0.4999900303217086,1.044702731750613e-05,232.57107909628328,-80.73831828340914,False,0.0,0.6226477501944157,0.40926766844128637,0.0,False,313.3138604864595,80.74278139017619,7.240576710675162e-19,-0.952437232655263,-0.23285205101921697,0.36441001713272136,0.0,optimal,0.5000004773490261,313.3093973796924,0.4037524428325501,17,vel_upper,-4.773490260845392e-07,0,u_upper,0,16,0.0,0.0,8.693023677056268e-17,2.017360354214889e-17,True,8.693023677056268e-17,far,mid
37,random_2,-0.42606089900253974,-0.9046944845311856,0.005,optimal,True,0.5000001960501227,2.812989033929014e-07,333.77526303064906,20.46586565095663,False,0.0,0.47078650336282246,0.39067749546178654,0.0,False,313.3169167349982,-20.45834629565087,7.240576710675162e-19,-0.952437232655263,-0.23285205101921697,0.36441001713272136,0.0,optimal,0.5000004773490261,313.3093973796924,0.4037524428325501,17,vel_upper,-4.773490260845392e-07,0,u_upper,0,16,0.0,0.0,8.693023677056268e-17,2.017360354214889e-17,True,8.693023677056268e-17,far,mid
37,random_2,-0.42606089900253974,-0.9046944845311856,0.015,optimal,True,0.5000144695658841,1.3992216858049744e-05,378.9527230503933,65.64332567070085,False,0.0,0.6135364540353123,0.3696024726878193,0.0,False,313.3461280832382,-65.60659496715505,7.240576710675162e-19,-0.952437232655263,-0.23285205101921697,0.36441001713272136,0.0,optimal,0.5000004773490261,313.3093973796924,0.4037524428325501,17,vel_upper,-4.773490260845392e-07,0,u_upper,0,16,0.0,0.0,8.693023677056268e-17,2.017360354214889e-17,True,8.693023677056268e-17,far,mid
37,random_2,-0.42606089900253974,-0.9046944845311856,0.03,optimal,True,0.50002193166639,2.1454317363889253e-05,457.41523723707104,144.1058398573786,False,0.0,0.7840993286997855,0.3553788104712312,0.0,False,313.379396752034,-144.03584048503706,7.240576710675162e-19,-0.952437232655263,-0.23285205101921697,0.36441001713272136,0.0,optimal,0.5000004773490261,313.3093973796924,0.4037524428325501,17,vel_upper,-4.773490260845392e-07,0,u_upper,0,16,0.0,0.0,8.693023677056268e-17,2.017360354214889e-17,True,8.693023677056268e-17,far,mid
37,random_3,0.8847938231067735,0.46598271490700144,0.005,optimal,True,0.49999966405570107,8.132933250193375e-07,289.5073128357525,-23.80208454393994,False,0.0,0.37255575651781125,0.41216425965446646,0.0,False,313.31474214009825,23.80742930434576,7.240576710675162e-19,-0.952437232655263,-0.23285205101921697,0.36441001713272136,0.0,optimal,0.5000004773490261,313.3093973796924,0.4037524428325501,17,vel_upper,-4.773490260845392e-07,0,u_upper,0,16,0.0,0.0,8.693023677056268e-17,2.017360354214889e-17,True,8.693023677056268e-17,far,mid
37,random_3,0.8847938231067735,0.46598271490700144,0.015,optimal,True,0.499991877006684,8.600342342068856e-06,247.19083133349395,-66.11856604619848,False,0.0,0.3277299959484903,0.4465549383641454,0.0,False,313.43624067867177,66.24540934517782,7.240576710675162e-19,-0.952437232655263,-0.23285205101921697,0.36441001713272136,0.0,optimal,0.5000004773490261,313.3093973796924,0.4037524428325501,17,vel_upper,-4.773490260845392e-07,0,u_upper,0,16,0.0,0.0,8.693023677056268e-17,2.017360354214889e-17,True,8.693023677056268e-17,far,mid
37,random_3,0.8847938231067735,0.46598271490700144,0.03,optimal,True,0.5000032540237047,2.7766746786284102e-06,196.67295665153546,-116.63644072815697,False,0.0,0.316530175824276,0.531108986810219,0.0,False,314.7018728483085,118.02891619677303,7.240576710675162e-19,-0.952437232655263,-0.23285205101921697,0.36441001713272136,0.0,optimal,0.5000004773490261,313.3093973796924,0.4037524428325501,17,vel_upper,-4.773490260845392e-07,0,u_upper,0,16,0.0,0.0,8.693023677056268e-17,2.017360354214889e-17,True,8.693023677056268e-17,far,mid
38,pos_plus,1.0,0.0,0.005,optimal,True,0.5000007888086002,6.8189696467158e-07,511.06622615937505,-22.93418547217101,False,0.0,-9.370811417275249e-06,-9.303547474415197e-06,9.303547474415197e-06,False,534.0021565890023,22.935930429627263,18.913046992630324,-1.0343270945944587,0.42793714091085067,1.1891898372419663,0.0,optimal,0.5000001069116355,534.0004116315461,-8.331151782448032e-06,16,vel_upper,-1.071748525482974e-07,10,u_upper,5,11,0.0,0.0,21.02015268093293,7.240576710675162e-19,True,21.02015268093293,near,near
38,pos_plus,1.0,0.0,0.015,optimal,True,0.4999998584245411,2.484870944563511e-07,468.83551315352486,-65.1648984780212,True,1.0,-7.3731374337082656e-06,-7.3931706112695394e-06,7.3931706112695394e-06,False,534.031860369631,65.19634721610612,14.76696370743111,-1.0343270945944587,0.42793714091085067,1.1891898372419663,0.0,optimal,0.5000001069116355,534.0004116315461,-8.331151782448032e-06,16,vel_upper,-1.071748525482974e-07,10,u_upper,5,11,0.0,0.0,21.02015268093293,7.240576710675162e-19,True,21.02015268093293,near,near
38,pos_plus,1.0,0.0,0.03,optimal,True,0.5000002333322231,1.264205875539659e-07,414.4908313131038,-119.50958031844226,True,2.0,-6.194455961505696e-06,-6.164970154820537e-06,6.164970154820537e-06,False,534.4453094130728,119.95447809996898,9.093667171840051,-1.0343270945944587,0.42793714091085067,1.1891898372419663,0.0,optimal,0.5000001069116355,534.0004116315461,-8.331151782448032e-06,16,vel_upper,-1.071748525482974e-07,10,u_upper,5,11,0.0,0.0,21.02015268093293,7.240576710675162e-19,True,21.02015268093293,near,near
38,pos_minus,-1.0,0.0,0.005,optimal,True,0.5000000107683261,9.61433094248676e-08,558.1476376207563,24.147225989210256,False,0.0,-7.006189747027491e-06,-7.012442723830503e-06,7.012442723830503e-06,False,534.0021429636276,-24.145494657128665,23.35153951993621,-1.0343270945944587,0.42793714091085067,1.1891898372419663,0.0,optimal,0.5000001069116355,534.0004116315461,-8.331151782448032e-06,16,vel_upper,-1.071748525482974e-07,10,u_upper,5,11,0.0,0.0,21.02015268093293,7.240576710675162e-19,True,21.02015268093293,near,near
38,pos_minus,-1.0,0.0,0.015,optimal,True,0.5000016501007091,1.5431890735273512e-06,610.0862186611448,76.08580702959875,True,1.0,-6.505388249866684e-06,-6.309965493001002e-06,6.309965493001002e-06,False,534.0039283456518,-76.08229031549297,28.033779370558506,-1.0343270945944587,0.42793714091085067,1.1891898372419663,0.0,optimal,0.5000001069116355,534.0004116315461,-8.331151782448032e-06,16,vel_upper,-1.071748525482974e-07,10,u_upper,5,11,0.0,0.0,21.02015268093293,7.240576710675162e-19,True,21.02015268093293,near,near
38,pos_minus,-1.0,0.0,0.03,optimal,True,0.5000023515906388,2.2446790032271124e-06,697.1157645616701,163.115352930124,True,1.0,-1.3793144201024177e-05,-1.3524994742386554e-05,1.3524994742386554e-05,False,534.0077689017303,-163.10799565993977,35.0501861345542,-1.0343270945944587,0.42793714091085067,1.1891898372419663,0.0,optimal,0.5000001069116355,534.0004116315461,-8.331151782448032e-06,16,vel_upper,-1.071748525482974e-07,10,u_upper,5,11,0.0,0.0,21.02015268093293,7.240576710675162e-19,True,21.02015268093293,near,near
38,vel_plus,0.0,1.0,0.005,optimal,True,0.5000012682282428,1.1613166072121928e-06,526.651720303476,-7.348691328070004,True,1.0,-1.1662815030177853e-05,0.05500706835773783,0.0,False,537.202248216948,10.55052791347191,25.850795739539738,-1.0343270945944587,0.42793714091085067,1.1891898372419663,0.0,optimal,0.5000001069116355,534.0004116315461,-8.331151782448032e-06,16,vel_upper,-1.071748525482974e-07,10,u_upper,5,11,0.0,0.0,21.02015268093293,7.240576710675162e-19,True,21.02015268093293,near,near
38,vel_plus,0.0,1.0,0.015,optimal,True,0.49999952811430465,5.787973308968297e-07,514.8389334453026,-19.16147818624347,True,4.0,-6.321245775486872e-06,0.13499896500563768,0.0,False,547.2715670844268,32.43263363912422,35.94222470058144,-1.0343270945944587,0.42793714091085067,1.1891898372419663,0.0,optimal,0.5000001069116355,534.0004116315461,-8.331151782448032e-06,16,vel_upper,-1.071748525482974e-07,10,u_upper,5,11,0.0,0.0,21.02015268093293,7.240576710675162e-19,True,21.02015268093293,near,near
38,vel_plus,0.0,1.0,0.03,optimal,True,0.5000005288472757,4.2193564020465146e-07,502.52538526322184,-31.475026368324222,True,6.0,-4.321556142494742e-06,0.22206249091610286,0.0,False,571.219328104835,68.69394284161314,44.318895754144584,-1.0343270945944587,0.42793714091085067,1.1891898372419663,0.0,optimal,0.5000001069116355,534.0004116315461,-8.331151782448032e-06,16,vel_upper,-1.071748525482974e-07,10,u_upper,5,11,0.0,0.0,21.02015268093293,7.240576710675162e-19,True,21.02015268093293,near,near
38,vel_minus,0.0,-1.0,0.005,optimal,True,0.500000487733501,3.8082186548660246e-07,542.5269872896821,8.52657565813604,True,1.0,-1.804394720306135e-06,-0.07999473101692112,0.07999473101692112,True,532.024815728247,-10.502171561435148,17.110051794835368,-1.0343270945944587,0.42793714091085067,1.1891898372419663,0.0,optimal,0.5000001069116355,534.0004116315461,-8.331151782448032e-06,16,vel_upper,-1.071748525482974e-07,10,u_upper,5,11,0.0,0.0,21.02015268093293,7.240576710675162e-19,True,21.02015268093293,near,near
38,vel_minus,0.0,-1.0,0.015,optimal,True,0.5000000168656141,9.00460214170451e-08,563.7123528320371,29.711941200491083,True,5.0,0.014438893348757253,-0.23259171093305464,0.23259171093305464,True,531.2891654439076,-32.42318738812958,1.551236750702431e-16,-1.0343270945944587,0.42793714091085067,1.1891898372419663,0.0,optimal,0.5000001069116355,534.0004116315461,-8.331151782448032e-06,16,vel_upper,-1.071748525482974e-07,10,u_upper,5,11,0.0,0.0,21.02015268093293,7.240576710675162e-19,True,21.02015268093293,near,near
38,vel_minus,0.0,-1.0,0.03,optimal,True,0.4999977010325477,2.4058790878411784e-06,602.4502453455417,68.44983371399564,True,5.0,0.24935287934621797,-0.2606473116651864,0.2606473116651864,True,531.4582053960889,-70.99203994945276,1.1594421741807832e-16,-1.0343270945944587,0.42793714091085067,1.1891898372419663,0.0,optimal,0.5000001069116355,534.0004116315461,-8.331151782448032e-06,16,vel_upper,-1.071748525482974e-07,10,u_upper,5,11,0.0,0.0,21.02015268093293,7.240576710675162e-19,True,21.02015268093293,near,near
38,random_0,0.9909289106818766,-0.13438710494251077,0.005,optimal,True,0.4999997335135631,3.733980724618391e-07,512.2823756644307,-21.718035967115384,False,0.0,-1.1791765966329137e-05,-0.010752703011953857,0.010752703011953857,True,533.6658071378445,21.383431473413793,19.18916757587005,-1.0343270945944587,0.42793714091085067,1.1891898372419663,0.0,optimal,0.5000001069116355,534.0004116315461,-8.331151782448032e-06,16,vel_upper,-1.071748525482974e-07,10,u_upper,5,11,0.0,0.0,21.02015268093293,7.240576710675162e-19,True,21.02015268093293,near,near
38,random_0,0.9909289106818766,-0.13438710494251077,0.015,optimal,True,0.5000002849141917,1.780025561393117e-07,472.0882286783483,-61.91218295319777,True,1.0,-9.451152344963631e-06,-0.030241048224181055,0.030241048224181055,True,533.0513956403773,60.96316696202905,15.559978576553616,-1.0343270945944587,0.42793714091085067,1.1891898372419663,0.0,optimal,0.5000001069116355,534.0004116315461,-8.331151782448032e-06,16,vel_upper,-1.071748525482974e-07,10,u_upper,5,11,0.0,0.0,21.02015268093293,7.240576710675162e-19,True,21.02015268093293,near,near
38,random_0,0.9909289106818766,-0.13438710494251077,0.03,optimal,True,0.49999972806638215,3.788452533903808e-07,419.83310913376755,-114.16730249777851,True,3.0,-3.210248705309837e-06,-0.05644531611552428,0.05644531611552428,True,532.6240532682127,112.79094413444517,4.978977957437462,-1.0343270945944587,0.42793714091085067,1.1891898372419663,0.0,optimal,0.5000001069116355,534.0004116315461,-8.331151782448032e-06,16,vel_upper,-1.071748525482974e-07,10,u_upper,5,11,0.0,0.0,21.02015268093293,7.240576710675162e-19,True,21.02015268093293,near,near
38,random_1,0.9085874070339034,-0.41769477346431794,0.005,optimal,True,0.49999856473080107,1.5421808344795451e-06,516.3163146040226,-17.68409702752342,False,0.0,-1.5999999707583257e-05,-0.03341367706659382,0.03341367706659382,True,532.9974685949842,16.681153990961548,19.8914406175545,-1.0343270945944587,0.42793714091085067,1.1891898372419663,0.0,optimal,0.5000001069116355,534.0004116315461,-8.331151782448032e-06,16,vel_upper,-1.071748525482974e-07,10,u_upper,5,11,0.0,0.0,21.02015268093293,7.240576710675162e-19,True,21.02015268093293,near,near
38,random_1,0.9085874070339034,-0.41769477346431794,0.015,optimal,True,0.4999997500729802,3.5683865534652526e-07,483.4970829465206,-50.50332868502545,True,3.0,-8.829151778577682e-07,-0.09788146769945616,0.09788146769945616,True,531.6946576452541,48.19757469873349,11.73544472960638,-1.0343270945944587,0.42793714091085067,1.1891898372419663,0.0,optimal,0.5000001069116355,534.0004116315461,-8.331151782448032e-06,16,vel_upper,-1.071748525482974e-07,10,u_upper,5,11,0.0,0.0,21.02015268093293,7.240576710675162e-19,True,21.02015268093293,near,near
38,random_1,0.9085874070339034,-0.41769477346431794,0.03,optimal,True,0.5000001277565366,2.08449010274947e-08,439.72927940327895,-94.2711322282671,True,5.0,0.044109152421759834,-0.14385348173524992,0.14385348173524992,True,531.2389845809539,91.50970517767496,4.440892098500626e-16,-1.0343270945944587,0.42793714091085067,1.1891898372419663,0.0,optimal,0.5000001069116355,534.0004116315461,-8.331151782448032e-06,16,vel_upper,-1.071748525482974e-07,10,u_upper,5,11,0.0,0.0,21.02015268093293,7.240576710675162e-19,True,21.02015268093293,near,near
38,random_2,-0.42606089900253974,-0.9046944845311856,0.005,optimal,True,0.49999940045639707,7.064552384750122e-07,551.9916625226776,17.991250891131585,True,1.0,-7.504142446324025e-06,-0.07236713382992122,0.07236713382992122,True,532.167346545071,-19.824315977606602,17.687055340332595,-1.0343270945944587,0.42793714091085067,1.1891898372419663,0.0,optimal,0.5000001069116355,534.0004116315461,-8.331151782448032e-06,16,vel_upper,-1.071748525482974e-07,10,u_upper,5,11,0.0,0.0,21.02015268093293,7.240576710675162e-19,True,21.02015268093293,near,near
38,random_2,-0.42606089900253974,-0.9046944845311856,0.015,optimal,True,0.5000014558086684,1.3488970328490169e-06,593.4373436270586,59.43693199551251,True,4.0,1.4106275025183024e-05,-0.22795453517631548,0.22795453517631548,True,531.2649946732625,-62.17234895379602,4.394568292617432,-1.0343270945944587,0.42793714091085067,1.1891898372419663,0.0,optimal,0.5000001069116355,534.0004116315461,-8.331151782448032e-06,16,vel_upper,-1.071748525482974e-07,10,u_upper,5,11,0.0,0.0,21.02015268093293,7.240576710675162e-19,True,21.02015268093293,near,near
38,random_2,-0.42606089900253974,-0.9046944845311856,0.03,optimal,True,0.49999880478615694,1.302125478608307e-06,668.3289732585787,134.32856162703263,True,5.0,0.19287814868745734,-0.2685160877250279,0.2685160877250279,True,531.5175224862724,-136.81145077230633,1.6653345369377348e-16,-1.0343270945944587,0.42793714091085067,1.1891898372419663,0.0,optimal,0.5000001069116355,534.0004116315461,-8.331151782448032e-06,16,vel_upper,-1.071748525482974e-07,10,u_upper,5,11,0.0,0.0,21.02015268093293,7.240576710675162e-19,True,21.02015268093293,near,near
38,random_3,0.8847938231067735,0.46598271490700144,0.005,optimal,True,0.5000008119003604,7.049887248422593e-07,510.2276388530233,-23.77277277852278,True,1.0,-1.3371373154269506e-05,0.025635599469800763,0.0,False,535.297879170693,25.070240317669743,24.273526720843698,-1.0343270945944587,0.42793714091085067,1.1891898372419663,0.0,optimal,0.5000001069116355,534.0004116315461,-8.331151782448032e-06,16,vel_upper,-1.071748525482974e-07,10,u_upper,5,11,0.0,0.0,21.02015268093293,7.240576710675162e-19,True,21.02015268093293,near,near
38,random_3,0.8847938231067735,0.46598271490700144,0.015,optimal,True,0.49999870482044895,1.4020911865975094e-06,467.250560332166,-66.74985129938005,True,1.0,-9.950116640844442e-06,0.07206415173488023,0.0,False,538.7850986837786,71.53453835161264,23.927945108086455,-1.0343270945944587,0.42793714091085067,1.1891898372419663,0.0,optimal,0.5000001069116355,534.0004116315461,-8.331151782448032e-06,16,vel_upper,-1.071748525482974e-07,10,u_upper,5,11,0.0,0.0,21.02015268093293,7.240576710675162e-19,True,21.02015268093293,near,near
38,random_3,0.8847938231067735,0.46598271490700144,0.03,optimal,True,0.500000887594755,7.806831194834274e-07,413.27170492038925,-120.7287067111568,True,5.0,-1.974492226408664e-05,0.12581888581949674,0.0,False,546.5045689724406,133.2328640520513,21.610529041093045,-1.0343270945944587,0.42793714091085067,1.1891898372419663,0.0,optimal,0.5000001069116355,534.0004116315461,-8.331151782448032e-06,16,vel_upper,-1.071748525482974e-07,10,u_upper,5,11,0.0,0.0,21.02015268093293,7.240576710675162e-19,True,21.02015268093293,near,near
39,pos_plus,1.0,0.0,0.005,optimal,True,-0.3353044903244038,0.14769534228778025,1.09930911426887,0.33792907661668736,False,0.0,0.8444050955467126,0.8444053416394249,0.0,False,1.2848566331152576,0.18554751884638754,1.2466594337581501e-19,0.7022814590429975,-0.0814883522698755,0.5856206672312387,0.0,optimal,-0.18760914803662354,0.7613800376521827,0.8859698331807462,3,vel_lower,0.31239085196337646,0,u_lower,0,0,0.0,0.0,1.2466594337581501e-19,3.926981277071609e-21,False,1.2466594337581501e-19,far,far
39,pos_plus,1.0,0.0,0.015,optimal,True,-0.4999999999516806,0.31239085191505706,2.2970460633011327,1.53566602564895,False,0.0,0.7444996501248713,0.7444996499460674,0.0,False,5.3960966451473436,3.099050581846211,1.2466594337581501e-19,0.7022814590429975,-0.0814883522698755,0.5856206672312387,0.0,optimal,-0.18760914803662354,0.7613800376521827,0.8859698331807462,3,vel_lower,0.31239085196337646,0,u_lower,0,0,0.0,0.0,1.2466594337581501e-19,3.926981277071609e-21,False,1.2466594337581501e-19,far,far
39,pos_plus,1.0,0.0,0.03,optimal,True,-0.5000000438704935,0.3123908958338699,5.933248778967596,5.171868741315413,False,0.0,0.5737609665125631,0.5737609684654239,0.0,False,17.416047990860395,11.4827992118928,1.2466594337581501e-19,0.7022814590429975,-0.0814883522698755,0.5856206672312387,0.0,optimal,-0.18760914803662354,0.7613800376521827,0.8859698331807462,3,vel_lower,0.31239085196337646,0,u_lower,0,0,0.0,0.0,1.2466594337581501e-19,3.926981277071609e-21,False,1.2466594337581501e-19,far,far
39,pos_minus,-1.0,0.0,0.005,optimal,True,-0.03992949613494515,0.1476796519016784,0.5930232376220047,-0.16835680003017794,False,0.0,0.9145186981155797,0.91451869811663,0.0,False,1.2848842953856374,0.6918610577636327,1.2466594337581501e-19,0.7022814590429975,-0.0814883522698755,0.5856206672312387,0.0,optimal,-0.18760914803662354,0.7613800376521827,0.8859698331807462,3,vel_lower,0.31239085196337646,0,u_lower,0,0,0.0,0.0,1.2466594337581501e-19,3.926981277071609e-21,False,1.2466594337581501e-19,far,far
39,pos_minus,-1.0,0.0,0.015,optimal,True,0.2554507225025301,0.44305987053915363,0.7648817563756967,0.0035017187235140135,False,0.0,0.8882563529970685,0.8882563529970853,0.0,False,5.472723026674062,4.707841270298365,1.2466594337581501e-19,0.7022814590429975,-0.0814883522698755,0.5856206672312387,0.0,optimal,-0.18760914803662354,0.7613800376521827,0.8859698331807462,3,vel_lower,0.31239085196337646,0,u_lower,0,0,0.0,0.0,1.2466594337581501e-19,3.926981277071609e-21,False,1.2466594337581501e-19,far,far
39,pos_minus,-1.0,0.0,0.03,optimal,True,0.5000000000002193,0.6876091480368428,2.3637077957560515,1.6023277581038688,False,0.0,0.7185108716910086,0.7185108716910245,0.0,False,18.81875899144338,16.45505119568733,1.2466594337581501e-19,0.7022814590429975,-0.0814883522698755,0.5856206672312387,0.0,optimal,-0.18760914803662354,0.7613800376521827,0.8859698331807462,3,vel_lower,0.31239085196337646,0,u_lower,0,0,0.0,0.0,1.2466594337581501e-19,3.926981277071609e-21,False,1.2466594337581501e-19,far,far
39,vel_plus,0.0,1.0,0.005,optimal,True,-0.2361957518919556,0.04858660385533206,0.7364736876445109,-0.024906350007671718,False,0.0,0.8863684889473333,0.8683319942396791,0.0,False,1.0989633525026186,0.36248966485810763,1.2466594337581501e-19,0.7022814590429975,-0.0814883522698755,0.5856206672312387,0.0,optimal,-0.18760914803662354,0.7613800376521827,0.8859698331807462,3,vel_lower,0.31239085196337646,0,u_lower,0,0,0.0,0.0,1.2466594337581501e-19,3.926981277071609e-21,False,1.2466594337581501e-19,far,far
39,vel_plus,0.0,1.0,0.015,optimal,True,-0.3333480447407777,0.14573889670415419,0.7872387638689978,0.025858726216815175,False,0.0,0.8871697385803101,0.77175384066249,0.0,False,3.79943454094363,3.0121957770746324,6.804817684889425e-20,0.7022814590429975,-0.0814883522698755,0.5856206672312387,0.0,optimal,-0.18760914803662354,0.7613800376521827,0.8859698331807462,3,vel_lower,0.31239085196337646,0,u_lower,0,0,0.0,0.0,1.2466594337581501e-19,3.926981277071609e-21,False,1.2466594337581501e-19,far,far
39,vel_plus,0.0,1.0,0.03,optimal,True,-0.47907648402265185,0.2914673359860283,1.114952899766784,0.35357286211460126,False,0.0,0.8883716130300011,0.5669074357354199,0.0,False,12.913524802044162,11.798571902277377,6.804817684889425e-20,0.7022814590429975,-0.0814883522698755,0.5856206672312387,0.0,optimal,-0.18760914803662354,0.7613800376521827,0.8859698331807462,3,vel_lower,0.31239085196337646,0,u_lower,0,0,0.0,0.0,1.2466594337581501e-19,3.926981277071609e-21,False,1.2466594337581501e-19,far,far
39,vel_minus,0.0,-1.0,0.005,optimal,True,-0.13904345903183205,0.048565689004791496,0.8198774230345118,0.05849738538232918,False,0.0,0.885567239313685,0.8990731558866265,0.0,False,1.0989633524817763,0.2790859294472645,6.804817684889425e-20,0.7022814590429975,-0.0814883522698755,0.5856206672312387,0.0,optimal,-0.18760914803662354,0.7613800376521827,0.8859698331807462,3,vel_lower,0.31239085196337646,0,u_lower,0,0,0.0,0.0,1.2466594337581501e-19,3.926981277071609e-21,False,1.2466594337581501e-19,far,far
39,vel_minus,0.0,-1.0,0.015,optimal,True,-0.041891166177405494,0.14571798185921805,1.0374499699239446,0.2760699322717619,False,0.0,0.8847659896808968,0.8185533494840423,0.0,False,3.7994345409436123,2.761984571019668,6.804817684889425e-20,0.7022814590429975,-0.0814883522698755,0.5856206672312387,0.0,optimal,-0.18760914803662354,0.7613800376521827,0.8859698331807462,3,vel_lower,0.31239085196337646,0,u_lower,0,0,0.0,0.0,1.2466594337581501e-19,3.926981277071609e-21,False,1.2466594337581501e-19,far,far
39,vel_minus,0.0,-1.0,0.03,optimal,True,0.10383727310428272,0.29144642114090624,1.6153753118793048,0.8539952742271222,False,0.0,0.8462930554429973,0.6137069445567372,0.0,False,12.91352480204804,11.298149490168734,6.804817684889425e-20,0.7022814590429975,-0.0814883522698755,0.5856206672312387,0.0,optimal,-0.18760914803662354,0.7613800376521827,0.8859698331807462,3,vel_lower,0.31239085196337646,0,u_lower,0,0,0.0,0.0,1.2466594337581501e-19,3.926981277071609e-21,False,1.2466594337581501e-19,far,far
39,random_0,0.9909289106818766,-0.13438710494251077,0.005,optimal,True,-0.32744199692494336,0.13983284888831982,1.0998107733717282,0.3384307357195455,False,0.0,0.8447251148985109,0.8474128569958115,0.0,False,1.1744564325903726,0.07464565921864441,6.804817684889425e-20,0.7022814590429975,-0.0814883522698755,0.5856206672312387,0.0,optimal,-0.18760914803662354,0.7613800376521827,0.8859698331807462,3,vel_lower,0.31239085196337646,0,u_lower,0,0,0.0,0.0,1.2466594337581501e-19,3.926981277071609e-21,False,1.2466594337581501e-19,far,far
39,random_0,0.9909289106818766,-0.13438710494251077,0.015,optimal,True,-0.4999999999999205,0.31239085196329697,2.2772063141811056,1.515826276528923,False,0.0,0.7456028836248785,0.7576977230700896,0.0,False,4.418046634982432,2.1408403208013267,6.804817684889425e-20,0.7022814590429975,-0.0814883522698755,0.5856206672312387,0.0,optimal,-0.18760914803662354,0.7613800376521827,0.8859698331807462,3,vel_lower,0.31239085196337646,0,u_lower,0,0,0.0,0.0,1.2466594337581501e-19,3.926981277071609e-21,False,1.2466594337581501e-19,far,far
39,random_0,0.9909289106818766,-0.13438710494251077,0.03,optimal,True,-0.5000000162652315,0.31239086822860795,5.69309449214096,4.931714454488778,False,0.0,0.5768368072325827,0.6098709721702049,0.0,False,14.048207247285594,8.355112755144635,6.804817684889425e-20,0.7022814590429975,-0.0814883522698755,0.5856206672312387,0.0,optimal,-0.18760914803662354,0.7613800376521827,0.8859698331807462,3,vel_lower,0.31239085196337646,0,u_lower,0,0,0.0,0.0,1.2466594337581501e-19,3.926981277071609e-21,False,1.2466594337581501e-19,far,far
39,random_1,0.9085874070339034,-0.41769477346431794,0.005,optimal,True,-0.30151897645619496,0.11390982841957142,1.0771941651340395,0.3158141274818569,False,0.0,0.8481451848408481,0.8564990803105347,0.0,False,0.9473104328275274,-0.12988373230651218,6.804817684889425e-20,0.7022814590429975,-0.0814883522698755,0.5856206672312387,0.0,optimal,-0.18760914803662354,0.7613800376521827,0.8859698331807462,3,vel_lower,0.31239085196337646,0,u_lower,0,0,0.0,0.0,1.2466594337581501e-19,3.926981277071609e-21,False,1.2466594337581501e-19,far,far
39,random_1,0.9085874070339034,-0.41769477346431794,0.015,optimal,True,-0.4999999999998941,0.31239085196327054,2.1196061326249724,1.3582260949727898,False,0.0,0.7578776737500962,0.7916200899246204,0.0,False,2.4196752755679274,0.30006914294295495,6.804817684889425e-20,0.7022814590429975,-0.0814883522698755,0.5856206672312387,0.0,optimal,-0.18760914803662354,0.7613800376521827,0.8859698331807462,3,vel_lower,0.31239085196337646,0,u_lower,0,0,0.0,0.0,1.2466594337581501e-19,3.926981277071609e-21,False,1.2466594337581501e-19,far,far
39,random_1,0.9085874070339034,-0.41769477346431794,0.03,optimal,True,-0.4999999999997167,0.3123908519630932,4.8610534990316845,4.099673461379502,False,0.0,0.605367080154469,0.6935585534676932,0.0,False,6.858409122129984,1.9973556230982998,6.804817684889425e-20,0.7022814590429975,-0.0814883522698755,0.5856206672312387,0.0,optimal,-0.18760914803662354,0.7613800376521827,0.8859698331807462,3,vel_lower,0.31239085196337646,0,u_lower,0,0,0.0,0.0,1.2466594337581501e-19,3.926981277071609e-21,False,1.2466594337581501e-19,far,far
39,random_2,-0.42606089900253974,-0.9046944845311856,0.005,optimal,True,-0.08074805294853346,0.10686109508809008,0.7250055345101634,-0.03637450314201929,False,0.0,0.900526292667619,0.9095732375142983,0.0,False,1.4426277178953386,0.7176221833851752,6.804817684889425e-20,0.7022814590429975,-0.0814883522698755,0.5856206672312387,0.0,optimal,-0.18760914803662354,0.7613800376521827,0.8859698331807462,3,vel_lower,0.31239085196337646,0,u_lower,0,0,0.0,0.0,1.2466594337581501e-19,3.926981277071609e-21,False,1.2466594337581501e-19,far,far
39,random_2,-0.42606089900253974,-0.9046944845311856,0.015,optimal,True,0.132995052051066,0.32060420008768953,0.8545968950681947,0.09321685741601204,False,0.0,0.918240735666472,0.7857876567022561,0.0,False,6.892413829365461,6.0378169342972665,6.804817684889425e-20,0.7022814590429975,-0.0814883522698755,0.5856206672312387,0.0,optimal,-0.18760914803662354,0.7613800376521827,0.8859698331807462,3,vel_lower,0.31239085196337646,0,u_lower,0,0,0.0,0.0,1.2466594337581501e-19,3.926981277071609e-21,False,1.2466594337581501e-19,far,far
39,random_2,-0.42606089900253974,-0.9046944845311856,0.03,optimal,True,0.453609709562026,0.6412188575986495,1.5549569347437422,0.7935768970915595,False,0.0,0.9367317841491921,0.5481755589931345,0.0,False,25.285441955757708,23.730485021013966,6.804817684889425e-20,0.7022814590429975,-0.0814883522698755,0.5856206672312387,0.0,optimal,-0.18760914803662354,0.7613800376521827,0.8859698331807462,3,vel_lower,0.31239085196337646,0,u_lower,0,0,0.0,0.0,1.2466594337581501e-19,3.926981277071609e-21,False,1.2466594337581501e-19,far,far
39,random_3,0.8847938231067735,0.46598271490700144,0.005,optimal,True,-0.34093054651166477,0.15332139847504123,1.0409019490878382,0.2795219114356555,False,0.0,0.8496537433200224,0.8389680978415925,0.0,False,1.5760109013670038,0.5351089522791657,6.804817684889425e-20,0.7022814590429975,-0.0814883522698755,0.5856206672312387,0.0,optimal,-0.18760914803662354,0.7613800376521827,0.8859698331807462,3,vel_lower,0.31239085196337646,0,u_lower,0,0,0.0,0.0,1.2466594337581501e-19,3.926981277071609e-21,False,1.2466594337581501e-19,far,far
39,random_3,0.8847938231067735,0.46598271490700144,0.015,optimal,True,-0.49999999999996403,0.3123908519633405,2.0670285936612527,1.30564855600907,False,0.0,0.7640252481619088,0.7168140963912638,0.0,False,7.983397660108506,5.916369066447253,6.804817684889425e-20,0.7022814590429975,-0.0814883522698755,0.5856206672312387,0.0,optimal,-0.18760914803662354,0.7613800376521827,0.8859698331807462,3,vel_lower,0.31239085196337646,0,u_lower,0,0,0.0,0.0,1.2466594337581501e-19,3.926981277071609e-21,False,1.2466594337581501e-19,far,far
39,random_3,0.8847938231067735,0.46598271490700144,0.03,optimal,True,-0.5000003761494491,0.3123912281128256,5.587123361442928,4.825743323790745,False,0.0,0.6223050754694242,0.473271484412512,0.0,False,26.39230772751851,20.805184366075583,6.804817684889425e-20,0.7022814590429975,-0.0814883522698755,0.5856206672312387,0.0,optimal,-0.18760914803662354,0.7613800376521827,0.8859698331807462,3,vel_lower,0.31239085196337646,0,u_lower,0,0,0.0,0.0,1.2466594337581501e-19,3.926981277071609e-21,False,1.2466594337581501e-19,far,far
40,pos_plus,1.0,0.0,0.005,optimal,True,-0.49999995346186454,1.3144317023705554e-08,886.8513058646503,37.436543720926124,False,0.0,0.3176212933057452,0.31762128360020514,0.0,False,849.4149132490871,-37.436392615563136,1.046322168065894e-16,0.2691135005207539,0.179815921865784,-1.91155612275651,0.0,optimal,-0.49999996660618157,849.4147621437241,0.31919120447123217,18,vel_lower,-2.9157725345285712e-08,16,u_lower,0,17,2.7929445698662062e-18,5.23161084032947e-17,6.804817684889425e-20,1.046322168065894e-16,True,1.046322168065894e-16,far,mid
40,pos_plus,1.0,0.0,0.015,optimal,True,-0.4999999068586458,5.974753575221925e-08,965.3730409103317,115.95827876660758,False,0.0,0.31447961291762483,0.3144795934983763,0.0,False,849.4160645533213,-115.95697635701038,1.046322168065894e-16,0.2691135005207539,0.179815921865784,-1.91155612275651,0.0,optimal,-0.49999996660618157,849.4147621437241,0.31919120447123217,18,vel_lower,-2.9157725345285712e-08,16,u_lower,0,17,2.7929445698662062e-18,5.23161084032947e-17,6.804817684889425e-20,1.046322168065894e-16,True,1.046322168065894e-16,far,mid
40,pos_plus,1.0,0.0,0.03,optimal,True,-0.4999998600571616,1.065490199403385e-07,1092.2772517662595,242.86248962253535,False,0.0,0.3097603993391186,0.3097603701811994,0.0,False,849.4198967029727,-242.85735506328683,1.046322168065894e-16,0.2691135005207539,0.179815921865784,-1.91155612275651,0.0,optimal,-0.49999996660618157,849.4147621437241,0.31919120447123217,18,vel_lower,-2.9157725345285712e-08,16,u_lower,0,17,2.7929445698662062e-18,5.23161084032947e-17,6.804817684889425e-20,1.046322168065894e-16,True,1.046322168065894e-16,far,mid
40,pos_minus,-1.0,0.0,0.005,optimal,True,-0.5000013750436193,1.4084374377332232e-06,813.1939148957294,-36.2208472479947,False,0.0,0.320761834502336,0.32076194941865843,0.0,False,849.4144574784626,36.220542582733174,2.615805420164735e-17,0.2691135005207539,0.179815921865784,-1.91155612275651,0.0,optimal,-0.49999996660618157,849.4147621437241,0.31919120447123217,18,vel_lower,-2.9157725345285712e-08,16,u_lower,0,17,2.7929445698662062e-18,5.23161084032947e-17,6.804817684889425e-20,1.046322168065894e-16,True,1.046322168065894e-16,far,mid
40,pos_minus,-1.0,0.0,0.015,optimal,True,-0.5000000547527215,8.814653990052435e-08,744.4024543327363,-105.01230781098786,False,0.0,0.3239096764937981,0.3239096842149819,0.0,False,849.4159980122209,105.01354367948466,2.615805420164735e-17,0.2691135005207539,0.179815921865784,-1.91155612275651,0.0,optimal,-0.49999996660618157,849.4147621437241,0.31919120447123217,18,vel_lower,-2.9157725345285712e-08,16,u_lower,0,17,2.7929445698662062e-18,5.23161084032947e-17,6.804817684889425e-20,1.046322168065894e-16,True,1.046322168065894e-16,far,mid
40,pos_minus,-1.0,0.0,0.03,optimal,True,-0.5000016787510664,1.7121448848134158e-06,650.3287615477085,-199.08600059601565,False,0.0,0.3395878765932393,0.3395880162434112,0.0,False,849.45208859135,199.12332704364155,2.615805420164735e-17,0.2691135005207539,0.179815921865784,-1.91155612275651,0.0,optimal,-0.49999996660618157,849.4147621437241,0.31919120447123217,18,vel_lower,-2.9157725345285712e-08,16,u_lower,0,17,2.7929445698662062e-18,5.23161084032947e-17,6.804817684889425e-20,1.046322168065894e-16,True,1.046322168065894e-16,far,mid
40,vel_plus,0.0,1.0,0.005,optimal,True,-0.4999998728975444,9.370863718327627e-08,870.0351434264148,20.620381282690687,False,0.0,0.40471170752429375,0.3147116890620495,0.0,False,849.4159390265437,-20.619204399871137,2.615805420164735e-17,0.2691135005207539,0.179815921865784,-1.91155612275651,0.0,optimal,-0.49999996660618157,849.4147621437241,0.31919120447123217,18,vel_lower,-2.9157725345285712e-08,16,u_lower,0,17,2.7929445698662062e-18,5.23161084032947e-17,6.804817684889425e-20,1.046322168065894e-16,True,1.046322168065894e-16,far,mid
40,vel_plus,0.0,1.0,0.015,optimal,True,-0.4999997015758777,2.6503030386981763e-07,913.3949586151197,63.980196471395516,False,0.0,0.5757450171652164,0.30574497741605655,0.0,False,849.4251677024423,-63.969790912677354,2.615805420164735e-17,0.2691135005207539,0.179815921865784,-1.91155612275651,0.0,optimal,-0.49999996660618157,849.4147621437241,0.31919120447123217,18,vel_lower,-2.9157725345285712e-08,16,u_lower,0,17,2.7929445698662062e-18,5.23161084032947e-17,6.804817684889425e-20,1.046322168065894e-16,True,1.046322168065894e-16,far,mid
40,vel_plus,0.0,1.0,0.03,optimal,True,-0.49999955187123857,4.14734942999484e-07,983.7322981821856,134.3175360384614,False,0.0,0.8322808077909947,0.2922807481051578,0.0,False,849.4562168836982,-134.27608129848738,2.615805420164735e-17,0.2691135005207539,0.179815921865784,-1.91155612275651,0.0,optimal,-0.49999996660618157,849.4147621437241,0.31919120447123217,18,vel_lower,-2.9157725345285712e-08,16,u_lower,0,17,2.7929445698662062e-18,5.23161084032947e-17,6.804817684889425e-20,1.046322168065894e-16,True,1.046322168065894e-16,far,mid
40,vel_minus,0.0,-1.0,0.005,optimal,True,-0.5000028235545517,2.8569483701557097e-06,829.4996760486704,-19.915086095053766,False,0.0,0.23367910746215503,0.32367934408789145,0.0,False,849.4150133737746,19.915337325104247,2.615805420164735e-17,0.2691135005207539,0.179815921865784,-1.91155612275651,0.0,optimal,-0.49999996660618157,849.4147621437241,0.31919120447123217,18,vel_lower,-2.9157725345285712e-08,16,u_lower,0,17,2.7929445698662062e-18,5.23161084032947e-17,6.804817684889425e-20,1.046322168065894e-16,True,1.046322168065894e-16,far,mid
40,vel_minus,0.0,-1.0,0.015,optimal,True,-0.5000003614310682,3.948248866181281e-07,791.7894211618476,-57.62534098187655,False,0.0,0.0689718933200636,0.33582867575574527,0.0,False,849.4422031111123,57.65278194926475,2.615805420164735e-17,0.2691135005207539,0.179815921865784,-1.91155612275651,0.0,optimal,-0.49999996660618157,849.4147621437241,0.31919120447123217,18,vel_lower,-2.9157725345285712e-08,16,u_lower,0,17,2.7929445698662062e-18,5.23161084032947e-17,6.804817684889425e-20,1.046322168065894e-16,True,1.046322168065894e-16,far,mid
40,vel_minus,0.0,-1.0,0.03,optimal,True,-0.5000000636540651,9.704788356268423e-08,741.6352657130889,-107.77949643063528,True,4.0,-1.5555399861977293e-05,0.45000652682086195,0.0,False,852.2406333667576,110.60536765366874,15.874128632051905,0.2691135005207539,0.179815921865784,-1.91155612275651,0.0,optimal,-0.49999996660618157,849.4147621437241,0.31919120447123217,18,vel_lower,-2.9157725345285712e-08,16,u_lower,0,17,2.7929445698662062e-18,5.23161084032947e-17,6.804817684889425e-20,1.046322168065894e-16,True,1.046322168065894e-16,far,mid
40,random_0,0.9909289106818766,-0.13438710494251077,0.005,optimal,True,-0.49999676520196257,3.201404218999837e-06,883.6817142533193,34.266952109595195,False,0.0,0.306134239157403,0.31822880845767565,0.0,False,849.4158114819804,-34.265902771338915,7.19911365200128e-17,0.2691135005207539,0.179815921865784,-1.91155612275651,0.0,optimal,-0.49999996660618157,849.4147621437241,0.31919120447123217,18,vel_lower,-2.9157725345285712e-08,16,u_lower,0,17,2.7929445698662062e-18,5.23161084032947e-17,6.804817684889425e-20,1.046322168065894e-16,True,1.046322168065894e-16,far,mid
40,random_0,0.9909289106818766,-0.13438710494251077,0.015,optimal,True,-0.49999995416652504,1.2439656527085674e-08,955.1813765506955,105.76661440697137,False,0.0,0.280033554311349,0.31631806564995146,0.0,False,849.4152342570802,-105.7661422936153,7.19911365200128e-17,0.2691135005207539,0.179815921865784,-1.91155612275651,0.0,optimal,-0.49999996660618157,849.4147621437241,0.31919120447123217,18,vel_lower,-2.9157725345285712e-08,16,u_lower,0,17,2.7929445698662062e-18,5.23161084032947e-17,6.804817684889425e-20,1.046322168065894e-16,True,1.046322168065894e-16,far,mid
40,random_0,0.9909289106818766,-0.13438710494251077,0.03,optimal,True,-0.4999999894728945,2.2866712912072984e-08,1069.8570930725868,220.4423309288627,False,0.0,0.24090160884775758,0.3134706219441036,0.0,False,849.4166661718398,-220.44042690074707,7.19911365200128e-17,0.2691135005207539,0.179815921865784,-1.91155612275651,0.0,optimal,-0.49999996660618157,849.4147621437241,0.31919120447123217,18,vel_lower,-2.9157725345285712e-08,16,u_lower,0,17,2.7929445698662062e-18,5.23161084032947e-17,6.804817684889425e-20,1.046322168065894e-16,True,1.046322168065894e-16,far,mid
40,random_1,0.9085874070339034,-0.41769477346431794,0.005,optimal,True,-0.5000010859742361,1.1193680545251716e-06,874.6649084997787,25.25014635605453,False,0.0,0.2820366073276974,0.31962922772388813,0.0,False,849.4144172596597,-25.250491240119004,2.615805420164735e-17,0.2691135005207539,0.179815921865784,-1.91155612275651,0.0,optimal,-0.49999996660618157,849.4147621437241,0.31919120447123217,18,vel_lower,-2.9157725345285712e-08,16,u_lower,0,17,2.7929445698662062e-18,5.23161084032947e-17,6.804817684889425e-20,1.046322168065894e-16,True,1.046322168065894e-16,far,mid
40,random_1,0.9085874070339034,-0.41769477346431794,0.015,optimal,True,-0.4999999634414251,3.1647564568970665e-09,926.6921071329284,77.27734498920427,False,0.0,0.20774900333518898,0.32052658668077016,0.0,False,849.4148638016576,-77.27724333127082,2.615805420164735e-17,0.2691135005207539,0.179815921865784,-1.91155612275651,0.0,optimal,-0.49999996660618157,849.4147621437241,0.31919120447123217,18,vel_lower,-2.9157725345285712e-08,16,u_lower,0,17,2.7929445698662062e-18,5.23161084032947e-17,6.804817684889425e-20,1.046322168065894e-16,True,1.046322168065894e-16,far,mid
40,random_1,0.9085874070339034,-0.41769477346431794,0.03,optimal,True,-0.4999999512446084,1.5361573180161514e-08,1008.5461046629292,159.13134251920508,False,0.0,0.09632250762282513,0.3218776740598218,0.0,False,849.4152021972608,-159.13090246566844,2.615805420164735e-17,0.2691135005207539,0.179815921865784,-1.91155612275651,0.0,optimal,-0.49999996660618157,849.4147621437241,0.31919120447123217,18,vel_lower,-2.9157725345285712e-08,16,u_lower,0,17,2.7929445698662062e-18,5.23161084032947e-17,6.804817684889425e-20,1.046322168065894e-16,True,1.046322168065894e-16,far,mid
40,random_2,-0.42606089900253974,-0.9046944845311856,0.005,optimal,True,-0.49999999160469283,2.4998511261031808e-08,816.1015918898947,-33.31317025382941,False,0.0,0.24245486456061416,0.3238773956959978,0.0,False,849.4159400907595,33.31434820086474,2.615805420164735e-17,0.2691135005207539,0.179815921865784,-1.91155612275651,0.0,optimal,-0.49999996660618157,849.4147621437241,0.31919120447123217,18,vel_lower,-2.9157725345285712e-08,16,u_lower,0,17,2.7929445698662062e-18,5.23161084032947e-17,6.804817684889425e-20,1.046322168065894e-16,True,1.046322168065894e-16,far,mid
40,random_2,-0.42606089900253974,-0.9046944845311856,0.015,optimal,True,-0.5000026902027339,2.723596552345331e-06,753.7503657354031,-95.66439640832107,False,0.0,0.0996153449688385,0.3397956923211033,0.0,False,849.4565485834006,95.70618284799752,2.615805420164735e-17,0.2691135005207539,0.179815921865784,-1.91155612275651,0.0,optimal,-0.49999996660618157,849.4147621437241,0.31919120447123217,18,vel_lower,-2.9157725345285712e-08,16,u_lower,0,17,2.7929445698662062e-18,5.23161084032947e-17,6.804817684889425e-20,1.046322168065894e-16,True,1.046322168065894e-16,far,mid
40,random_2,-0.42606089900253974,-0.9046944845311856,0.03,optimal,True,-0.49999920060425,7.660019315514077e-07,671.2024829142861,-178.21227922943808,True,3.0,-2.1009604798782888e-05,0.42981708872599034,0.0,False,850.9927460736353,179.79026315934925,7.607225274438261,0.2691135005207539,0.179815921865784,-1.91155612275651,0.0,optimal,-0.49999996660618157,849.4147621437241,0.31919120447123217,18,vel_lower,-2.9157725345285712e-08,16,u_lower,0,17,2.7929445698662062e-18,5.23161084032947e-17,6.804817684889425e-20,1.046322168065894e-16,True,1.046322168065894e-16,far,mid
40,random_3,0.8847938231067735,0.46598271490700144,0.005,optimal,True,-0.5000234137364052,2.344713022367495e-05,892.3235645574656,42.908802413741455,False,0.0,0.35762016841094035,0.31568367023509714,0.0,False,849.4081697843166,-42.915394773149046,2.615805420164735e-17,0.2691135005207539,0.179815921865784,-1.91155612275651,0.0,optimal,-0.49999996660618157,849.4147621437241,0.31919120447123217,18,vel_lower,-2.9157725345285712e-08,16,u_lower,0,17,2.7929445698662062e-18,5.23161084032947e-17,6.804817684889425e-20,1.046322168065894e-16,True,1.046322168065894e-16,far,mid
40,random_3,0.8847938231067735,0.46598271490700144,0.015,optimal,True,-0.5000068061149407,6.839508759182156e-06,983.5004496341048,134.08568749038068,False,0.0,0.4345242180638662,0.30870945058324784,0.0,False,849.4188894356907,-134.08156019841408,2.615805420164735e-17,0.2691135005207539,0.179815921865784,-1.91155612275651,0.0,optimal,-0.49999996660618157,849.4147621437241,0.31919120447123217,18,vel_lower,-2.9157725345285712e-08,16,u_lower,0,17,2.7929445698662062e-18,5.23161084032947e-17,6.804817684889425e-20,1.046322168065894e-16,True,1.046322168065894e-16,far,mid
40,random_3,0.8847938231067735,0.46598271490700144,0.03,optimal,True,-0.500010208287279,1.0241681097478139e-05,1133.5865035786542,284.17174143493,False,0.0,0.5498649296171799,0.2982351118103821,0.0,False,849.4366008332131,-284.14990274544107,2.0500016448635856e-16,0.2691135005207539,0.179815921865784,-1.91155612275651,0.0,optimal,-0.49999996660618157,849.4147621437241,0.31919120447123217,18,vel_lower,-2.9157725345285712e-08,16,u_lower,0,17,2.7929445698662062e-18,5.23161084032947e-17,6.804817684889425e-20,1.046322168065894e-16,True,1.046322168065894e-16,far,mid
41,pos_plus,1.0,0.0,0.005,optimal,True,0.49999928810710376,6.860176897660608e-07,38.43292444295935,-8.626045003324386,False,0.0,0.4999369234589348,0.49993693744498136,0.0,False,47.06661149783636,8.633687054877015,1.3635552350938197e-16,-0.26941631305404923,-0.550062991365729,-0.02764223147521294,0.0,optimal,0.4999999741247935,47.05896944628373,0.4999370055461587,1,vel_lower,-1.6423005178012318e-09,13,u_upper,0,15,1.3635552350938197e-16,2.615805420164735e-17,3.408888087734549e-17,1.205732206192395e-18,True,1.3635552350938197e-16,far,far
41,pos_plus,1.0,0.0,0.015,optimal,True,0.5000017878201048,1.8136953113256915e-06,24.750846379690067,-22.308123066593666,False,0.0,0.4999372225272003,0.49993718741628146,0.0,False,47.2378807496828,22.487034369992735,1.3635552350938197e-16,-0.26941631305404923,-0.550062991365729,-0.02764223147521294,0.0,optimal,0.4999999741247935,47.05896944628373,0.4999370055461587,1,vel_lower,-1.6423005178012318e-09,13,u_upper,0,15,1.3635552350938197e-16,2.615805420164735e-17,3.408888087734549e-17,1.205732206192395e-18,True,1.3635552350938197e-16,far,far
41,pos_plus,1.0,0.0,0.03,optimal,True,0.5000004709260008,4.968012072281702e-07,12.564794862783112,-34.49417458350062,False,0.0,0.49993706481504474,0.4999370557268711,0.0,False,50.09741848668158,37.53262362389847,2.615805420164735e-17,-0.26941631305404923,-0.550062991365729,-0.02764223147521294,0.0,optimal,0.4999999741247935,47.05896944628373,0.4999370055461587,1,vel_lower,-1.6423005178012318e-09,13,u_upper,0,15,1.3635552350938197e-16,2.615805420164735e-17,3.408888087734549e-17,1.205732206192395e-18,True,1.3635552350938197e-16,far,far
41,pos_minus,-1.0,0.0,0.005,optimal,True,0.5000039802206032,4.006095809694354e-06,56.885935215710724,9.826965769426991,False,0.0,0.4999374852723557,0.49993740665633135,0.0,False,47.06624774537575,-9.819687470334976,2.615805420164735e-17,-0.26941631305404923,-0.550062991365729,-0.02764223147521294,0.0,optimal,0.4999999741247935,47.05896944628373,0.4999370055461587,1,vel_lower,-1.6423005178012318e-09,13,u_upper,0,15,1.3635552350938197e-16,2.615805420164735e-17,3.408888087734549e-17,1.205732206192395e-18,True,1.3635552350938197e-16,far,far
41,pos_minus,-1.0,0.0,0.015,optimal,True,0.5000042171217887,4.2429969951407465e-06,80.1670737612485,33.10810431496477,False,0.0,0.49993751323656554,0.4999374303464499,0.0,False,47.08053869571619,-33.08653506553231,2.615805420164735e-17,-0.26941631305404923,-0.550062991365729,-0.02764223147521294,0.0,optimal,0.4999999741247935,47.05896944628373,0.4999370055461587,1,vel_lower,-1.6423005178012318e-09,13,u_upper,0,15,1.3635552350938197e-16,2.615805420164735e-17,3.408888087734549e-17,1.205732206192395e-18,True,1.3635552350938197e-16,far,far
41,pos_minus,-1.0,0.0,0.03,optimal,True,0.5000063386430873,6.36451829377771e-06,124.1862417077666,77.12727226148286,False,0.0,0.4999377670555396,0.49993764249857975,0.0,False,47.12703615485304,-77.05920555291357,2.615805420164735e-17,-0.26941631305404923,-0.550062991365729,-0.02764223147521294,0.0,optimal,0.4999999741247935,47.05896944628373,0.4999370055461587,1,vel_lower,-1.6423005178012318e-09,13,u_upper,0,15,1.3635552350938197e-16,2.615805420164735e-17,3.408888087734549e-17,1.205732206192395e-18,True,1.3635552350938197e-16,far,far
41,vel_plus,0.0,1.0,0.005,optimal,True,0.4999939710730174,6.003051776115598e-06,42.083447679298,-4.975521766985736,False,0.0,0.5049362872630647,0.4999364057415727,0.0,False,47.07644952554521,4.9930018462472106,2.615805420164735e-17,-0.26941631305404923,-0.550062991365729,-0.02764223147521294,0.0,optimal,0.4999999741247935,47.05896944628373,0.4999370055461587,1,vel_lower,-1.6423005178012318e-09,13,u_upper,0,15,1.3635552350938197e-16,2.615805420164735e-17,3.408888087734549e-17,1.205732206192395e-18,True,1.3635552350938197e-16,far,far
41,vel_plus,0.0,1.0,0.015,optimal,True,0.5000011555858085,1.1814610149651905e-06,34.08118330958823,-12.9777861366955,False,0.0,0.514937146865612,0.49993712419285186,0.0,False,47.43757593112643,13.356392621538198,2.615805420164735e-17,-0.26941631305404923,-0.550062991365729,-0.02764223147521294,0.0,optimal,0.4999999741247935,47.05896944628373,0.4999370055461587,1,vel_lower,-1.6423005178012318e-09,13,u_upper,0,15,1.3635552350938197e-16,2.615805420164735e-17,3.408888087734549e-17,1.205732206192395e-18,True,1.3635552350938197e-16,far,far
41,vel_plus,0.0,1.0,0.03,optimal,True,0.4999994479962229,5.261285705993046e-07,26.26141203063472,-20.797557415649013,False,0.0,0.523462621851412,0.4999369534338933,0.0,False,50.561116087790765,24.299704057156045,2.615805420164735e-17,-0.26941631305404923,-0.550062991365729,-0.02764223147521294,0.0,optimal,0.4999999741247935,47.05896944628373,0.4999370055461587,1,vel_lower,-1.6423005178012318e-09,13,u_upper,0,15,1.3635552350938197e-16,2.615805420164735e-17,3.408888087734549e-17,1.205732206192395e-18,True,1.3635552350938197e-16,far,far
41,vel_minus,0.0,-1.0,0.005,optimal,True,0.5000069018987658,6.927773972320583e-06,52.70950707241753,5.650537626133797,False,0.0,0.4949378348063831,0.4999376988241476,0.0,False,47.07055060517038,-5.638956467247148,2.615805420164735e-17,-0.26941631305404923,-0.550062991365729,-0.02764223147521294,0.0,optimal,0.4999999741247935,47.05896944628373,0.4999370055461587,1,vel_lower,-1.6423005178012318e-09,13,u_upper,0,15,1.3635552350938197e-16,2.615805420164735e-17,3.408888087734549e-17,1.205732206192395e-18,True,1.3635552350938197e-16,far,far
41,vel_minus,0.0,-1.0,0.015,optimal,True,0.5000030444241778,3.0702993842335324e-06,66.09109240105394,19.03212295477021,False,0.0,0.48493737292730343,0.49993731307668876,0.0,False,47.1170889256506,-18.974003475403343,2.615805420164735e-17,-0.26941631305404923,-0.550062991365729,-0.02764223147521294,0.0,optimal,0.4999999741247935,47.05896944628373,0.4999370055461587,1,vel_lower,-1.6423005178012318e-09,13,u_upper,0,15,1.3635552350938197e-16,2.615805420164735e-17,3.408888087734549e-17,1.205732206192395e-18,True,1.3635552350938197e-16,far,far
41,vel_minus,0.0,-1.0,0.03,optimal,True,0.5000061522131297,6.178088336195042e-06,91.40972417368693,44.35075472740319,False,0.0,0.46993774480107564,0.49993762385558393,0.0,False,47.179045143900225,-44.2306790297867,2.615805420164735e-17,-0.26941631305404923,-0.550062991365729,-0.02764223147521294,0.0,optimal,0.4999999741247935,47.05896944628373,0.4999370055461587,1,vel_lower,-1.6423005178012318e-09,13,u_upper,0,15,1.3635552350938197e-16,2.615805420164735e-17,3.408888087734549e-17,1.205732206192395e-18,True,1.3635552350938197e-16,far,far
41,random_0,0.9909289106818766,-0.13438710494251077,0.005,optimal,True,0.49999514638779763,4.827736995893783e-06,39.120593938898985,-7.938375507384748,False,0.0,0.49926449230669867,0.4999365232730507,0.0,False,47.06409436618723,7.943500427288242,2.615805420164735e-17,-0.26941631305404923,-0.550062991365729,-0.02764223147521294,0.0,optimal,0.4999999741247935,47.05896944628373,0.4999370055461587,1,vel_lower,-1.6423005178012318e-09,13,u_upper,0,15,1.3635552350938197e-16,2.615805420164735e-17,3.408888087734549e-17,1.205732206192395e-18,True,1.3635552350938197e-16,far,far
41,random_0,0.9909289106818766,-0.13438710494251077,0.015,optimal,True,0.5000011170351638,1.1429103702886856e-06,26.169080489004916,-20.889888957278817,False,0.0,0.4979213357052612,0.49993712033778737,0.0,False,47.15757152080041,20.988491031795494,2.615805420164735e-17,-0.26941631305404923,-0.550062991365729,-0.02764223147521294,0.0,optimal,0.4999999741247935,47.05896944628373,0.4999370055461587,1,vel_lower,-1.6423005178012318e-09,13,u_upper,0,15,1.3635552350938197e-16,2.615805420164735e-17,3.408888087734549e-17,1.205732206192395e-18,True,1.3635552350938197e-16,far,far
41,random_0,0.9909289106818766,-0.13438710494251077,0.03,optimal,True,0.49999895885362755,1.0152711659716651e-06,13.792129522417003,-33.266839923866726,False,0.0,0.49590527121482464,0.4999369045196338,0.0,False,48.522571842273166,34.73044231985617,2.615805420164735e-17,-0.26941631305404923,-0.550062991365729,-0.02764223147521294,0.0,optimal,0.4999999741247935,47.05896944628373,0.4999370055461587,1,vel_lower,-1.6423005178012318e-09,13,u_upper,0,15,1.3635552350938197e-16,2.615805420164735e-17,3.408888087734549e-17,1.205732206192395e-18,True,1.3635552350938197e-16,far,far
41,random_1,0.9085874070339034,-0.41769477346431794,0.005,optimal,True,0.5000025816263104,2.607501516871391e-06,41.14832589223568,-5.91064355404805,False,0.0,0.49784884347912495,0.499937266796902,0.0,False,47.0594844895144,5.911158597278721,2.615805420164735e-17,-0.26941631305404923,-0.550062991365729,-0.02764223147521294,0.0,optimal,0.4999999741247935,47.05896944628373,0.4999370055461587,1,vel_lower,-1.6423005178012318e-09,13,u_upper,0,15,1.3635552350938197e-16,2.615805420164735e-17,3.408888087734549e-17,1.205732206192395e-18,True,1.3635552350938197e-16,far,far
41,random_1,0.9085874070339034,-0.41769477346431794,0.015,optimal,True,0.4999990650620773,9.090627162144926e-07,30.849153891171138,-16.209815555112595,False,0.0,0.49367147518096544,0.4999369151404788,0.0,False,47.06541402110766,16.21626012993652,2.615805420164735e-17,-0.26941631305404923,-0.550062991365729,-0.02764223147521294,0.0,optimal,0.4999999741247935,47.05896944628373,0.4999370055461587,1,vel_lower,-1.6423005178012318e-09,13,u_upper,0,15,1.3635552350938197e-16,2.615805420164735e-17,3.408888087734549e-17,1.205732206192395e-18,True,1.3635552350938197e-16,far,far
41,random_1,0.9085874070339034,-0.41769477346431794,0.03,optimal,True,0.5000010613523528,1.08722755925994e-06,19.19093481941541,-27.868034626868322,False,0.0,0.4874062924282043,0.4999371147695063,0.0,False,47.13389498883057,27.94296016941516,2.615805420164735e-17,-0.26941631305404923,-0.550062991365729,-0.02764223147521294,0.0,optimal,0.4999999741247935,47.05896944628373,0.4999370055461587,1,vel_lower,-1.6423005178012318e-09,13,u_upper,0,15,1.3635552350938197e-16,2.615805420164735e-17,3.408888087734549e-17,1.205732206192395e-18,True,1.3635552350938197e-16,far,far
41,random_2,-0.42606089900253974,-0.9046944845311856,0.005,optimal,True,0.5000087623001859,8.788175392349107e-06,56.4894031976267,9.430433751342967,False,0.0,0.495414584442738,0.4999378848642896,0.0,False,47.07207146355867,-9.417331734068028,2.615805420164735e-17,-0.26941631305404923,-0.550062991365729,-0.02764223147521294,0.0,optimal,0.4999999741247935,47.05896944628373,0.4999370055461587,1,vel_lower,-1.6423005178012318e-09,13,u_upper,0,15,1.3635552350938197e-16,2.615805420164735e-17,3.408888087734549e-17,1.205732206192395e-18,True,1.3635552350938197e-16,far,far
41,random_2,-0.42606089900253974,-0.9046944845311856,0.015,optimal,True,0.5000045547322608,4.580607467274955e-06,79.58501196634204,32.526042520058304,False,0.0,0.4863671363658042,0.49993746410749706,0.0,False,47.1319535964195,-32.45305836992254,2.615805420164735e-17,-0.26941631305404923,-0.550062991365729,-0.02764223147521294,0.0,optimal,0.4999999741247935,47.05896944628373,0.4999370055461587,1,vel_lower,-1.6423005178012318e-09,13,u_upper,0,15,1.3635552350938197e-16,2.615805420164735e-17,3.408888087734549e-17,1.205732206192395e-18,True,1.3635552350938197e-16,far,far
41,random_2,-0.42606089900253974,-0.9046944845311856,0.03,optimal,True,0.5000091070040025,9.132879208950673e-06,124.87998771590101,77.82101826961727,False,0.0,0.472797263807091,0.49993791933467124,0.0,False,47.18343406328911,-77.6965536526119,2.615805420164735e-17,-0.26941631305404923,-0.550062991365729,-0.02764223147521294,0.0,optimal,0.4999999741247935,47.05896944628373,0.4999370055461587,1,vel_lower,-1.6423005178012318e-09,13,u_upper,0,15,1.3635552350938197e-16,2.615805420164735e-17,3.408888087734549e-17,1.205732206192395e-18,True,1.3635552350938197e-16,far,far
41,random_3,0.8847938231067735,0.46598271490700144,0.005,optimal,True,0.4999964564441276,3.5176806659209525e-06,37.290173732708446,-9.768795713575287,False,0.0,0.5022664982261361,0.4999366542786837,0.0,False,47.0787544124161,9.788580679707657,2.615805420164735e-17,-0.26941631305404923,-0.550062991365729,-0.02764223147521294,0.0,optimal,0.4999999741247935,47.05896944628373,0.4999370055461587,1,vel_lower,-1.6423005178012318e-09,13,u_upper,0,15,1.3635552350938197e-16,2.615805420164735e-17,3.408888087734549e-17,1.205732206192395e-18,True,1.3635552350938197e-16,far,far
41,random_3,0.8847938231067735,0.46598271490700144,0.015,optimal,True,0.5000000712845347,9.715974119695048e-08,22.814689848179853,-24.24427959810388,False,0.0,0.5069267580497512,0.4999370157627244,0.0,False,47.74233191697523,24.92764206879538,2.615805420164735e-17,-0.26941631305404923,-0.550062991365729,-0.02764223147521294,0.0,optimal,0.4999999741247935,47.05896944628373,0.4999370055461587,1,vel_lower,-1.6423005178012318e-09,13,u_upper,0,15,1.3635552350938197e-16,2.615805420164735e-17,3.408888087734549e-17,1.205732206192395e-18,True,1.3635552350938197e-16,far,far
41,random_3,0.8847938231067735,0.46598271490700144,0.03,optimal,True,0.4999999485059452,2.5618848320529963e-08,11.556130985616587,-35.50283846066715,False,0.0,0.5139164841859294,0.49993700348486547,0.0,False,57.05322331832599,45.4970923327094,2.615805420164735e-17,-0.26941631305404923,-0.550062991365729,-0.02764223147521294,0.0,optimal,0.4999999741247935,47.05896944628373,0.4999370055461587,1,vel_lower,-1.6423005178012318e-09,13,u_upper,0,15,1.3635552350938197e-16,2.615805420164735e-17,3.408888087734549e-17,1.205732206192395e-18,True,1.3635552350938197e-16,far,far
42,pos_plus,1.0,0.0,0.005,optimal,True,-0.5000000817768346,6.652612727364726e-08,137.02640249231524,7.6991371150949135,False,0.0,0.08802865123066694,0.0880286577428544,0.0,False,129.55152002874974,-7.474882463565507,8.881784197001252e-16,-0.544444120535087,-0.4265709733607437,-1.8243463484762623,0.0,optimal,-0.5000000152507074,129.32726537722033,0.11549593004274039,10,vel_lower,-1.4460575226138417e-07,5,u_lower,0,9,1.3964722849331031e-18,8.881784197001252e-16,8.522220219336373e-18,3.630041335403295e-19,True,8.881784197001252e-16,mid,near
42,pos_plus,1.0,0.0,0.015,optimal,True,-0.499999546615275,4.68635432349096e-07,154.82898323318835,25.501717855968025,False,0.0,0.0138511760542821,0.013851142059882027,0.0,False,131.016828580997,-23.812154652191367,8.881784197001252e-16,-0.544444120535087,-0.4265709733607437,-1.8243463484762623,0.0,optimal,-0.5000000152507074,129.32726537722033,0.11549593004274039,10,vel_lower,-1.4460575226138417e-07,5,u_lower,0,9,1.3964722849331031e-18,8.881784197001252e-16,8.522220219336373e-18,3.630041335403295e-19,True,8.881784197001252e-16,mid,near
42,pos_plus,1.0,0.0,0.03,optimal,True,-0.5000007127151851,6.974644777280048e-07,188.91492895200233,59.587663574782,True,3.0,-2.7613780443580538e-05,-0.0026444005159147466,0.0026444005159147466,True,132.32782101419778,-56.58710793780455,9.238321137704624,-0.544444120535087,-0.4265709733607437,-1.8243463484762623,0.0,optimal,-0.5000000152507074,129.32726537722033,0.11549593004274039,10,vel_lower,-1.4460575226138417e-07,5,u_lower,0,9,1.3964722849331031e-18,8.881784197001252e-16,8.522220219336373e-18,3.630041335403295e-19,True,8.881784197001252e-16,mid,near
42,pos_minus,-1.0,0.0,0.005,optimal,True,-0.4999995078844329,5.07366274438148e-07,122.34056847846291,-6.986696898757415,False,0.0,0.1507399018622121,0.15073987189621896,0.0,False,129.59914845258345,7.258579974120536,8.881784197001252e-16,-0.544444120535087,-0.4265709733607437,-1.8243463484762623,0.0,optimal,-0.5000000152507074,129.32726537722033,0.11549593004274039,10,vel_lower,-1.4460575226138417e-07,5,u_lower,0,9,1.3964722849331031e-18,8.881784197001252e-16,8.522220219336373e-18,3.630041335403295e-19,True,8.881784197001252e-16,mid,near
42,pos_minus,-1.0,0.0,0.015,optimal,True,-0.500000070416798,5.5166090584535254e-08,110.28736056475957,-19.03990481246076,False,0.0,0.10937144376929986,0.21227411688704068,0.0,False,132.06008909860213,21.772728533842567,8.881784197001252e-16,-0.544444120535087,-0.4265709733607437,-1.8243463484762623,0.0,optimal,-0.5000000152507074,129.32726537722033,0.11549593004274039,10,vel_lower,-1.4460575226138417e-07,5,u_lower,0,9,1.3964722849331031e-18,8.881784197001252e-16,8.522220219336373e-18,3.630041335403295e-19,True,8.881784197001252e-16,mid,near
42,pos_minus,-1.0,0.0,0.03,optimal,True,-0.5000002528293732,2.3757866585150111e-07,96.26205723026814,-33.06520814695219,False,0.0,0.0441799103470657,0.30143623533760566,0.0,False,142.01678080354435,45.75472357327621,8.881784197001252e-16,-0.544444120535087,-0.4265709733607437,-1.8243463484762623,0.0,optimal,-0.5000000152507074,129.32726537722033,0.11549593004274039,10,vel_lower,-1.4460575226138417e-07,5,u_lower,0,9,1.3964722849331031e-18,8.881784197001252e-16,8.522220219336373e-18,3.630041335403295e-19,True,8.881784197001252e-16,mid,near
42,vel_plus,0.0,1.0,0.005,optimal,True,-0.5000003264882493,3.112375419611624e-07,131.0411821703146,1.7139167930942847,False,0.0,0.14258839376611876,0.09258841613384394,0.0,False,129.549077086164,-1.4921050841506087,8.881784197001252e-16,-0.544444120535087,-0.4265709733607437,-1.8243463484762623,0.0,optimal,-0.5000000152507074,129.32726537722033,0.11549593004274039,10,vel_lower,-1.4460575226138417e-07,5,u_lower,0,9,1.3964722849331031e-18,8.881784197001252e-16,8.522220219336373e-18,3.630041335403295e-19,True,8.881784197001252e-16,mid,near
42,vel_plus,0.0,1.0,0.015,optimal,True,-0.4999997247033189,2.9054738848177664e-07,135.30862173066606,5.981356353445733,False,0.0,0.1980795135176494,0.022584750528547803,0.0,False,131.12771973532344,-4.180901995342623,8.881784197001252e-16,-0.544444120535087,-0.4265709733607437,-1.8243463484762623,0.0,optimal,-0.5000000152507074,129.32726537722033,0.11549593004274039,10,vel_lower,-1.4460575226138417e-07,5,u_lower,0,9,1.3964722849331031e-18,8.881784197001252e-16,8.522220219336373e-18,3.630041335403295e-19,True,8.881784197001252e-16,mid,near
42,vel_plus,0.0,1.0,0.03,optimal,True,-0.5000006336906888,6.184399814479491e-07,144.52189918424529,15.194633807024957,False,0.0,0.3146328553440376,-0.09952703511690553,0.09952703511690553,True,134.63517546830622,-9.88672371593907,8.881784197001252e-16,-0.544444120535087,-0.4265709733607437,-1.8243463484762623,0.0,optimal,-0.5000000152507074,129.32726537722033,0.11549593004274039,10,vel_lower,-1.4460575226138417e-07,5,u_lower,0,9,1.3964722849331031e-18,8.881784197001252e-16,8.522220219336373e-18,3.630041335403295e-19,True,8.881784197001252e-16,mid,near
42,vel_minus,0.0,-1.0,0.005,optimal,True,-0.49999972931992137,2.8593078599259414e-07,127.84800216870514,-1.4792632085151922,False,0.0,0.10123450790408262,0.1462344934046853,0.0,False,129.57201223854614,1.7240100698410004,8.881784197001252e-16,-0.544444120535087,-0.4265709733607437,-1.8243463484762623,0.0,optimal,-0.5000000152507074,129.32726537722033,0.11549593004274039,10,vel_lower,-1.4460575226138417e-07,5,u_lower,0,9,1.3964722849331031e-18,8.881784197001252e-16,8.522220219336373e-18,3.630041335403295e-19,True,8.881784197001252e-16,mid,near
42,vel_minus,0.0,-1.0,0.015,optimal,True,-0.5000002647803437,2.4952963628699365e-07,125.55644609438419,-3.7708192828361433,False,0.0,0.07775177490075336,0.19775179081683558,0.0,False,131.57296630286822,6.016520208484039,8.881784197001252e-16,-0.544444120535087,-0.4265709733607437,-1.8243463484762623,0.0,optimal,-0.5000000152507074,129.32726537722033,0.11549593004274039,10,vel_lower,-1.4460575226138417e-07,5,u_lower,0,9,1.3964722849331031e-18,8.881784197001252e-16,8.522220219336373e-18,3.630041335403295e-19,True,8.881784197001252e-16,mid,near
42,vel_minus,0.0,-1.0,0.03,optimal,True,-0.5000002767364626,2.614857552707406e-07,123.64867179105786,-5.678593586162464,False,0.0,0.06161552462483144,0.2716155391630185,0.0,False,138.45272584053103,14.804054049473166,8.881784197001252e-16,-0.544444120535087,-0.4265709733607437,-1.8243463484762623,0.0,optimal,-0.5000000152507074,129.32726537722033,0.11549593004274039,10,vel_lower,-1.4460575226138417e-07,5,u_lower,0,9,1.3964722849331031e-18,8.881784197001252e-16,8.522220219336373e-18,3.630041335403295e-19,True,8.881784197001252e-16,mid,near
42,random_0,0.9909289106818766,-0.13438710494251077,0.005,optimal,True,-0.5000001887285167,1.7347780933985035e-07,136.6930534895587,7.365788112338379,False,0.0,0.08497236406768949,0.09169173291822441,0.0,False,129.4928084463991,-7.200245043159612,8.881784197001252e-16,-0.544444120535087,-0.4265709733607437,-1.8243463484762623,0.0,optimal,-0.5000000152507074,129.32726537722033,0.11549593004274039,10,vel_lower,-1.4460575226138417e-07,5,u_lower,0,9,1.3964722849331031e-18,8.881784197001252e-16,8.522220219336373e-18,3.630041335403295e-19,True,8.881784197001252e-16,mid,near
42,random_0,0.9909289106818766,-0.13438710494251077,0.015,optimal,True,-0.4999996026934499,4.1255725746758287e-07,153.45646974217243,24.129204364952102,False,0.0,0.0077741181812227556,0.031963767665491805,0.0,False,130.5933216719326,-22.863148070239816,8.881784197001252e-16,-0.544444120535087,-0.4265709733607437,-1.8243463484762623,0.0,optimal,-0.5000000152507074,129.32726537722033,0.11549593004274039,10,vel_lower,-1.4460575226138417e-07,5,u_lower,0,9,1.3964722849331031e-18,8.881784197001252e-16,8.522220219336373e-18,3.630041335403295e-19,True,8.881784197001252e-16,mid,near
42,random_0,0.9909289106818766,-0.13438710494251077,0.03,optimal,True,-0.5000006910326047,6.757818973301966e-07,185.0509427579746,55.72367738075428,True,4.0,-2.6759738931403376e-05,0.03817773826689841,0.0,False,131.21747217268904,-53.83347058528557,11.520569797664972,-0.544444120535087,-0.4265709733607437,-1.8243463484762623,0.0,optimal,-0.5000000152507074,129.32726537722033,0.11549593004274039,10,vel_lower,-1.4460575226138417e-07,5,u_lower,0,9,1.3964722849331031e-18,8.881784197001252e-16,8.522220219336373e-18,3.630041335403295e-19,True,8.881784197001252e-16,mid,near
42,random_1,0.9085874070339034,-0.41769477346431794,0.005,optimal,True,-0.4999998357714804,1.7947922698047236e-07,135.511073351396,6.183807974175664,False,0.0,0.0788993374632817,0.09978406324493838,0.0,False,129.3839172867684,-6.127156064627599,8.881784197001252e-16,-0.544444120535087,-0.4265709733607437,-1.8243463484762623,0.0,optimal,-0.5000000152507074,129.32726537722033,0.11549593004274039,10,vel_lower,-1.4460575226138417e-07,5,u_lower,0,9,1.3964722849331031e-18,8.881784197001252e-16,8.522220219336373e-18,3.630041335403295e-19,True,8.881784197001252e-16,mid,near
42,random_1,0.9085874070339034,-0.41769477346431794,0.015,optimal,True,-0.5000000917648397,7.65141323633145e-08,149.0697752325616,19.742509855341268,True,1.0,-4.373814056712888e-06,0.06891525453807601,0.0,False,129.77216319221424,-19.29761204034736,1.8101296065947625,-0.544444120535087,-0.4265709733607437,-1.8243463484762623,0.0,optimal,-0.5000000152507074,129.32726537722033,0.11549593004274039,10,vel_lower,-1.4460575226138417e-07,5,u_lower,0,9,1.3964722849331031e-18,8.881784197001252e-16,8.522220219336373e-18,3.630041335403295e-19,True,8.881784197001252e-16,mid,near
42,random_1,0.9085874070339034,-0.41769477346431794,0.03,optimal,True,-0.4999993322837985,6.829669088603829e-07,173.76511337503896,44.437847997818636,True,5.0,-1.8657455191473105e-05,0.12342962786295675,0.0,False,129.73835479300448,-44.02675858203449,13.176090186784139,-0.544444120535087,-0.4265709733607437,-1.8243463484762623,0.0,optimal,-0.5000000152507074,129.32726537722033,0.11549593004274039,10,vel_lower,-1.4460575226138417e-07,5,u_lower,0,9,1.3964722849331031e-18,8.881784197001252e-16,8.522220219336373e-18,3.630041335403295e-19,True,8.881784197001252e-16,mid,near
42,random_2,-0.42606089900253974,-0.9046944845311856,0.005,optimal,True,-0.49999966175201355,3.53498693816956e-07,125.03819974904822,-4.289065628172111,False,0.0,0.11484271717661021,0.1555539484302284,0.0,False,129.76955391050876,4.731354161460544,8.881784197001252e-16,-0.544444120535087,-0.4265709733607437,-1.8243463484762623,0.0,optimal,-0.5000000152507074,129.32726537722033,0.11549593004274039,10,vel_lower,-1.4460575226138417e-07,5,u_lower,0,9,1.3964722849331031e-18,8.881784197001252e-16,8.522220219336373e-18,3.630041335403295e-19,True,8.881784197001252e-16,mid,near
42,random_2,-0.42606089900253974,-0.9046944845311856,0.015,optimal,True,-0.499999669138794,3.461119133518764e-07,117.982957008294,-11.344308368926335,False,0.0,0.1048589251944192,0.22994185510225496,0.0,False,133.61343524324656,15.630478234952562,8.881784197001252e-16,-0.544444120535087,-0.4265709733607437,-1.8243463484762623,0.0,optimal,-0.5000000152507074,129.32726537722033,0.11549593004274039,10,vel_lower,-1.4460575226138417e-07,5,u_lower,0,9,1.3964722849331031e-18,8.881784197001252e-16,8.522220219336373e-18,3.630041335403295e-19,True,8.881784197001252e-16,mid,near
42,random_2,-0.42606089900253974,-0.9046944845311856,0.03,optimal,True,-0.5000004817502839,4.664995765235602e-07,110.56748256553125,-18.759782811689078,False,0.0,0.020548179966521474,0.3234288358121373,0.0,False,147.63867287694268,37.07119031141143,8.881784197001252e-16,-0.544444120535087,-0.4265709733607437,-1.8243463484762623,0.0,optimal,-0.5000000152507074,129.32726537722033,0.11549593004274039,10,vel_lower,-1.4460575226138417e-07,5,u_lower,0,9,1.3964722849331031e-18,8.881784197001252e-16,8.522220219336373e-18,3.630041335403295e-19,True,8.881784197001252e-16,mid,near
42,random_3,0.8847938231067735,0.46598271490700144,0.005,optimal,True,-0.5000002385062907,2.2325558335367646e-07,137.02056664430154,7.69330126708121,False,0.0,0.10036924322285312,0.07474021158380384,0.0,False,129.73261385147993,-7.2879527928216135,8.881784197001252e-16,-0.544444120535087,-0.4265709733607437,-1.8243463484762623,0.0,optimal,-0.5000000152507074,129.32726537722033,0.11549593004274039,10,vel_lower,-1.4460575226138417e-07,5,u_lower,0,9,1.3964722849331031e-18,8.881784197001252e-16,8.522220219336373e-18,3.630041335403295e-19,True,8.881784197001252e-16,mid,near
42,random_3,0.8847938231067735,0.46598271490700144,0.015,optimal,True,-0.5000003069038902,2.9165318282675656e-07,155.5991532781169,26.27188790089656,False,0.0,0.07183005647811713,-0.016965054457315,0.016965054457315,True,132.07492002917542,-23.52423324894147,8.881784197001252e-16,-0.544444120535087,-0.4265709733607437,-1.8243463484762623,0.0,optimal,-0.5000000152507074,129.32726537722033,0.11549593004274039,10,vel_lower,-1.4460575226138417e-07,5,u_lower,0,9,1.3964722849331031e-18,8.881784197001252e-16,8.522220219336373e-18,3.630041335403295e-19,True,8.881784197001252e-16,mid,near
42,random_3,0.8847938231067735,0.46598271490700144,0.03,optimal,True,-0.4999981652945721,1.849956135280273e-06,193.62460264687712,64.2973372696568,False,0.0,0.06312178091713283,-0.14657059584450827,0.14657059584450827,True,135.5783825438625,-58.04622010301463,8.881784197001252e-16,-0.544444120535087,-0.4265709733607437,-1.8243463484762623,0.0,optimal,-0.5000000152507074,129.32726537722033,0.11549593004274039,10,vel_lower,-1.4460575226138417e-07,5,u_lower,0,9,1.3964722849331031e-18,8.881784197001252e-16,8.522220219336373e-18,3.630041335403295e-19,True,8.881784197001252e-16,mid,near
43,pos_plus,1.0,0.0,0.005,optimal,True,0.49999723982658084,3.1327733324149065e-06,581.9957766319882,-31.905228322534754,False,0.0,0.5307468643825093,0.5307466350291015,0.0,False,613.9020541346035,31.906277502615353,1.6653345369377348e-16,0.28046263096867863,-0.39528843775573663,1.9555525445332673,0.0,optimal,0.5000003725999133,613.9010049545229,0.5291675496810017,18,vel_upper,-3.725999132564439e-07,0,u_upper,0,17,1.3635552350938197e-16,5.9188662313069e-17,1.1102230246251565e-16,1.6653345369377348e-16,True,1.6653345369377348e-16,far,far
43,pos_plus,1.0,0.0,0.015,optimal,True,0.49999447954344733,5.893056465922086e-06,521.8325931189023,-92.06841183562062,False,0.0,0.5339035553373275,0.5339030966214056,0.0,False,613.9039635291805,92.07137041027818,1.3635552350938197e-16,0.28046263096867863,-0.39528843775573663,1.9555525445332673,0.0,optimal,0.5000003725999133,613.9010049545229,0.5291675496810017,18,vel_upper,-3.725999132564439e-07,0,u_upper,0,17,1.3635552350938197e-16,5.9188662313069e-17,1.1102230246251565e-16,1.6653345369377348e-16,True,1.6653345369377348e-16,far,far
43,pos_plus,1.0,0.0,0.03,optimal,True,0.4999933744982903,6.9981016229681e-06,440.70551823805505,-173.19548671646788,False,0.0,0.5456033959225229,0.5456028554134871,0.0,False,613.9305439193569,173.22502568130182,1.3635552350938197e-16,0.28046263096867863,-0.39528843775573663,1.9555525445332673,0.0,optimal,0.5000003725999133,613.9010049545229,0.5291675496810017,18,vel_upper,-3.725999132564439e-07,0,u_upper,0,17,1.3635552350938197e-16,5.9188662313069e-17,1.1102230246251565e-16,1.6653345369377348e-16,True,1.6653345369377348e-16,far,far
43,pos_minus,-1.0,0.0,0.005,optimal,True,0.5000192556923857,1.8883092472443685e-05,647.0164955433941,33.115490588871126,False,0.0,0.5275792910355919,0.5275808909312469,0.0,False,613.8958788066806,-33.12061673671349,1.3635552350938197e-16,0.28046263096867863,-0.39528843775573663,1.9555525445332673,0.0,optimal,0.5000003725999133,613.9010049545229,0.5291675496810017,18,vel_upper,-3.725999132564439e-07,0,u_upper,0,17,1.3635552350938197e-16,5.9188662313069e-17,1.1102230246251565e-16,1.6653345369377348e-16,True,1.6653345369377348e-16,far,far
43,pos_minus,-1.0,0.0,0.015,optimal,True,0.5000055209739853,5.148374072061479e-06,716.9151386373685,103.01413368284557,False,0.0,0.5244319184601823,0.524432377219042,0.0,False,613.900866648106,-103.01427198926251,8.326672684688674e-17,0.28046263096867863,-0.39528843775573663,1.9555525445332673,0.0,optimal,0.5000003725999133,613.9010049545229,0.5291675496810017,18,vel_upper,-3.725999132564439e-07,0,u_upper,0,17,1.3635552350938197e-16,5.9188662313069e-17,1.1102230246251565e-16,1.6653345369377348e-16,True,1.6653345369377348e-16,far,far
43,pos_minus,-1.0,0.0,0.03,optimal,True,0.5000082807281542,7.9081282409188e-06,830.87582615855,216.97482120402708,False,0.0,0.5196976642099833,0.5196983522874659,0.0,False,613.9039245140543,-216.9719016444957,8.326672684688674e-17,0.28046263096867863,-0.39528843775573663,1.9555525445332673,0.0,optimal,0.5000003725999133,613.9010049545229,0.5291675496810017,18,vel_upper,-3.725999132564439e-07,0,u_upper,0,17,1.3635552350938197e-16,5.9188662313069e-17,1.1102230246251565e-16,1.6653345369377348e-16,True,1.6653345369377348e-16,far,far
43,vel_plus,0.0,1.0,0.005,optimal,True,0.4999813715668493,1.900103306395895e-05,595.7452641447384,-18.15574080978456,False,0.0,0.44367431639035004,0.5336727684175709,0.0,False,613.9075140731111,18.162249928372717,2.95943311565345e-17,0.28046263096867863,-0.39528843775573663,1.9555525445332673,0.0,optimal,0.5000003725999133,613.9010049545229,0.5291675496810017,18,vel_upper,-3.725999132564439e-07,0,u_upper,0,17,1.3635552350938197e-16,5.9188662313069e-17,1.1102230246251565e-16,1.6653345369377348e-16,True,1.6653345369377348e-16,far,far
43,vel_plus,0.0,1.0,0.015,optimal,True,0.4999966628111164,3.709788796879554e-06,561.5340063026005,-52.36699865192247,False,0.0,0.27501764710425136,0.5450173748181696,0.0,False,613.9194261813994,52.385419878798984,2.95943311565345e-17,0.28046263096867863,-0.39528843775573663,1.9555525445332673,0.0,optimal,0.5000003725999133,613.9010049545229,0.5291675496810017,18,vel_upper,-3.725999132564439e-07,0,u_upper,0,17,1.3635552350938197e-16,5.9188662313069e-17,1.1102230246251565e-16,1.6653345369377348e-16,True,1.6653345369377348e-16,far,far
43,vel_plus,0.0,1.0,0.03,optimal,True,0.49999543267816243,4.939921750823917e-06,515.4745928808052,-98.42641207371776,False,0.0,0.04542728394933726,0.5731806778840101,0.0,False,614.0758090152095,98.60121613440435,2.95943311565345e-17,0.28046263096867863,-0.39528843775573663,1.9555525445332673,0.0,optimal,0.5000003725999133,613.9010049545229,0.5291675496810017,18,vel_upper,-3.725999132564439e-07,0,u_upper,0,17,1.3635552350938197e-16,5.9188662313069e-17,1.1102230246251565e-16,1.6653345369377348e-16,True,1.6653345369377348e-16,far,far
43,vel_minus,0.0,-1.0,0.005,optimal,True,0.5000143033071008,1.3930707187581604e-05,632.7645250982839,18.86352014376098,False,0.0,0.6146638379136925,0.5246650263550654,0.0,False,613.8982766850563,-18.866248413227595,2.95943311565345e-17,0.28046263096867863,-0.39528843775573663,1.9555525445332673,0.0,optimal,0.5000003725999133,613.9010049545229,0.5291675496810017,18,vel_upper,-3.725999132564439e-07,0,u_upper,0,17,1.3635552350938197e-16,5.9188662313069e-17,1.1102230246251565e-16,1.6653345369377348e-16,True,1.6653345369377348e-16,far,far
43,vel_minus,0.0,-1.0,0.015,optimal,True,0.5000041229035919,3.7503036786068478e-06,672.6245842001158,58.72357924559287,False,0.0,0.6397120555872786,0.5156776391861677,0.0,False,613.9103588423263,-58.71422535778947,2.95943311565345e-17,0.28046263096867863,-0.39528843775573663,1.9555525445332673,0.0,optimal,0.5000003725999133,613.9010049545229,0.5291675496810017,18,vel_upper,-3.725999132564439e-07,0,u_upper,0,17,1.3635552350938197e-16,5.9188662313069e-17,1.1102230246251565e-16,1.6653345369377348e-16,True,1.6653345369377348e-16,far,far
43,vel_minus,0.0,-1.0,0.03,optimal,True,0.5000061838134119,5.811213498629897e-06,737.7058044104546,123.80479945593163,False,0.0,0.624712302193932,0.5021885063362705,0.0,False,613.9409145769309,-123.76488983352363,8.522220219336373e-18,0.28046263096867863,-0.39528843775573663,1.9555525445332673,0.0,optimal,0.5000003725999133,613.9010049545229,0.5291675496810017,18,vel_upper,-3.725999132564439e-07,0,u_upper,0,17,1.3635552350938197e-16,5.9188662313069e-17,1.1102230246251565e-16,1.6653345369377348e-16,True,1.6653345369377348e-16,far,far
43,random_0,0.9909289106818766,-0.13438710494251077,0.005,optimal,True,0.4999851746801083,1.5197919804976756e-05,584.6699605408267,-29.23104441369628,False,0.0,0.5422298305314455,0.5301337592055335,0.0,False,613.9053491311098,29.23538859028315,8.522220219336373e-18,0.28046263096867863,-0.39528843775573663,1.9555525445332673,0.0,optimal,0.5000003725999133,613.9010049545229,0.5291675496810017,18,vel_upper,-3.725999132564439e-07,0,u_upper,0,17,1.3635552350938197e-16,5.9188662313069e-17,1.1102230246251565e-16,1.6653345369377348e-16,True,1.6653345369377348e-16,far,far
43,random_0,0.9909289106818766,-0.13438710494251077,0.015,optimal,True,0.4999950832466447,5.289353268544961e-06,529.1635299007845,-84.73747505373842,False,0.0,0.5683321736101075,0.5320472467232324,0.0,False,613.9029889528333,84.7394590520488,8.522220219336373e-18,0.28046263096867863,-0.39528843775573663,1.9555525445332673,0.0,optimal,0.5000003725999133,613.9010049545229,0.5291675496810017,18,vel_upper,-3.725999132564439e-07,0,u_upper,0,17,1.3635552350938197e-16,5.9188662313069e-17,1.1102230246251565e-16,1.6653345369377348e-16,True,1.6653345369377348e-16,far,far
43,random_0,0.9909289106818766,-0.13438710494251077,0.03,optimal,True,0.49999262541186246,7.747188050799547e-06,453.3338895731996,-160.56711538132333,False,0.0,0.6074952128632238,0.5349255634106305,0.0,False,613.9050942171245,160.57120464392494,8.522220219336373e-18,0.28046263096867863,-0.39528843775573663,1.9555525445332673,0.0,optimal,0.5000003725999133,613.9010049545229,0.5291675496810017,18,vel_upper,-3.725999132564439e-07,0,u_upper,0,17,1.3635552350938197e-16,5.9188662313069e-17,1.1102230246251565e-16,1.6653345369377348e-16,True,1.6653345369377348e-16,far,far
43,random_1,0.9085874070339034,-0.41769477346431794,0.005,optimal,True,0.5000130849058915,1.2712305978213045e-05,592.3424637113561,-21.558541243166815,False,0.0,0.5663082212564781,0.5287167789940646,0.0,False,613.8974789881158,21.55501527675972,8.522220219336373e-18,0.28046263096867863,-0.39528843775573663,1.9555525445332673,0.0,optimal,0.5000003725999133,613.9010049545229,0.5291675496810017,18,vel_upper,-3.725999132564439e-07,0,u_upper,0,17,1.3635552350938197e-16,5.9188662313069e-17,1.1102230246251565e-16,1.6653345369377348e-16,True,1.6653345369377348e-16,far,far
43,random_1,0.9085874070339034,-0.41769477346431794,0.015,optimal,True,0.4999967066005112,3.6659994020471487e-06,550.7654384079196,-63.135566546603286,False,0.0,0.6406133441446237,0.5278354816463277,0.0,False,613.9021633618906,63.136724953971,8.522220219336373e-18,0.28046263096867863,-0.39528843775573663,1.9555525445332673,0.0,optimal,0.5000003725999133,613.9010049545229,0.5291675496810017,18,vel_upper,-3.725999132564439e-07,0,u_upper,0,17,1.3635552350938197e-16,5.9188662313069e-17,1.1102230246251565e-16,1.6653345369377348e-16,True,1.6653345369377348e-16,far,far
43,random_1,0.9085874070339034,-0.41769477346431794,0.03,optimal,True,0.49999505918125126,5.313418662000746e-06,492.2056672894323,-121.69533766509062,False,0.0,0.6421801278770976,0.5265024170900097,0.0,False,613.9029301402998,121.69726285086745,8.522220219336373e-18,0.28046263096867863,-0.39528843775573663,1.9555525445332673,0.0,optimal,0.5000003725999133,613.9010049545229,0.5291675496810017,18,vel_upper,-3.725999132564439e-07,0,u_upper,0,17,1.3635552350938197e-16,5.9188662313069e-17,1.1102230246251565e-16,1.6653345369377348e-16,True,1.6653345369377348e-16,far,far
43,random_2,-0.42606089900253974,-0.9046944845311856,0.005,optimal,True,0.5000129129375999,1.2540337686606229e-05,645.2139616768123,31.312956722289414,False,0.0,0.6058431795091584,0.5244217490297683,0.0,False,613.8987958622771,-31.31516581453525,8.522220219336373e-18,0.28046263096867863,-0.39528843775573663,1.9555525445332673,0.0,optimal,0.5000003725999133,613.9010049545229,0.5291675496810017,18,vel_upper,-3.725999132564439e-07,0,u_upper,0,17,1.3635552350938197e-16,5.9188662313069e-17,1.1102230246251565e-16,1.6653345369377348e-16,True,1.6653345369377348e-16,far,far
43,random_2,-0.42606089900253974,-0.9046944845311856,0.015,optimal,True,0.5000060819827693,5.709382856045053e-06,712.1336664354401,98.23266148091716,False,0.0,0.641141872725125,0.5149457683549277,0.0,False,613.9109638309272,-98.22270260451285,8.522220219336373e-18,0.28046263096867863,-0.39528843775573663,1.9555525445332673,0.0,optimal,0.5000003725999133,613.9010049545229,0.5291675496810017,18,vel_upper,-3.725999132564439e-07,0,u_upper,0,17,1.3635552350938197e-16,5.9188662313069e-17,1.1102230246251565e-16,1.6653345369377348e-16,True,1.6653345369377348e-16,far,far
43,random_2,-0.42606089900253974,-0.9046944845311856,0.03,optimal,True,0.5000091225563621,8.749956448839136e-06,823.2130914209877,209.31208646646473,False,0.0,0.6275718192815796,0.5007252412517598,0.0,False,613.9447090472282,-209.26838237375944,8.522220219336373e-18,0.28046263096867863,-0.39528843775573663,1.9555525445332673,0.0,optimal,0.5000003725999133,613.9010049545229,0.5291675496810017,18,vel_upper,-3.725999132564439e-07,0,u_upper,0,17,1.3635552350938197e-16,5.9188662313069e-17,1.1102230246251565e-16,1.6653345369377348e-16,True,1.6653345369377348e-16,far,far
43,random_3,0.8847938231067735,0.46598271490700144,0.005,optimal,True,0.4999782609761072,2.2111623806053693e-05,577.400906955195,-36.50009799932798,False,0.0,0.4907323266784015,0.5326689650290768,0.0,False,613.907927806879,36.50702085168405,8.522220219336373e-18,0.28046263096867863,-0.39528843775573663,1.9555525445332673,0.0,optimal,0.5000003725999133,613.9010049545229,0.5291675496810017,18,vel_upper,-3.725999132564439e-07,0,u_upper,0,17,1.3635552350938197e-16,5.9188662313069e-17,1.1102230246251565e-16,1.6653345369377348e-16,True,1.6653345369377348e-16,far,far
43,random_3,0.8847938231067735,0.46598271490700144,0.015,optimal,True,0.49999432532750304,6.0472724102145214e-06,509.71296089935515,-104.18804405516778,False,0.0,0.4157591281078705,0.541573997542842,0.0,False,613.9146397637844,104.20167886442925,8.522220219336373e-18,0.28046263096867863,-0.39528843775573663,1.9555525445332673,0.0,optimal,0.5000003725999133,613.9010049545229,0.5291675496810017,18,vel_upper,-3.725999132564439e-07,0,u_upper,0,17,1.3635552350938197e-16,5.9188662313069e-17,1.1102230246251565e-16,1.6653345369377348e-16,True,1.6653345369377348e-16,far,far
43,random_3,0.8847938231067735,0.46598271490700144,0.03,optimal,True,0.4999922636648177,8.108935095563208e-06,421.47664345689327,-192.42436149762966,False,0.0,0.3269098941895643,0.5723669566545948,0.0,False,614.0549431250822,192.57829966818895,8.522220219336373e-18,0.28046263096867863,-0.39528843775573663,1.9555525445332673,0.0,optimal,0.5000003725999133,613.9010049545229,0.5291675496810017,18,vel_upper,-3.725999132564439e-07,0,u_upper,0,17,1.3635552350938197e-16,5.9188662313069e-17,1.1102230246251565e-16,1.6653345369377348e-16,True,1.6653345369377348e-16,far,far
44,pos_plus,1.0,0.0,0.005,optimal,True,0.5000000055125895,2.903003704091134e-08,3.4393862570672042,-1.1496384753059155,False,0.0,0.8662437660454251,0.8662437659930634,0.0,False,5.005901881553409,1.5665156244862044,6.817776175469099e-17,0.25939564704126394,-0.1837562345581955,0.418211260814517,0.0,optimal,0.5000000345426265,4.58902473237312,0.8251778300726995,10,vel_upper,-3.454262653690421e-08,0,u_upper,0,5,8.522220219336373e-18,6.817776175469099e-17,1.4520165341611578e-18,3.7166039093576913e-19,True,6.817776175469099e-17,far,far
44,pos_plus,1.0,0.0,0.015,optimal,True,0.4999999965206767,3.802194981084028e-08,2.1449674518218163,-2.4440572805513034,False,0.0,0.8662437651139273,0.8662437650938721,0.0,False,8.756399210928791,6.611431759106974,6.817776175469099e-17,0.25939564704126394,-0.1837562345581955,0.418211260814517,0.0,optimal,0.5000000345426265,4.58902473237312,0.8251778300726995,10,vel_upper,-3.454262653690421e-08,0,u_upper,0,5,8.522220219336373e-18,6.817776175469099e-17,1.4520165341611578e-18,3.7166039093576913e-19,True,6.817776175469099e-17,far,far
44,pos_plus,1.0,0.0,0.03,optimal,True,0.237596575592118,0.26240345895050854,1.896251913393331,-2.6927728189797886,False,0.0,0.804160975870024,0.8041609758644178,0.0,False,22.71200563195966,20.815753718566327,6.817776175469099e-17,0.25939564704126394,-0.1837562345581955,0.418211260814517,0.0,optimal,0.5000000345426265,4.58902473237312,0.8251778300726995,10,vel_upper,-3.454262653690421e-08,0,u_upper,0,5,8.522220219336373e-18,6.817776175469099e-17,1.4520165341611578e-18,3.7166039093576913e-19,True,6.817776175469099e-17,far,far
44,pos_minus,-1.0,0.0,0.005,optimal,True,0.5000000678361005,3.3293473977735744e-08,6.188785412654224,1.5997606802811042,False,0.0,0.761399637964304,0.7613996433166073,0.0,False,4.934172011613573,-1.2546134010406504,6.817776175469099e-17,0.25939564704126394,-0.1837562345581955,0.418211260814517,0.0,optimal,0.5000000345426265,4.58902473237312,0.8251778300726995,10,vel_upper,-3.454262653690421e-08,0,u_upper,0,5,8.522220219336373e-18,6.817776175469099e-17,1.4520165341611578e-18,3.7166039093576913e-19,True,6.817776175469099e-17,far,far
44,pos_minus,-1.0,0.0,0.015,optimal,True,0.49999977531387313,2.592287534075588e-07,11.205183627193055,6.616158894819935,False,0.0,0.6331582226472623,0.6331582067448789,0.0,False,6.956341284333704,-4.2488423428593505,6.817776175469099e-17,0.25939564704126394,-0.1837562345581955,0.418211260814517,0.0,optimal,0.5000000345426265,4.58902473237312,0.8251778300726995,10,vel_upper,-3.454262653690421e-08,0,u_upper,0,5,8.522220219336373e-18,6.817776175469099e-17,1.4520165341611578e-18,3.7166039093576913e-19,True,6.817776175469099e-17,far,far
44,pos_minus,-1.0,0.0,0.03,optimal,True,0.49999895211682205,1.0824258044883628e-06,25.196037125506145,20.607012393133026,False,0.0,0.4848441184798439,0.4848440405963115,0.0,False,9.703056222699031,-15.492980902807114,6.817776175469099e-17,0.25939564704126394,-0.1837562345581955,0.418211260814517,0.0,optimal,0.5000000345426265,4.58902473237312,0.8251778300726995,10,vel_upper,-3.454262653690421e-08,0,u_upper,0,5,8.522220219336373e-18,6.817776175469099e-17,1.4520165341611578e-18,3.7166039093576913e-19,True,6.817776175469099e-17,far,far
44,vel_plus,0.0,1.0,0.005,optimal,True,0.4999998497926077,1.8475001883899722e-07,4.330298184333394,-0.25872654803972583,False,0.0,0.8249348789613576,0.8662437504210653,0.0,False,4.8994250982507,0.5691269139173061,6.817776175469099e-17,0.25939564704126394,-0.1837562345581955,0.418211260814517,0.0,optimal,0.5000000345426265,4.58902473237312,0.8251778300726995,10,vel_upper,-3.454262653690421e-08,0,u_upper,0,5,8.522220219336373e-18,6.817776175469099e-17,1.4520165341611578e-18,3.7166039093576913e-19,True,6.817776175469099e-17,far,far
44,vel_plus,0.0,1.0,0.015,optimal,True,0.49999999490607,3.9636556536937206e-08,4.045938181031102,-0.543086551342018,False,0.0,0.8263074458691185,0.8662437649324115,0.0,False,7.459086037261989,3.4131478562308875,6.817776175469099e-17,0.25939564704126394,-0.1837562345581955,0.418211260814517,0.0,optimal,0.5000000345426265,4.58902473237312,0.8251778300726995,10,vel_upper,-3.454262653690421e-08,0,u_upper,0,5,8.522220219336373e-18,6.817776175469099e-17,1.4520165341611578e-18,3.7166039093576913e-19,True,6.817776175469099e-17,far,far
44,vel_plus,0.0,1.0,0.03,optimal,True,0.49999999853328786,3.6009338677533975e-08,4.056161873545533,-0.5328628588275865,False,0.0,0.7886242977118341,0.6713757022269595,0.0,False,16.35499693890543,12.298835065359896,6.817776175469099e-17,0.25939564704126394,-0.1837562345581955,0.418211260814517,0.0,optimal,0.5000000345426265,4.58902473237312,0.8251778300726995,10,vel_upper,-3.454262653690421e-08,0,u_upper,0,5,8.522220219336373e-18,6.817776175469099e-17,1.4520165341611578e-18,3.7166039093576913e-19,True,6.817776175469099e-17,far,far
44,vel_minus,0.0,-1.0,0.005,optimal,True,0.4999998880523494,1.4649027713087293e-07,4.948471048886127,0.35944631651300707,False,0.0,0.8247293107261049,0.772362872507706,0.0,False,4.885087072169211,-0.0633839767169162,6.817776175469099e-17,0.25939564704126394,-0.1837562345581955,0.418211260814517,0.0,optimal,0.5000000345426265,4.58902473237312,0.8251778300726995,10,vel_upper,-3.454262653690421e-08,0,u_upper,0,5,8.522220219336373e-18,6.817776175469099e-17,1.4520165341611578e-18,3.7166039093576913e-19,True,6.817776175469099e-17,far,far
44,vel_minus,0.0,-1.0,0.015,optimal,True,0.5000001074204299,7.287780334763738e-08,6.107634400366313,1.5186096679931937,False,0.0,0.8310533382758558,0.6375873568803511,0.0,False,6.951939540194364,0.8443051398280508,6.817776175469099e-17,0.25939564704126394,-0.1837562345581955,0.418211260814517,0.0,optimal,0.5000000345426265,4.58902473237312,0.8251778300726995,10,vel_upper,-3.454262653690421e-08,0,u_upper,0,5,8.522220219336373e-18,6.817776175469099e-17,1.4520165341611578e-18,3.7166039093576913e-19,True,6.817776175469099e-17,far,far
44,vel_minus,0.0,-1.0,0.03,optimal,True,0.49999928666985327,7.47872773265712e-07,10.09361724272529,5.504592510352171,False,0.0,0.83624368002066,0.4233459540932841,0.0,False,10.501629418307349,0.4080121755820585,6.817776175469099e-17,0.25939564704126394,-0.1837562345581955,0.418211260814517,0.0,optimal,0.5000000345426265,4.58902473237312,0.8251778300726995,10,vel_upper,-3.454262653690421e-08,0,u_upper,0,5,8.522220219336373e-18,6.817776175469099e-17,1.4520165341611578e-18,3.7166039093576913e-19,True,6.817776175469099e-17,far,far
44,random_0,0.9909289106818766,-0.13438710494251077,0.005,optimal,True,0.5000000016095297,3.2933096805187745e-08,3.4739835592938215,-1.1150411730792982,False,0.0,0.8655718300460843,0.8662437656027575,0.0,False,4.906988429606636,1.4330048703128142,6.817776175469099e-17,0.25939564704126394,-0.1837562345581955,0.418211260814517,0.0,optimal,0.5000000345426265,4.58902473237312,0.8251778300726995,10,vel_upper,-3.454262653690421e-08,0,u_upper,0,5,8.522220219336373e-18,6.817776175469099e-17,1.4520165341611578e-18,3.7166039093576913e-19,True,6.817776175469099e-17,far,far
44,random_0,0.9909289106818766,-0.13438710494251077,0.015,optimal,True,0.4999999990982233,3.54444032457657e-08,2.1864476558984114,-2.4025770764747083,False,0.0,0.864227958749724,0.8662437653516268,0.0,False,7.799499893792098,5.613052237893687,6.817776175469099e-17,0.25939564704126394,-0.1837562345581955,0.418211260814517,0.0,optimal,0.5000000345426265,4.58902473237312,0.8251778300726995,10,vel_upper,-3.454262653690421e-08,0,u_upper,0,5,8.522220219336373e-18,6.817776175469099e-17,1.4520165341611578e-18,3.7166039093576913e-19,True,6.817776175469099e-17,far,far
44,random_0,0.9909289106818766,-0.13438710494251077,0.03,optimal,True,0.28480255648923936,0.21519747805338718,1.9095757871773593,-2.6794489451957606,False,0.0,0.8014166453201769,0.8447240210907284,0.0,False,18.736602613027653,16.827026825850293,6.817776175469099e-17,0.25939564704126394,-0.1837562345581955,0.418211260814517,0.0,optimal,0.5000000345426265,4.58902473237312,0.8251778300726995,10,vel_upper,-3.454262653690421e-08,0,u_upper,0,5,8.522220219336373e-18,6.817776175469099e-17,1.4520165341611578e-18,3.7166039093576913e-19,True,6.817776175469099e-17,far,far
44,random_1,0.9085874070339034,-0.41769477346431794,0.005,optimal,True,0.4999999833446203,5.119800622344073e-08,3.6159906891531177,-0.973034043220002,False,0.0,0.8641552894725939,0.8622915217456171,0.0,False,4.712103009987378,1.0961123208342602,6.817776175469099e-17,0.25939564704126394,-0.1837562345581955,0.418211260814517,0.0,optimal,0.5000000345426265,4.58902473237312,0.8251778300726995,10,vel_upper,-3.454262653690421e-08,0,u_upper,0,5,8.522220219336373e-18,6.817776175469099e-17,1.4520165341611578e-18,3.7166039093576913e-19,True,6.817776175469099e-17,far,far
44,random_1,0.9085874070339034,-0.41769477346431794,0.015,optimal,True,0.4999999949725549,3.95700716637748e-08,2.3902076977892337,-2.198817034583886,False,0.0,0.8599783433893795,0.86624376493906,0.0,False,5.87703550964234,3.4868278118531064,6.817776175469099e-17,0.25939564704126394,-0.1837562345581955,0.418211260814517,0.0,optimal,0.5000000345426265,4.58902473237312,0.8251778300726995,10,vel_upper,-3.454262653690421e-08,0,u_upper,0,5,8.522220219336373e-18,6.817776175469099e-17,1.4520165341611578e-18,3.7166039093576913e-19,True,6.817776175469099e-17,far,far
44,random_1,0.9085874070339034,-0.41769477346431794,0.03,optimal,True,0.44033969286332697,0.05966034167929957,1.9803069241136042,-2.6087178082595157,False,0.0,0.7946355828874528,0.8602777347281372,0.0,False,10.559346749314981,8.579039825201377,6.817776175469099e-17,0.25939564704126394,-0.1837562345581955,0.418211260814517,0.0,optimal,0.5000000345426265,4.58902473237312,0.8251778300726995,10,vel_upper,-3.454262653690421e-08,0,u_upper,0,5,8.522220219336373e-18,6.817776175469099e-17,1.4520165341611578e-18,3.7166039093576913e-19,True,6.817776175469099e-17,far,far
44,random_2,-0.42606089900253974,-0.9046944845311856,0.005,optimal,True,0.5000000607578305,2.6215204007584703e-08,5.5993259534252005,1.0103012210520808,False,0.0,0.7987884810424015,0.7490302885600117,0.0,False,5.124628483084039,-0.4746974703411615,8.522220219336373e-18,0.25939564704126394,-0.1837562345581955,0.418211260814517,0.0,optimal,0.5000000345426265,4.58902473237312,0.8251778300726995,10,vel_upper,-3.454262653690421e-08,0,u_upper,0,5,8.522220219336373e-18,6.817776175469099e-17,1.4520165341611578e-18,3.7166039093576913e-19,True,6.817776175469099e-17,far,far
44,random_2,-0.42606089900253974,-0.9046944845311856,0.015,optimal,True,0.49999987945951785,1.550831086882809e-07,9.033125586885776,4.444100854512656,False,0.0,0.7561886304456683,0.5674417606176921,0.0,False,8.275852938271516,-0.7572726486142596,8.522220219336373e-18,0.25939564704126394,-0.1837562345581955,0.418211260814517,0.0,optimal,0.5000000345426265,4.58902473237312,0.8251778300726995,10,vel_upper,-3.454262653690421e-08,0,u_upper,0,5,8.522220219336373e-18,6.817776175469099e-17,1.4520165341611578e-18,3.7166039093576913e-19,True,6.817776175469099e-17,far,far
44,random_2,-0.42606089900253974,-0.9046944845311856,0.03,optimal,True,0.5000013516072435,1.3170646169236022e-06,21.235347555918313,16.646322823545194,False,0.0,0.8329343058287934,0.3801018818810479,0.0,False,11.064997504992935,-10.170350050925379,8.522220219336373e-18,0.25939564704126394,-0.1837562345581955,0.418211260814517,0.0,optimal,0.5000000345426265,4.58902473237312,0.8251778300726995,10,vel_upper,-3.454262653690421e-08,0,u_upper,0,5,8.522220219336373e-18,6.817776175469099e-17,1.4520165341611578e-18,3.7166039093576913e-19,True,6.817776175469099e-17,far,far
44,random_3,0.8847938231067735,0.46598271490700144,0.005,optimal,True,0.4999999850564896,4.9486136910470435e-08,3.467325486119565,-1.1216992462535549,False,0.0,0.8685736772428508,0.8662437639474534,0.0,False,5.28121358875962,1.813888102640055,8.522220219336373e-18,0.25939564704126394,-0.1837562345581955,0.418211260814517,0.0,optimal,0.5000000345426265,4.58902473237312,0.8251778300726995,10,vel_upper,-3.454262653690421e-08,0,u_upper,0,5,8.522220219336373e-18,6.817776175469099e-17,1.4520165341611578e-18,3.7166039093576913e-19,True,6.817776175469099e-17,far,far
44,random_3,0.8847938231067735,0.46598271490700144,0.015,optimal,True,0.5000000070992323,2.7443394223780615e-08,2.219947597287196,-2.3690771350859237,False,0.0,0.8732335069224451,0.8662437661517277,0.0,False,11.340656653184611,9.120709055897414,8.522220219336373e-18,0.25939564704126394,-0.1837562345581955,0.418211260814517,0.0,optimal,0.5000000345426265,4.58902473237312,0.8251778300726995,10,vel_upper,-3.454262653690421e-08,0,u_upper,0,5,8.522220219336373e-18,6.817776175469099e-17,1.4520165341611578e-18,3.7166039093576913e-19,True,6.817776175469099e-17,far,far
44,random_3,0.8847938231067735,0.46598271490700144,0.03,optimal,True,0.2038718174740824,0.29612821706854414,1.8804349558540896,-2.7085897765190303,False,0.0,0.8506104286087944,0.6619830160473279,0.0,False,33.192563416442056,31.312128460587967,8.522220219336373e-18,0.25939564704126394,-0.1837562345581955,0.418211260814517,0.0,optimal,0.5000000345426265,4.58902473237312,0.8251778300726995,10,vel_upper,-3.454262653690421e-08,0,u_upper,0,5,8.522220219336373e-18,6.817776175469099e-17,1.4520165341611578e-18,3.7166039093576913e-19,True,6.817776175469099e-17,far,far
45,pos_plus,1.0,0.0,0.005,optimal,True,0.4999998554380131,3.2510029490673276e-07,151.23609899007369,-7.483982646414432,False,0.0,0.04090683315511079,0.04090682451187755,0.0,False,158.9853382541385,7.749239264064812,4.440892098500626e-16,-1.527027612704968,0.5502710558897345,-0.08140419006265898,0.0,optimal,0.4999995303377182,158.72008163648812,0.013612463952704656,9,vel_upper,-7.760386389055185e-08,12,u_lower,0,11,8.522220219336373e-18,4.440892098500626e-16,4.100003289727171e-16,1.8150206677016514e-19,True,4.440892098500626e-16,near,near
45,pos_plus,1.0,0.0,0.015,optimal,True,0.49999968852716675,1.5818944854029127e-07,138.1665285593743,-20.553553077113804,False,0.0,0.10449172585414412,0.10449170840634836,0.0,False,161.47182884944152,23.30530029006721,4.440892098500626e-16,-1.527027612704968,0.5502710558897345,-0.08140419006265898,0.0,optimal,0.4999995303377182,158.72008163648812,0.013612463952704656,9,vel_upper,-7.760386389055185e-08,12,u_lower,0,11,8.522220219336373e-18,4.440892098500626e-16,4.100003289727171e-16,1.8150206677016514e-19,True,4.440892098500626e-16,near,near
45,pos_plus,1.0,0.0,0.03,optimal,True,0.49999951641090473,1.3926813480225064e-08,122.62371845495309,-36.096363181535025,False,0.0,0.1877744687102907,0.1877744447743741,0.0,False,171.27283202547696,48.649113570523866,4.440892098500626e-16,-1.527027612704968,0.5502710558897345,-0.08140419006265898,0.0,optimal,0.4999995303377182,158.72008163648812,0.013612463952704656,9,vel_upper,-7.760386389055185e-08,12,u_lower,0,11,8.522220219336373e-18,4.440892098500626e-16,4.100003289727171e-16,1.8150206677016514e-19,True,4.440892098500626e-16,near,near
45,pos_minus,-1.0,0.0,0.005,optimal,True,0.5000001979286318,6.675909136055758e-07,166.9292758272676,8.20919419077947,True,1.0,-1.666689512691555e-05,-1.670551022714406e-05,1.670551022714406e-05,False,158.8969817317666,-8.032294095500987,6.142370796895757,-1.527027612704968,0.5502710558897345,-0.08140419006265898,0.0,optimal,0.4999995303377182,158.72008163648812,0.013612463952704656,9,vel_upper,-7.760386389055185e-08,12,u_lower,0,11,8.522220219336373e-18,4.440892098500626e-16,4.100003289727171e-16,1.8150206677016514e-19,True,4.440892098500626e-16,near,near
45,pos_minus,-1.0,0.0,0.015,optimal,True,0.49999931267839304,2.1765932517459063e-07,186.10313862317528,27.383056986687166,True,4.0,-8.07489173260123e-06,-8.143154119677476e-06,8.143154119677476e-06,False,159.78503163751668,-26.318106985658602,12.972271712656578,-1.527027612704968,0.5502710558897345,-0.08140419006265898,0.0,optimal,0.4999995303377182,158.72008163648812,0.013612463952704656,9,vel_upper,-7.760386389055185e-08,12,u_lower,0,11,8.522220219336373e-18,4.440892098500626e-16,4.100003289727171e-16,1.8150206677016514e-19,True,4.440892098500626e-16,near,near
45,pos_minus,-1.0,0.0,0.03,optimal,True,0.5000000553952864,5.250575681459146e-07,222.9343939658483,64.21431232936018,True,7.0,-7.647550748668408e-06,-7.651448007628403e-06,7.651448007628403e-06,False,160.70071468542065,-62.23367928042765,20.790702987844142,-1.527027612704968,0.5502710558897345,-0.08140419006265898,0.0,optimal,0.4999995303377182,158.72008163648812,0.013612463952704656,9,vel_upper,-7.760386389055185e-08,12,u_lower,0,11,8.522220219336373e-18,4.440892098500626e-16,4.100003289727171e-16,1.8150206677016514e-19,True,4.440892098500626e-16,near,near
45,vel_plus,0.0,1.0,0.005,optimal,True,0.5000008726611839,1.3423234656584349e-06,157.27831047758502,-1.4417711589030944,True,1.0,2.136911627992344e-05,0.045021487053827025,0.0,False,158.9925882323955,1.7142777548104675,2.80335707306407,-1.527027612704968,0.5502710558897345,-0.08140419006265898,0.0,optimal,0.4999995303377182,158.72008163648812,0.013612463952704656,9,vel_upper,-7.760386389055185e-08,12,u_lower,0,11,8.522220219336373e-18,4.440892098500626e-16,4.100003289727171e-16,1.8150206677016514e-19,True,4.440892098500626e-16,near,near
45,vel_plus,0.0,1.0,0.015,optimal,True,0.5000000231040415,4.927663232456858e-07,155.1586618796409,-3.561419756847215,True,1.0,-7.455055188509974e-06,0.10649566428391333,0.0,False,161.47781332555647,6.3191514459155655,10.42016495602911,-1.527027612704968,0.5502710558897345,-0.08140419006265898,0.0,optimal,0.4999995303377182,158.72008163648812,0.013612463952704656,9,vel_upper,-7.760386389055185e-08,12,u_lower,0,11,8.522220219336373e-18,4.440892098500626e-16,4.100003289727171e-16,1.8150206677016514e-19,True,4.440892098500626e-16,near,near
45,vel_plus,0.0,1.0,0.03,optimal,True,0.5000008177066274,1.2873689091974505e-06,153.5540545606897,-5.166027075798411,True,2.0,-1.4228350472489382e-05,0.18001727394142764,0.0,False,169.52951385504582,15.975459294356114,12.579594458724563,-1.527027612704968,0.5502710558897345,-0.08140419006265898,0.0,optimal,0.4999995303377182,158.72008163648812,0.013612463952704656,9,vel_upper,-7.760386389055185e-08,12,u_lower,0,11,8.522220219336373e-18,4.440892098500626e-16,4.100003289727171e-16,1.8150206677016514e-19,True,4.440892098500626e-16,near,near
45,vel_minus,0.0,-1.0,0.005,optimal,True,0.4999999035375835,3.7319986528894233e-07,160.40119472951145,1.6811130930233276,False,0.0,0.03253344523195567,-0.01746656049530948,0.01746656049530948,True,158.9456486410252,-1.4555460884862441,4.440892098500626e-16,-1.527027612704968,0.5502710558897345,-0.08140419006265898,0.0,optimal,0.4999995303377182,158.72008163648812,0.013612463952704656,9,vel_upper,-7.760386389055185e-08,12,u_lower,0,11,8.522220219336373e-18,4.440892098500626e-16,4.100003289727171e-16,1.8150206677016514e-19,True,4.440892098500626e-16,near,near
45,vel_minus,0.0,-1.0,0.015,optimal,True,0.49999980083171236,2.704939941478024e-07,164.56438036702968,5.844298730541567,False,0.0,0.09062825200639602,-0.07437176067614226,0.07437176067614226,True,160.62234485205553,-3.942035514974151,4.440892098500626e-16,-1.527027612704968,0.5502710558897345,-0.08140419006265898,0.0,optimal,0.4999995303377182,158.72008163648812,0.013612463952704656,9,vel_upper,-7.760386389055185e-08,12,u_lower,0,11,8.522220219336373e-18,4.440892098500626e-16,4.100003289727171e-16,1.8150206677016514e-19,True,4.440892098500626e-16,near,near
45,vel_minus,0.0,-1.0,0.03,optimal,True,0.500000658520191,1.1281824728315293e-06,173.35866676152236,14.63858512503424,False,0.0,0.20972841599610814,-0.18531049824655055,0.18531049824655055,True,164.680338683031,-8.678328078491347,4.440892098500626e-16,-1.527027612704968,0.5502710558897345,-0.08140419006265898,0.0,optimal,0.4999995303377182,158.72008163648812,0.013612463952704656,9,vel_upper,-7.760386389055185e-08,12,u_lower,0,11,8.522220219336373e-18,4.440892098500626e-16,4.100003289727171e-16,1.8150206677016514e-19,True,4.440892098500626e-16,near,near
45,random_0,0.9909289106818766,-0.13438710494251077,0.005,optimal,True,0.4999999219435613,3.9160584308639557e-07,151.4710098421897,-7.24907179429843,False,0.0,0.043569485210030456,0.0375220614824292,0.0,False,158.91879181099063,7.447781968800939,4.440892098500626e-16,-1.527027612704968,0.5502710558897345,-0.08140419006265898,0.0,optimal,0.4999995303377182,158.72008163648812,0.013612463952704656,9,vel_upper,-7.760386389055185e-08,12,u_lower,0,11,8.522220219336373e-18,4.440892098500626e-16,4.100003289727171e-16,1.8150206677016514e-19,True,4.440892098500626e-16,near,near
45,random_0,0.9909289106818766,-0.13438710494251077,0.015,optimal,True,0.5000000702942022,5.399564840247173e-07,138.63845343868766,-20.081628197800455,False,0.0,0.10735732422613009,0.09123087812867559,0.0,False,160.77092976161828,22.132476322930614,4.440892098500626e-16,-1.527027612704968,0.5502710558897345,-0.08140419006265898,0.0,optimal,0.4999995303377182,158.72008163648812,0.013612463952704656,9,vel_upper,-7.760386389055185e-08,12,u_lower,0,11,8.522220219336373e-18,4.440892098500626e-16,4.100003289727171e-16,1.8150206677016514e-19,True,4.440892098500626e-16,near,near
45,random_0,0.9909289106818766,-0.13438710494251077,0.03,optimal,True,0.5000004366974842,9.063597659619838e-07,123.0459617883911,-35.67411984809702,False,0.0,0.1913922690726193,0.1672026127858156,0.0,False,168.16845416170707,45.12249237331598,4.440892098500626e-16,-1.527027612704968,0.5502710558897345,-0.08140419006265898,0.0,optimal,0.4999995303377182,158.72008163648812,0.013612463952704656,9,vel_upper,-7.760386389055185e-08,12,u_lower,0,11,8.522220219336373e-18,4.440892098500626e-16,4.100003289727171e-16,1.8150206677016514e-19,True,4.440892098500626e-16,near,near
45,random_1,0.9085874070339034,-0.41769477346431794,0.005,optimal,True,0.4999998690437442,3.387060260040542e-07,152.44564509083236,-6.27443654565576,False,0.0,0.04745249017090947,0.02865621831694265,0.0,False,158.79193045505804,6.346285364225679,4.440892098500626e-16,-1.527027612704968,0.5502710558897345,-0.08140419006265898,0.0,optimal,0.4999995303377182,158.72008163648812,0.013612463952704656,9,vel_upper,-7.760386389055185e-08,12,u_lower,0,11,8.522220219336373e-18,4.440892098500626e-16,4.100003289727171e-16,1.8150206677016514e-19,True,4.440892098500626e-16,near,near
45,random_1,0.9085874070339034,-0.41769477346431794,0.015,optimal,True,0.5000002154013079,6.850635896893387e-07,140.9708353196437,-17.74924631684442,False,0.0,0.11553387843675378,0.0654105190649854,0.0,False,159.4589731646688,18.488137845025108,4.440892098500626e-16,-1.527027612704968,0.5502710558897345,-0.08140419006265898,0.0,optimal,0.4999995303377182,158.72008163648812,0.013612463952704656,9,vel_upper,-7.760386389055185e-08,12,u_lower,0,11,8.522220219336373e-18,4.440892098500626e-16,4.100003289727171e-16,1.8150206677016514e-19,True,4.440892098500626e-16,near,near
45,random_1,0.9085874070339034,-0.41769477346431794,0.03,optimal,True,0.4999996965621328,1.6622441456615178e-07,126.23734607470482,-32.4827355617833,False,0.0,0.20500018947523446,0.11728427103947436,0.0,False,162.06976937628824,35.83242330158342,4.440892098500626e-16,-1.527027612704968,0.5502710558897345,-0.08140419006265898,0.0,optimal,0.4999995303377182,158.72008163648812,0.013612463952704656,9,vel_upper,-7.760386389055185e-08,12,u_lower,0,11,8.522220219336373e-18,4.440892098500626e-16,4.100003289727171e-16,1.8150206677016514e-19,True,4.440892098500626e-16,near,near
45,random_2,-0.42606089900253974,-0.9046944845311856,0.005,optimal,True,0.5000001960552978,6.657175795621306e-07,163.7613346871563,5.041253050668189,False,0.0,0.018897465040755512,-0.02633724532232562,0.02633724532232562,True,159.1143318419198,-4.6470028452365,4.440892098500626e-16,-1.527027612704968,0.5502710558897345,-0.08140419006265898,0.0,optimal,0.4999995303377182,158.72008163648812,0.013612463952704656,9,vel_upper,-7.760386389055185e-08,12,u_lower,0,11,8.522220219336373e-18,4.440892098500626e-16,4.100003289727171e-16,1.8150206677016514e-19,True,4.440892098500626e-16,near,near
45,random_2,-0.42606089900253974,-0.9046944845311856,0.015,optimal,True,0.4999995983588319,6.802111368608976e-08,175.88392503773133,17.163843401243213,False,0.0,0.04824076386017839,-0.11460427263348194,0.11460427263348194,True,161.8338519265162,-14.050073111215141,4.440892098500626e-16,-1.527027612704968,0.5502710558897345,-0.08140419006265898,0.0,optimal,0.4999995303377182,158.72008163648812,0.013612463952704656,9,vel_upper,-7.760386389055185e-08,12,u_lower,0,11,8.522220219336373e-18,4.440892098500626e-16,4.100003289727171e-16,1.8150206677016514e-19,True,4.440892098500626e-16,near,near
45,random_2,-0.42606089900253974,-0.9046944845311856,0.03,optimal,True,0.49999939167643626,1.3866128195649807e-07,200.89069628796193,42.17061465147381,False,0.0,0.14089185268073023,-0.24989095324577648,0.24989095324577648,True,166.49513277585152,-34.395563512110414,4.440892098500626e-16,-1.527027612704968,0.5502710558897345,-0.08140419006265898,0.0,optimal,0.4999995303377182,158.72008163648812,0.013612463952704656,9,vel_upper,-7.760386389055185e-08,12,u_lower,0,11,8.522220219336373e-18,4.440892098500626e-16,4.100003289727171e-16,1.8150206677016514e-19,True,4.440892098500626e-16,near,near
45,random_3,0.8847938231067735,0.46598271490700144,0.005,optimal,True,0.5000008267896459,1.2964519276459363e-06,151.49085244331636,-7.229229193171761,False,0.0,0.031478188146126684,0.05244746774077713,0.0,False,159.19429761858217,7.703445175265813,4.440892098500626e-16,-1.527027612704968,0.5502710558897345,-0.08140419006265898,0.0,optimal,0.4999995303377182,158.72008163648812,0.013612463952704656,9,vel_upper,-7.760386389055185e-08,12,u_lower,0,11,8.522220219336373e-18,4.440892098500626e-16,4.100003289727171e-16,1.8150206677016514e-19,True,4.440892098500626e-16,near,near
45,random_3,0.8847938231067735,0.46598271490700144,0.015,optimal,True,0.5000002632909,7.329531817590329e-07,139.2946455770703,-19.42543605941782,False,0.0,0.07640528027227367,0.12533347957639152,0.0,False,163.58178601441446,24.287140437344164,4.440892098500626e-16,-1.527027612704968,0.5502710558897345,-0.08140419006265898,0.0,optimal,0.4999995303377182,158.72008163648812,0.013612463952704656,9,vel_upper,-7.760386389055185e-08,12,u_lower,0,11,8.522220219336373e-18,4.440892098500626e-16,4.100003289727171e-16,1.8150206677016514e-19,True,4.440892098500626e-16,near,near
45,random_3,0.8847938231067735,0.46598271490700144,0.03,optimal,True,0.5000006884098372,1.1580721190340704e-06,125.72318811271023,-32.996893523777885,False,0.0,0.15538756921553487,0.22528500744439106,0.0,False,179.9963514190882,54.27316330637797,4.440892098500626e-16,-1.527027612704968,0.5502710558897345,-0.08140419006265898,0.0,optimal,0.4999995303377182,158.72008163648812,0.013612463952704656,9,vel_upper,-7.760386389055185e-08,12,u_lower,0,11,8.522220219336373e-18,4.440892098500626e-16,4.100003289727171e-16,1.8150206677016514e-19,True,4.440892098500626e-16,near,near
46,pos_plus,1.0,0.0,0.005,optimal,True,-0.5000000235293088,1.7309268462994964e-07,63.59251562318347,3.6377223690978298,False,0.0,0.20425680525087964,0.20425680629964638,0.0,False,60.352526335827015,-3.239989287356458,2.384211188899704e-16,0.9047527272009162,-0.5007240000930737,-0.061371678144462205,0.0,optimal,-0.4999998504366242,59.954793254085644,0.2317932330336947,6,vel_lower,-2.2918877062849674e-07,2,u_lower,0,10,2.904033068322636e-18,2.384211188899704e-16,1.1102230246251565e-16,2.220446049250313e-16,True,2.384211188899704e-16,mid,mid
46,pos_plus,1.0,0.0,0.015,optimal,True,-0.49999992840046525,7.796384104974408e-08,72.22514768879945,12.27035443471381,False,0.0,0.13591491271767842,0.1359149084767599,0.0,False,63.27754832748255,-8.947599361316904,2.384211188899704e-16,0.9047527272009162,-0.5007240000930737,-0.061371678144462205,0.0,optimal,-0.4999998504366242,59.954793254085644,0.2317932330336947,6,vel_lower,-2.2918877062849674e-07,2,u_lower,0,10,2.904033068322636e-18,2.384211188899704e-16,1.1102230246251565e-16,2.220446049250313e-16,True,2.384211188899704e-16,mid,mid
46,pos_plus,1.0,0.0,0.03,optimal,True,-0.5000002576072424,4.071706182218193e-07,89.34900412126314,29.39421086717749,False,0.0,0.03239936813802824,0.03239938283435828,0.0,False,71.14283964661861,-18.206164474644524,2.384211188899704e-16,0.9047527272009162,-0.5007240000930737,-0.061371678144462205,0.0,optimal,-0.4999998504366242,59.954793254085644,0.2317932330336947,6,vel_lower,-2.2918877062849674e-07,2,u_lower,0,10,2.904033068322636e-18,2.384211188899704e-16,1.1102230246251565e-16,2.220446049250313e-16,True,2.384211188899704e-16,mid,mid
46,pos_minus,-1.0,0.0,0.005,optimal,True,-0.4999999729448349,1.2250821068704454e-07,56.72621431351013,-3.2285789405755168,False,0.0,0.26458547978377833,0.2645854816463322,0.0,False,60.38269243170138,3.6564781181912522,2.384211188899704e-16,0.9047527272009162,-0.5007240000930737,-0.061371678144462205,0.0,optimal,-0.4999998504366242,59.954793254085644,0.2317932330336947,6,vel_lower,-2.2918877062849674e-07,2,u_lower,0,10,2.904033068322636e-18,2.384211188899704e-16,1.1102230246251565e-16,2.220446049250313e-16,True,2.384211188899704e-16,mid,mid
46,pos_minus,-1.0,0.0,0.015,optimal,True,-0.5000002236688498,3.7323222557006375e-07,51.340029403582285,-8.614763850503358,False,0.0,0.31795783138235656,0.31795783947419365,0.0,False,63.91134928043999,12.571319876857707,2.384211188899704e-16,0.9047527272009162,-0.5007240000930737,-0.061371678144462205,0.0,optimal,-0.4999998504366242,59.954793254085644,0.2317932330336947,6,vel_lower,-2.2918877062849674e-07,2,u_lower,0,10,2.904033068322636e-18,2.384211188899704e-16,1.1102230246251565e-16,2.220446049250313e-16,True,2.384211188899704e-16,mid,mid
46,pos_minus,-1.0,0.0,0.03,optimal,True,-0.5000002250630068,3.7462638258212166e-07,45.583781066295046,-14.371012187790598,False,0.0,0.3915271604952135,0.39152716786363206,0.0,False,76.44487974909175,30.861098682796708,2.384211188899704e-16,0.9047527272009162,-0.5007240000930737,-0.061371678144462205,0.0,optimal,-0.4999998504366242,59.954793254085644,0.2317932330336947,6,vel_lower,-2.2918877062849674e-07,2,u_lower,0,10,2.904033068322636e-18,2.384211188899704e-16,1.1102230246251565e-16,2.220446049250313e-16,True,2.384211188899704e-16,mid,mid
46,vel_plus,0.0,1.0,0.005,optimal,True,-0.5000001741663418,3.2372971758842795e-07,60.143298383408904,0.1885051293232607,False,0.0,0.24569502384449682,0.2154662699745825,0.0,False,60.25505229067825,0.11175390726934609,2.384211188899704e-16,0.9047527272009162,-0.5007240000930737,-0.061371678144462205,0.0,optimal,-0.4999998504366242,59.954793254085644,0.2317932330336947,6,vel_lower,-2.2918877062849674e-07,2,u_lower,0,10,2.904033068322636e-18,2.384211188899704e-16,1.1102230246251565e-16,2.220446049250313e-16,True,2.384211188899704e-16,mid,mid
46,vel_plus,0.0,1.0,0.015,optimal,True,-0.4999999409488983,9.051227412015805e-08,60.821532906723085,0.8667396526374418,False,0.0,0.2764478304892015,0.17144782829157235,0.0,False,62.67239657690363,1.8508636701805443,2.384211188899704e-16,0.9047527272009162,-0.5007240000930737,-0.061371678144462205,0.0,optimal,-0.4999998504366242,59.954793254085644,0.2317932330336947,6,vel_lower,-2.2918877062849674e-07,2,u_lower,0,10,2.904033068322636e-18,2.384211188899704e-16,1.1102230246251565e-16,2.220446049250313e-16,True,2.384211188899704e-16,mid,mid
46,vel_plus,0.0,1.0,0.03,optimal,True,-0.5000000543464326,2.0390980837170503e-07,62.73059089129926,2.775797637213614,False,0.0,0.3424764655210921,0.08198506510143022,0.0,False,70.35383972306565,7.623248831766389,2.384211188899704e-16,0.9047527272009162,-0.5007240000930737,-0.061371678144462205,0.0,optimal,-0.4999998504366242,59.954793254085644,0.2317932330336947,6,vel_lower,-2.2918877062849674e-07,2,u_lower,0,10,2.904033068322636e-18,2.384211188899704e-16,1.1102230246251565e-16,2.220446049250313e-16,True,2.384211188899704e-16,mid,mid
46,vel_minus,0.0,-1.0,0.005,optimal,True,-0.49999988711016763,3.667354342429263e-08,59.881075756815406,-0.07371749727023769,False,0.0,0.22616920291047626,0.25616919642480995,0.0,False,60.25800054149854,0.3769247846831334,2.384211188899704e-16,0.9047527272009162,-0.5007240000930737,-0.061371678144462205,0.0,optimal,-0.4999998504366242,59.954793254085644,0.2317932330336947,6,vel_lower,-2.2918877062849674e-07,2,u_lower,0,10,2.904033068322636e-18,2.384211188899704e-16,1.1102230246251565e-16,2.220446049250313e-16,True,2.384211188899704e-16,mid,mid
46,vel_minus,0.0,-1.0,0.015,optimal,True,-0.499999988207483,1.3777085877686446e-07,60.0664589390298,0.11166568494415685,False,0.0,0.22005166392535114,0.29505166326613685,0.0,False,62.58201188688591,2.515552947856108,2.384211188899704e-16,0.9047527272009162,-0.5007240000930737,-0.061371678144462205,0.0,optimal,-0.4999998504366242,59.954793254085644,0.2317932330336947,6,vel_lower,-2.2918877062849674e-07,2,u_lower,0,10,2.904033068322636e-18,2.384211188899704e-16,1.1102230246251565e-16,2.220446049250313e-16,True,2.384211188899704e-16,mid,mid
46,vel_minus,0.0,-1.0,0.03,optimal,True,-0.5000000431698097,1.927331855222647e-07,61.28873720985624,1.333943955770593,False,0.0,0.2366543609809615,0.34927598347514077,0.0,False,70.32819534744029,9.039458137584049,2.384211188899704e-16,0.9047527272009162,-0.5007240000930737,-0.061371678144462205,0.0,optimal,-0.4999998504366242,59.954793254085644,0.2317932330336947,6,vel_lower,-2.2918877062849674e-07,2,u_lower,0,10,2.904033068322636e-18,2.384211188899704e-16,1.1102230246251565e-16,2.220446049250313e-16,True,2.384211188899704e-16,mid,mid
46,random_0,0.9909289106818766,-0.13438710494251077,0.005,optimal,True,-0.5000000837454074,2.3330878318184034e-07,63.522550550888994,3.56775729680335,False,0.0,0.20406209202665626,0.2087656454321548,0.0,False,60.26005388664653,-3.2624966642424624,2.384211188899704e-16,0.9047527272009162,-0.5007240000930737,-0.061371678144462205,0.0,optimal,-0.4999998504366242,59.954793254085644,0.2317932330336947,6,vel_lower,-2.2918877062849674e-07,2,u_lower,0,10,2.904033068322636e-18,2.384211188899704e-16,1.1102230246251565e-16,2.220446049250313e-16,True,2.384211188899704e-16,mid,mid
46,random_0,0.9909289106818766,-0.13438710494251077,0.015,optimal,True,-0.4999999579850836,1.0754845941596258e-07,71.86095437913373,11.906161125048087,False,0.0,0.1338322427355616,0.14995869274021034,0.0,False,62.498149942138184,-9.362804436995546,2.384211188899704e-16,0.9047527272009162,-0.5007240000930737,-0.061371678144462205,0.0,optimal,-0.4999998504366242,59.954793254085644,0.2317932330336947,6,vel_lower,-2.2918877062849674e-07,2,u_lower,0,10,2.904033068322636e-18,2.384211188899704e-16,1.1102230246251565e-16,2.220446049250313e-16,True,2.384211188899704e-16,mid,mid
46,random_0,0.9909289106818766,-0.13438710494251077,0.03,optimal,True,-0.4999998123320302,3.810459398012611e-08,87.93300582732884,27.978212573243198,False,0.0,0.022967348039228508,0.06328346686550501,0.0,False,68.68573598086851,-19.247269846460327,2.384211188899704e-16,0.9047527272009162,-0.5007240000930737,-0.061371678144462205,0.0,optimal,-0.4999998504366242,59.954793254085644,0.2317932330336947,6,vel_lower,-2.2918877062849674e-07,2,u_lower,0,10,2.904033068322636e-18,2.384211188899704e-16,1.1102230246251565e-16,2.220446049250313e-16,True,2.384211188899704e-16,mid,mid
46,random_1,0.9085874070339034,-0.41769477346431794,0.005,optimal,True,-0.49999988068949436,3.025287015345768e-08,63.1446276122554,3.1898343581697546,False,0.0,0.20484558047557377,0.2173764211712983,0.0,False,60.07660549936063,-3.0680221128947665,2.384211188899704e-16,0.9047527272009162,-0.5007240000930737,-0.061371678144462205,0.0,optimal,-0.4999998504366242,59.954793254085644,0.2317932330336947,6,vel_lower,-2.2918877062849674e-07,2,u_lower,0,10,2.904033068322636e-18,2.384211188899704e-16,1.1102230246251565e-16,2.220446049250313e-16,True,2.384211188899704e-16,mid,mid
46,random_1,0.9085874070339034,-0.41769477346431794,0.015,optimal,True,-0.5000000965619541,2.461253298946531e-07,70.32685345857148,10.372060204485834,False,0.0,0.13421764634995714,0.1780756028364936,0.0,False,60.989616108073285,-9.337237350498192,2.384211188899704e-16,0.9047527272009162,-0.5007240000930737,-0.061371678144462205,0.0,optimal,-0.4999998504366242,59.954793254085644,0.2317932330336947,6,vel_lower,-2.2918877062849674e-07,2,u_lower,0,10,2.904033068322636e-18,2.384211188899704e-16,1.1102230246251565e-16,2.220446049250313e-16,True,2.384211188899704e-16,mid,mid
46,random_1,0.9085874070339034,-0.41769477346431794,0.03,optimal,True,-0.49999983139322807,1.9043396137785606e-08,83.30859701750887,23.35380376342323,False,0.0,0.02167582652266964,0.12413602728019191,0.0,False,63.65230532293084,-19.65629169457803,2.384211188899704e-16,0.9047527272009162,-0.5007240000930737,-0.061371678144462205,0.0,optimal,-0.4999998504366242,59.954793254085644,0.2317932330336947,6,vel_lower,-2.2918877062849674e-07,2,u_lower,0,10,2.904033068322636e-18,2.384211188899704e-16,1.1102230246251565e-16,2.220446049250313e-16,True,2.384211188899704e-16,mid,mid
46,random_2,-0.42606089900253974,-0.9046944845311856,0.005,optimal,True,-0.4999998276852154,2.2751408812471396e-08,58.5045838300616,-1.4502094240240453,False,0.0,0.24342554470715638,0.2660429003501823,0.0,False,60.55229858731105,2.0477147572494516,2.384211188899704e-16,0.9047527272009162,-0.5007240000930737,-0.061371678144462205,0.0,optimal,-0.4999998504366242,59.954793254085644,0.2317932330336947,6,vel_lower,-2.2918877062849674e-07,2,u_lower,0,10,2.904033068322636e-18,2.384211188899704e-16,1.1102230246251565e-16,2.220446049250313e-16,True,2.384211188899704e-16,mid,mid
46,random_2,-0.42606089900253974,-0.9046944845311856,0.015,optimal,True,-0.49999973383048246,1.1660614174235917e-07,56.328762769430696,-3.6260304846549474,False,0.0,0.266975838775906,0.3212574969594786,0.0,False,65.3561467005216,9.02738393109091,2.384211188899704e-16,0.9047527272009162,-0.5007240000930737,-0.061371678144462205,0.0,optimal,-0.4999998504366242,59.954793254085644,0.2317932330336947,6,vel_lower,-2.2918877062849674e-07,2,u_lower,0,10,2.904033068322636e-18,2.384211188899704e-16,1.1102230246251565e-16,2.220446049250313e-16,True,2.384211188899704e-16,mid,mid
46,random_2,-0.42606089900253974,-0.9046944845311856,0.03,optimal,True,-0.5000004664142819,6.159776576586395e-07,54.827373251176994,-5.12742000290865,False,0.0,0.32669481754119545,0.3992759089130752,0.0,False,81.33542085384894,26.50804760267195,2.384211188899704e-16,0.9047527272009162,-0.5007240000930737,-0.061371678144462205,0.0,optimal,-0.4999998504366242,59.954793254085644,0.2317932330336947,6,vel_lower,-2.2918877062849674e-07,2,u_lower,0,10,2.904033068322636e-18,2.384211188899704e-16,1.1102230246251565e-16,2.220446049250313e-16,True,2.384211188899704e-16,mid,mid
46,random_3,0.8847938231067735,0.46598271490700144,0.005,optimal,True,-0.5000000624798875,2.1204326328128076e-07,63.28204638899909,3.327253134913448,False,0.0,0.2112423153871601,0.19493292146279295,0.0,False,60.612739127160076,-2.669307261839016,2.384211188899704e-16,0.9047527272009162,-0.5007240000930737,-0.061371678144462205,0.0,optimal,-0.4999998504366242,59.954793254085644,0.2317932330336947,6,vel_lower,-2.2918877062849674e-07,2,u_lower,0,10,2.904033068322636e-18,2.384211188899704e-16,1.1102230246251565e-16,2.220446049250313e-16,True,2.384211188899704e-16,mid,mid
46,random_3,0.8847938231067735,0.46598271490700144,0.015,optimal,True,-0.5000000672355025,2.1679887829417765e-07,71.49575821220388,11.540964958118238,False,0.0,0.17503162505422565,0.11879506737784673,0.0,False,65.3612642494278,-6.134493962776077,2.384211188899704e-16,0.9047527272009162,-0.5007240000930737,-0.061371678144462205,0.0,optimal,-0.4999998504366242,59.954793254085644,0.2317932330336947,6,vel_lower,-2.2918877062849674e-07,2,u_lower,0,10,2.904033068322636e-18,2.384211188899704e-16,1.1102230246251565e-16,2.220446049250313e-16,True,2.384211188899704e-16,mid,mid
46,random_3,0.8847938231067735,0.46598271490700144,0.03,optimal,True,-0.4999996991912225,1.512454017027487e-07,89.17465074748907,29.219857493403424,False,0.0,0.12468106413818503,-0.03172341052993821,0.03172341052993821,True,77.39654086465036,-11.778109882838706,2.384211188899704e-16,0.9047527272009162,-0.5007240000930737,-0.061371678144462205,0.0,optimal,-0.4999998504366242,59.954793254085644,0.2317932330336947,6,vel_lower,-2.2918877062849674e-07,2,u_lower,0,10,2.904033068322636e-18,2.384211188899704e-16,1.1102230246251565e-16,2.220446049250313e-16,True,2.384211188899704e-16,mid,mid
47,pos_plus,1.0,0.0,0.005,optimal,True,-0.39684344412818906,0.16750074074430432,6.244866105683669,-0.23587890454326033,False,0.0,0.5142925982920912,0.5142925984428395,0.0,False,6.9960531812464675,0.7511870755627985,2.220446049250313e-16,-0.0297376180655331,0.5253917459699794,0.3299490409299466,0.0,optimal,-0.22934270338388474,6.480745010226929,0.49754252464537774,1,vel_upper,0.02622775469676042,4,u_lower,0,0,4.462123862135024e-18,1.895412133557954e-17,2.220446049250313e-16,1.2758199422573552e-17,False,2.220446049250313e-16,far,far
47,pos_plus,1.0,0.0,0.015,optimal,True,-0.49999994523443697,0.27065724185055223,7.060584978673055,0.5798399684461257,False,0.0,0.5246082474462632,0.5246082485534643,0.0,False,8.863792241158968,1.8032072624859135,2.220446049250313e-16,-0.0297376180655331,0.5253917459699794,0.3299490409299466,0.0,optimal,-0.22934270338388474,6.480745010226929,0.49754252464537774,1,vel_upper,0.02622775469676042,4,u_lower,0,0,4.462123862135024e-18,1.895412133557954e-17,2.220446049250313e-16,1.2758199422573552e-17,False,2.220446049250313e-16,far,far
47,pos_plus,1.0,0.0,0.03,optimal,True,-0.4999977176384408,0.27065501425455607,15.628181401989846,9.147436391762916,False,0.0,0.5246079807745665,0.5246080257938647,0.0,False,10.027341693678826,-5.600839708311019,1.895412133557954e-17,-0.0297376180655331,0.5253917459699794,0.3299490409299466,0.0,optimal,-0.22934270338388474,6.480745010226929,0.49754252464537774,1,vel_upper,0.02622775469676042,4,u_lower,0,0,4.462123862135024e-18,1.895412133557954e-17,2.220446049250313e-16,1.2758199422573552e-17,False,2.220446049250313e-16,far,far
47,pos_minus,-1.0,0.0,0.005,optimal,True,-0.08165295989051255,0.1476897434933722,6.887943796556946,0.4071987863300164,False,0.0,0.48277355085684703,0.48277355001907185,0.0,False,7.00422438642121,0.1162805898642647,1.895412133557954e-17,-0.0297376180655331,0.5253917459699794,0.3299490409299466,0.0,optimal,-0.22934270338388474,6.480745010226929,0.49754252464537774,1,vel_upper,0.02622775469676042,4,u_lower,0,0,4.462123862135024e-18,1.895412133557954e-17,2.220446049250313e-16,1.2758199422573552e-17,False,2.220446049250313e-16,far,far
47,pos_minus,-1.0,0.0,0.015,optimal,True,0.21373956534104863,0.4430822687249334,8.210961919328131,1.7302169091012018,False,0.0,0.4514127368280839,0.4514127367874642,0.0,False,11.19206341055376,2.9811014912256297,1.895412133557954e-17,-0.0297376180655331,0.5253917459699794,0.3299490409299466,0.0,optimal,-0.22934270338388474,6.480745010226929,0.49754252464537774,1,vel_upper,0.02622775469676042,4,u_lower,0,0,4.462123862135024e-18,1.895412133557954e-17,2.220446049250313e-16,1.2758199422573552e-17,False,2.220446049250313e-16,far,far
47,pos_minus,-1.0,0.0,0.03,optimal,True,0.5000000043375497,0.7293427077214344,11.486126219829064,5.005381209602135,False,0.0,0.36428213238114826,0.36428213240049667,0.0,False,25.129409650798905,13.643283430969841,1.895412133557954e-17,-0.0297376180655331,0.5253917459699794,0.3299490409299466,0.0,optimal,-0.22934270338388474,6.480745010226929,0.49754252464537774,1,vel_upper,0.02622775469676042,4,u_lower,0,0,4.462123862135024e-18,1.895412133557954e-17,2.220446049250313e-16,1.2758199422573552e-17,False,2.220446049250313e-16,far,far
47,vel_plus,0.0,1.0,0.005,optimal,True,-0.28571425847120596,0.05637155508732122,6.759530936337747,0.27878592611081743,False,0.0,0.4981796801766918,0.5031796798771412,0.0,False,6.8155010750549225,0.05597013871717582,1.895412133557954e-17,-0.0297376180655331,0.5253917459699794,0.3299490409299466,0.0,optimal,-0.22934270338388474,6.480745010226929,0.49754252464537774,1,vel_upper,0.02622775469676042,4,u_lower,0,0,4.462123862135024e-18,1.895412133557954e-17,2.220446049250313e-16,1.2758199422573552e-17,False,2.220446049250313e-16,far,far
47,vel_plus,0.0,1.0,0.015,optimal,True,-0.4999998608530552,0.27065715746917046,7.504944242890961,1.0241992326640315,False,0.0,0.5096082378816433,0.5246082401153261,0.0,False,9.057424866912868,1.5524806240219071,1.895412133557954e-17,-0.0297376180655331,0.5253917459699794,0.3299490409299466,0.0,optimal,-0.22934270338388474,6.480745010226929,0.49754252464537774,1,vel_upper,0.02622775469676042,4,u_lower,0,0,4.462123862135024e-18,1.895412133557954e-17,2.220446049250313e-16,1.2758199422573552e-17,False,2.220446049250313e-16,far,far
47,vel_plus,0.0,1.0,0.03,optimal,True,-0.4999991165562119,0.27065641317232714,11.615353024472507,5.134608014245577,False,0.0,0.4946081480726804,0.5246081656856418,0.0,False,10.38379045111785,-1.2315625733546565,1.895412133557954e-17,-0.0297376180655331,0.5253917459699794,0.3299490409299466,0.0,optimal,-0.22934270338388474,6.480745010226929,0.49754252464537774,1,vel_upper,0.02622775469676042,4,u_lower,0,0,4.462123862135024e-18,1.895412133557954e-17,2.220446049250313e-16,1.2758199422573552e-17,False,2.220446049250313e-16,far,far
47,vel_minus,0.0,-1.0,0.005,optimal,True,-0.18076159272207742,0.048581110661807314,6.236061861257664,-0.24468314896926557,False,0.0,0.49768441372620476,0.49268441330222834,0.0,False,6.81830358478653,0.5822417235288659,1.895412133557954e-17,-0.0297376180655331,0.5253917459699794,0.3299490409299466,0.0,optimal,-0.22934270338388474,6.480745010226929,0.49754252464537774,1,vel_upper,0.02622775469676042,4,u_lower,0,0,4.462123862135024e-18,1.895412133557954e-17,2.220446049250313e-16,1.2758199422573552e-17,False,2.220446049250313e-16,far,far
47,vel_minus,0.0,-1.0,0.015,optimal,True,-0.08360181998212698,0.14574088340175775,5.847322059107125,-0.6334229511198046,False,0.0,0.4979684360287442,0.48296843602823325,0.0,False,9.518774987154234,3.6714529280471098,1.895412133557954e-17,-0.0297376180655331,0.5253917459699794,0.3299490409299466,0.0,optimal,-0.22934270338388474,6.480745010226929,0.49754252464537774,1,vel_upper,0.02622775469676042,4,u_lower,0,0,4.462123862135024e-18,1.895412133557954e-17,2.220446049250313e-16,1.2758199422573552e-17,False,2.220446049250313e-16,far,far
47,vel_minus,0.0,-1.0,0.03,optimal,True,0.06212660090378986,0.2914693042876746,5.515779011702389,-0.9649659985245407,False,0.0,0.49839559394039235,0.4683955939396416,0.0,False,18.632865184804057,13.117086173101669,1.895412133557954e-17,-0.0297376180655331,0.5253917459699794,0.3299490409299466,0.0,optimal,-0.22934270338388474,6.480745010226929,0.49754252464537774,1,vel_upper,0.02622775469676042,4,u_lower,0,0,4.462123862135024e-18,1.895412133557954e-17,2.220446049250313e-16,1.2758199422573552e-17,False,2.220446049250313e-16,far,far
47,random_0,0.9909289106818766,-0.13438710494251077,0.005,optimal,True,-0.3822199615477958,0.15287725816391107,6.20899238710064,-0.27175262312628945,False,0.0,0.5135021857658382,0.5128302501848002,0.0,False,6.888836890393524,0.6798445032928839,1.895412133557954e-17,-0.0297376180655331,0.5253917459699794,0.3299490409299466,0.0,optimal,-0.22934270338388474,6.480745010226929,0.49754252464537774,1,vel_upper,0.02622775469676042,4,u_lower,0,0,4.462123862135024e-18,1.895412133557954e-17,2.220446049250313e-16,1.2758199422573552e-17,False,2.220446049250313e-16,far,far
47,random_0,0.9909289106818766,-0.13438710494251077,0.015,optimal,True,-0.4999998109862293,0.27065710760234457,6.687539998964757,0.20679498873782798,False,0.0,0.5266240381327387,0.5246082351286435,0.0,False,8.526369107732332,1.838829108767575,1.895412133557954e-17,-0.0297376180655331,0.5253917459699794,0.3299490409299466,0.0,optimal,-0.22934270338388474,6.480745010226929,0.49754252464537774,1,vel_upper,0.02622775469676042,4,u_lower,0,0,4.462123862135024e-18,1.895412133557954e-17,2.220446049250313e-16,1.2758199422573552e-17,False,2.220446049250313e-16,far,far
47,random_0,0.9909289106818766,-0.13438710494251077,0.03,optimal,True,-0.49999854960267553,0.2706558462187908,13.1619501124494,6.681205102222471,False,0.0,0.5286396935432469,0.5246081089902881,0.0,False,9.769735004078044,-3.3922151083713565,1.895412133557954e-17,-0.0297376180655331,0.5253917459699794,0.3299490409299466,0.0,optimal,-0.22934270338388474,6.480745010226929,0.49754252464537774,1,vel_upper,0.02622775469676042,4,u_lower,0,0,4.462123862135024e-18,1.895412133557954e-17,2.220446049250313e-16,1.2758199422573552e-17,False,2.220446049250313e-16,far,far
47,random_1,0.9085874070339034,-0.41769477346431794,0.005,optimal,True,-0.3448721782395201,0.11552947485563536,6.146981797485603,-0.33376321274132614,False,0.0,0.5111839464013748,0.5090954718539726,0.0,False,6.666190014469567,0.519208216983964,1.895412133557954e-17,-0.0297376180655331,0.5253917459699794,0.3299490409299466,0.0,optimal,-0.22934270338388474,6.480745010226929,0.49754252464537774,1,vel_upper,0.02622775469676042,4,u_lower,0,0,4.462123862135024e-18,1.895412133557954e-17,2.220446049250313e-16,1.2758199422573552e-17,False,2.220446049250313e-16,far,far
47,random_1,0.9085874070339034,-0.41769477346431794,0.015,optimal,True,-0.4999999378446636,0.2706572344607789,6.019130616565957,-0.46161439366097223,False,0.0,0.5308736683182351,0.5246082478144869,0.0,False,7.605733981146734,1.5866033645807773,1.895412133557954e-17,-0.0297376180655331,0.5253917459699794,0.3299490409299466,0.0,optimal,-0.22934270338388474,6.480745010226929,0.49754252464537774,1,vel_upper,0.02622775469676042,4,u_lower,0,0,4.462123862135024e-18,1.895412133557954e-17,2.220446049250313e-16,1.2758199422573552e-17,False,2.220446049250313e-16,far,far
47,random_1,0.9085874070339034,-0.41769477346431794,0.03,optimal,True,-0.5000000309875354,0.2706573276036507,8.544333563719029,2.0635885534920995,False,0.0,0.5371391005119311,0.5246082571287741,0.0,False,8.709176672237573,0.16484310851854467,1.895412133557954e-17,-0.0297376180655331,0.5253917459699794,0.3299490409299466,0.0,optimal,-0.22934270338388474,6.480745010226929,0.49754252464537774,1,vel_upper,0.02622775469676042,4,u_lower,0,0,4.462123862135024e-18,1.895412133557954e-17,2.220446049250313e-16,1.2758199422573552e-17,False,2.220446049250313e-16,far,far
47,random_2,-0.42606089900253974,-0.9046944845311856,0.005,optimal,True,-0.12246740440225588,0.10687529898162886,6.415314486544318,-0.06543052368261115,False,0.0,0.4913784672042224,0.48685499447024616,0.0,False,7.16196811370649,0.7466536271621722,1.895412133557954e-17,-0.0297376180655331,0.5253917459699794,0.3299490409299466,0.0,optimal,-0.22934270338388474,6.480745010226929,0.49754252464537774,1,vel_upper,0.02622775469676042,4,u_lower,0,0,4.462123862135024e-18,1.895412133557954e-17,2.220446049250313e-16,1.2758199422573552e-17,False,2.220446049250313e-16,far,far
47,random_2,-0.42606089900253974,-0.9046944845311856,0.015,optimal,True,0.09128417143958464,0.3206268748234694,6.486842599741492,0.006097589514562962,False,0.0,0.4790502541689139,0.4654798368860621,0.0,False,12.611754286949841,6.124911687208349,1.895412133557954e-17,-0.0297376180655331,0.5253917459699794,0.3299490409299466,0.0,optimal,-0.22934270338388474,6.480745010226929,0.49754252464537774,1,vel_upper,0.02622775469676042,4,u_lower,0,0,4.462123862135024e-18,1.895412133557954e-17,2.220446049250313e-16,1.2758199422573552e-17,False,2.220446049250313e-16,far,far
47,random_2,-0.42606089900253974,-0.9046944845311856,0.03,optimal,True,0.4118967899209716,0.6412394933048564,7.100107877141948,0.6193628669150186,False,0.0,0.4605594096407697,0.4021588217469402,0.0,False,31.004782310047435,23.904674432905487,1.895412133557954e-17,-0.0297376180655331,0.5253917459699794,0.3299490409299466,0.0,optimal,-0.22934270338388474,6.480745010226929,0.49754252464537774,1,vel_upper,0.02622775469676042,4,u_lower,0,0,4.462123862135024e-18,1.895412133557954e-17,2.220446049250313e-16,1.2758199422573552e-17,False,2.220446049250313e-16,far,far
47,random_3,0.8847938231067735,0.46598271490700144,0.005,optimal,True,-0.4181219106533056,0.18877920726942088,6.397050712769322,-0.08369429745760737,False,0.0,0.5140905317630173,0.5164204450953511,0.0,False,7.27834797126133,0.8812972584920082,1.895412133557954e-17,-0.0297376180655331,0.5253917459699794,0.3299490409299466,0.0,optimal,-0.22934270338388474,6.480745010226929,0.49754252464537774,1,vel_upper,0.02622775469676042,4,u_lower,0,0,4.462123862135024e-18,1.895412133557954e-17,2.220446049250313e-16,1.2758199422573552e-17,False,2.220446049250313e-16,far,far
47,random_3,0.8847938231067735,0.46598271490700144,0.015,optimal,True,-0.4999998440751607,0.27065714069127594,8.184165002899848,1.7034199926729183,False,0.0,0.5176184948465272,0.5246082384375367,0.0,False,9.57710549987789,1.3929404969780421,1.895412133557954e-17,-0.0297376180655331,0.5253917459699794,0.3299490409299466,0.0,optimal,-0.22934270338388474,6.480745010226929,0.49754252464537774,1,vel_upper,0.02622775469676042,4,u_lower,0,0,4.462123862135024e-18,1.895412133557954e-17,2.220446049250313e-16,1.2758199422573552e-17,False,2.220446049250313e-16,far,far
47,random_3,0.8847938231067735,0.46598271490700144,0.03,optimal,True,-0.5000010326746811,0.27065832929079636,22.368006101299336,15.887261091072407,False,0.0,0.5106288965913616,0.5246083572974887,0.0,False,10.381132902302866,-11.98687319899647,1.895412133557954e-17,-0.0297376180655331,0.5253917459699794,0.3299490409299466,0.0,optimal,-0.22934270338388474,6.480745010226929,0.49754252464537774,1,vel_upper,0.02622775469676042,4,u_lower,0,0,4.462123862135024e-18,1.895412133557954e-17,2.220446049250313e-16,1.2758199422573552e-17,False,2.220446049250313e-16,far,far
48,pos_plus,1.0,0.0,0.005,optimal,True,-0.5000000144834732,1.7117621686768558e-07,35.270797664927954,2.846258051634763,False,0.0,0.4074167200684258,0.40741672058603207,0.0,False,32.82534716199774,-2.445450502930214,1.895412133557954e-17,-0.08483391661774786,-0.2796292042897277,-0.7747826122242598,0.0,optimal,-0.49999984330725633,32.42453961329319,0.44556462420235776,6,vel_lower,1.4245081336738963e-08,2,u_lower,0,5,7.933300442036978e-19,1.895412133557954e-17,1.916975849151752e-18,1.2758199422573552e-17,True,1.895412133557954e-17,far,mid
48,pos_plus,1.0,0.0,0.015,optimal,True,-0.5000000606410058,2.173337494415506e-07,42.34548725294883,9.920947639655637,False,0.0,0.3323064110605254,0.33230641449720444,0.0,False,35.62516548719681,-6.7203217657520185,1.895412133557954e-17,-0.08483391661774786,-0.2796292042897277,-0.7747826122242598,0.0,optimal,-0.49999984330725633,32.42453961329319,0.44556462420235776,6,vel_lower,1.4245081336738963e-08,2,u_lower,0,5,7.933300442036978e-19,1.895412133557954e-17,1.916975849151752e-18,1.2758199422573552e-17,True,1.895412133557954e-17,far,mid
48,pos_plus,1.0,0.0,0.03,optimal,True,-0.5000002546509539,4.1134369754836086e-07,57.42503765901372,25.000498045720526,False,0.0,0.20451387571888224,0.20451389379511453,0.0,False,42.670450602570945,-14.754587056442773,1.895412133557954e-17,-0.08483391661774786,-0.2796292042897277,-0.7747826122242598,0.0,optimal,-0.49999984330725633,32.42453961329319,0.44556462420235776,6,vel_lower,1.4245081336738963e-08,2,u_lower,0,5,7.933300442036978e-19,1.895412133557954e-17,1.916975849151752e-18,1.2758199422573552e-17,True,1.895412133557954e-17,far,mid
48,pos_minus,-1.0,0.0,0.005,optimal,True,-0.49999984164083144,1.6664248869702192e-09,29.97539818628779,-2.449141427005401,False,0.0,0.4783588990642109,0.47835889491939576,0.0,False,32.856198937648514,2.8808007513607237,1.895412133557954e-17,-0.08483391661774786,-0.2796292042897277,-0.7747826122242598,0.0,optimal,-0.49999984330725633,32.42453961329319,0.44556462420235776,6,vel_lower,1.4245081336738963e-08,2,u_lower,0,5,7.933300442036978e-19,1.895412133557954e-17,1.916975849151752e-18,1.2758199422573552e-17,True,1.895412133557954e-17,far,mid
48,pos_minus,-1.0,0.0,0.015,optimal,True,-0.5000000025642737,1.5925701735142184e-07,26.08998515203867,-6.334554461254523,False,0.0,0.5415127175747447,0.5415127177976372,0.0,False,36.4869098115106,10.396924659471932,1.895412133557954e-17,-0.08483391661774786,-0.2796292042897277,-0.7747826122242598,0.0,optimal,-0.49999984330725633,32.42453961329319,0.44556462420235776,6,vel_lower,1.4245081336738963e-08,2,u_lower,0,5,7.933300442036978e-19,1.895412133557954e-17,1.916975849151752e-18,1.2758199422573552e-17,True,1.895412133557954e-17,far,mid
48,pos_minus,-1.0,0.0,0.03,optimal,True,-0.49999997059830914,1.2729105280939734e-07,22.346547206369163,-10.077992406924029,False,0.0,0.6155800477036234,0.6155800468594802,0.0,False,49.57219804269481,27.225650836325645,1.895412133557954e-17,-0.08483391661774786,-0.2796292042897277,-0.7747826122242598,0.0,optimal,-0.49999984330725633,32.42453961329319,0.44556462420235776,6,vel_lower,1.4245081336738963e-08,2,u_lower,0,5,7.933300442036978e-19,1.895412133557954e-17,1.916975849151752e-18,1.2758199422573552e-17,True,1.895412133557954e-17,far,mid
48,vel_plus,0.0,1.0,0.005,optimal,True,-0.5000000528520363,2.0954477997214838e-07,32.64041630474323,0.21587669145004185,False,0.0,0.4562823323547123,0.4212823326919256,0.0,False,32.734940150810345,0.09452384606711206,1.895412133557954e-17,-0.08483391661774786,-0.2796292042897277,-0.7747826122242598,0.0,optimal,-0.49999984330725633,32.42453961329319,0.44556462420235776,6,vel_lower,1.4245081336738963e-08,2,u_lower,0,5,7.933300442036978e-19,1.895412133557954e-17,1.916975849151752e-18,1.2758199422573552e-17,True,1.895412133557954e-17,far,mid
48,vel_plus,0.0,1.0,0.015,optimal,True,-0.4999999453553382,1.0204808187364023e-07,33.352965407362426,0.9284257940692342,False,0.0,0.48630570954335073,0.3663057072585353,0.0,False,35.14095223139229,1.7879868240298649,1.895412133557954e-17,-0.08483391661774786,-0.2796292042897277,-0.7747826122242598,0.0,optimal,-0.49999984330725633,32.42453961329319,0.44556462420235776,6,vel_lower,1.4245081336738963e-08,2,u_lower,0,5,7.933300442036978e-19,1.895412133557954e-17,1.916975849151752e-18,1.2758199422573552e-17,True,1.895412133557954e-17,far,mid
48,vel_plus,0.0,1.0,0.03,optimal,True,-0.49999986447935085,2.1172094522015072e-08,35.396269419339106,2.9717298060459143,False,0.0,0.5460394143758482,0.24173826850886015,0.0,False,42.47322513112467,7.0769557117855655,1.895412133557954e-17,-0.08483391661774786,-0.2796292042897277,-0.7747826122242598,0.0,optimal,-0.49999984330725633,32.42453961329319,0.44556462420235776,6,vel_lower,1.4245081336738963e-08,2,u_lower,0,5,7.933300442036978e-19,1.895412133557954e-17,1.916975849151752e-18,1.2758199422573552e-17,True,1.895412133557954e-17,far,mid
48,vel_minus,0.0,-1.0,0.005,optimal,True,-0.4999999603986277,1.1709137137660974e-07,32.293729007999296,-0.13081060529389532,False,0.0,0.4332649472929009,0.46326494475429836,0.0,False,32.74291325135714,0.44918424335784124,1.895412133557954e-17,-0.08483391661774786,-0.2796292042897277,-0.7747826122242598,0.0,optimal,-0.49999984330725633,32.42453961329319,0.44556462420235776,6,vel_lower,1.4245081336738963e-08,2,u_lower,0,5,7.933300442036978e-19,1.895412133557954e-17,1.916975849151752e-18,1.2758199422573552e-17,True,1.895412133557954e-17,far,mid
48,vel_minus,0.0,-1.0,0.015,optimal,True,-0.5000000312929709,1.8798571455036495e-07,32.249953228370686,-0.174586384922506,False,0.0,0.4223913597401605,0.5011886051824687,0.0,False,35.256459578959166,3.006506350588481,1.895412133557954e-17,-0.08483391661774786,-0.2796292042897277,-0.7747826122242598,0.0,optimal,-0.49999984330725633,32.42453961329319,0.44556462420235776,6,vel_lower,1.4245081336738963e-08,2,u_lower,0,5,7.933300442036978e-19,1.895412133557954e-17,1.916975849151752e-18,1.2758199422573552e-17,True,1.895412133557954e-17,far,mid
48,vel_minus,0.0,-1.0,0.03,optimal,True,-0.5000000021513111,1.5884405479837937e-07,32.838390261842335,0.41385064854914333,False,0.0,0.4322783115653036,0.557672248586474,0.0,False,43.535057775750595,10.69666751390826,1.895412133557954e-17,-0.08483391661774786,-0.2796292042897277,-0.7747826122242598,0.0,optimal,-0.49999984330725633,32.42453961329319,0.44556462420235776,6,vel_lower,1.4245081336738963e-08,2,u_lower,0,5,7.933300442036978e-19,1.895412133557954e-17,1.916975849151752e-18,1.2758199422573552e-17,True,1.895412133557954e-17,far,mid
48,random_0,0.9909289106818766,-0.13438710494251077,0.005,optimal,True,-0.4999999609193092,1.1761205287452725e-07,35.204053658852,2.7795140455588054,False,0.0,0.4064992804879979,0.41120282830497656,0.0,False,32.731795858998545,-2.472257799853452,1.895412133557954e-17,-0.08483391661774786,-0.2796292042897277,-0.7747826122242598,0.0,optimal,-0.49999984330725633,32.42453961329319,0.44556462420235776,6,vel_lower,1.4245081336738963e-08,2,u_lower,0,5,7.933300442036978e-19,1.895412133557954e-17,1.916975849151752e-18,1.2758199422573552e-17,True,1.895412133557954e-17,far,mid
48,random_0,0.9909289106818766,-0.13438710494251077,0.015,optimal,True,-0.5000000588364292,2.1552917284228812e-07,41.98281884170384,9.558279228410647,False,0.0,0.32867337998072266,0.34587746605234626,0.0,False,34.915397918379945,-7.067420923323894,1.895412133557954e-17,-0.08483391661774786,-0.2796292042897277,-0.7747826122242598,0.0,optimal,-0.49999984330725633,32.42453961329319,0.44556462420235776,6,vel_lower,1.4245081336738963e-08,2,u_lower,0,5,7.933300442036978e-19,1.895412133557954e-17,1.916975849151752e-18,1.2758199422573552e-17,True,1.895412133557954e-17,far,mid
48,random_0,0.9909289106818766,-0.13438710494251077,0.03,optimal,True,-0.5000001897023953,3.4639513901701946e-07,55.91600390191491,23.49146428862172,False,0.0,0.19469218901896657,0.23903994788943805,0.0,False,40.55697042804111,-15.3590334738738,1.895412133557954e-17,-0.08483391661774786,-0.2796292042897277,-0.7747826122242598,0.0,optimal,-0.49999984330725633,32.42453961329319,0.44556462420235776,6,vel_lower,1.4245081336738963e-08,2,u_lower,0,5,7.933300442036978e-19,1.895412133557954e-17,1.916975849151752e-18,1.2758199422573552e-17,True,1.895412133557954e-17,far,mid
48,random_1,0.9085874070339034,-0.41769477346431794,0.005,optimal,True,-0.4999998655402739,2.2233017593631388e-08,34.88150157812361,2.4569619648304197,False,0.0,0.4070532299504701,0.4216725431551609,0.0,False,32.547618725116436,-2.333882853007175,1.895412133557954e-17,-0.08483391661774786,-0.2796292042897277,-0.7747826122242598,0.0,optimal,-0.49999984330725633,32.42453961329319,0.44556462420235776,6,vel_lower,1.4245081336738963e-08,2,u_lower,0,5,7.933300442036978e-19,1.895412133557954e-17,1.916975849151752e-18,1.2758199422573552e-17,True,1.895412133557954e-17,far,mid
48,random_1,0.9085874070339034,-0.41769477346431794,0.015,optimal,True,-0.4999999347229688,9.141571244430935e-08,40.60580902077611,8.181269407482915,False,0.0,0.3273482596138897,0.3774716290907385,0.0,False,33.439287365519796,-7.166521655256311,1.895412133557954e-17,-0.08483391661774786,-0.2796292042897277,-0.7747826122242598,0.0,optimal,-0.49999984330725633,32.42453961329319,0.44556462420235776,6,vel_lower,1.4245081336738963e-08,2,u_lower,0,5,7.933300442036978e-19,1.895412133557954e-17,1.916975849151752e-18,1.2758199422573552e-17,True,1.895412133557954e-17,far,mid
48,random_1,0.9085874070339034,-0.41769477346431794,0.03,optimal,True,-0.500000015973237,1.726659806244868e-07,51.45501697399656,19.030477360703365,False,0.0,0.19471971708358193,0.3085652671077197,0.0,False,35.988563106569885,-15.466453867426672,1.895412133557954e-17,-0.08483391661774786,-0.2796292042897277,-0.7747826122242598,0.0,optimal,-0.49999984330725633,32.42453961329319,0.44556462420235776,6,vel_lower,1.4245081336738963e-08,2,u_lower,0,5,7.933300442036978e-19,1.895412133557954e-17,1.916975849151752e-18,1.2758199422573552e-17,True,1.895412133557954e-17,far,mid
48,random_2,-0.42606089900253974,-0.9046944845311856,0.005,optimal,True,-0.4999998951529939,5.18457375919823e-08,31.252171699872694,-1.1723679134204978,False,0.0,0.4497858203122478,0.4769266536266562,0.0,False,33.0438615194528,1.7916898195801032,1.895412133557954e-17,-0.08483391661774786,-0.2796292042897277,-0.7747826122242598,0.0,optimal,-0.49999984330725633,32.42453961329319,0.44556462420235776,6,vel_lower,1.4245081336738963e-08,2,u_lower,0,5,7.933300442036978e-19,1.895412133557954e-17,1.916975849151752e-18,1.2758199422573552e-17,True,1.895412133557954e-17,far,mid
48,random_2,-0.42606089900253974,-0.9046944845311856,0.015,optimal,True,-0.49999996409993097,1.2079267464049082e-07,29.468030576554476,-2.9565090367387157,False,0.0,0.4699227681800514,0.5374537924302355,0.0,False,38.0602338318195,8.592203255265026,1.895412133557954e-17,-0.08483391661774786,-0.2796292042897277,-0.7747826122242598,0.0,optimal,-0.49999984330725633,32.42453961329319,0.44556462420235776,6,vel_lower,1.4245081336738963e-08,2,u_lower,0,5,7.933300442036978e-19,1.895412133557954e-17,1.916975849151752e-18,1.2758199422573552e-17,True,1.895412133557954e-17,far,mid
48,random_2,-0.42606089900253974,-0.9046944845311856,0.03,optimal,True,-0.5000001477887811,3.044815247710275e-07,28.089704850269182,-4.334834763024009,False,0.0,0.5313663279808896,0.6127888367994216,0.0,False,54.971756256925225,26.882051406656043,1.895412133557954e-17,-0.08483391661774786,-0.2796292042897277,-0.7747826122242598,0.0,optimal,-0.49999984330725633,32.42453961329319,0.44556462420235776,6,vel_lower,1.4245081336738963e-08,2,u_lower,0,5,7.933300442036978e-19,1.895412133557954e-17,1.916975849151752e-18,1.2758199422573552e-17,True,1.895412133557954e-17,far,mid
48,random_3,0.8847938231067735,0.46598271490700144,0.005,optimal,True,-0.4999999955008571,1.521936007775615e-07,35.06325976902721,2.6387201557340205,False,0.0,0.41637731558042546,0.40006791980501344,0.0,False,33.09030234708339,-1.9729574219438248,1.895412133557954e-17,-0.08483391661774786,-0.2796292042897277,-0.7747826122242598,0.0,optimal,-0.49999984330725633,32.42453961329319,0.44556462420235776,6,vel_lower,1.4245081336738963e-08,2,u_lower,0,5,7.933300442036978e-19,1.895412133557954e-17,1.916975849151752e-18,1.2758199422573552e-17,True,1.895412133557954e-17,far,mid
48,random_3,0.8847938231067735,0.46598271490700144,0.015,optimal,True,-0.5000000460417964,2.0273454004460234e-07,41.942635675981016,9.518096062687825,False,0.0,0.36403203294635267,0.30112437031757366,0.0,False,37.71594228937887,-4.226693386602143,1.895412133557954e-17,-0.08483391661774786,-0.2796292042897277,-0.7747826122242598,0.0,optimal,-0.49999984330725633,32.42453961329319,0.44556462420235776,6,vel_lower,1.4245081336738963e-08,2,u_lower,0,5,7.933300442036978e-19,1.895412133557954e-17,1.916975849151752e-18,1.2758199422573552e-17,True,1.895412133557954e-17,far,mid
48,random_3,0.8847938231067735,0.46598271490700144,0.03,optimal,True,-0.4999998433704217,6.316536182993104e-11,58.27706427835918,25.852524665065985,False,0.0,0.30034488326733855,0.11861160651231006,0.0,False,47.6926428847505,-10.584421393608679,1.895412133557954e-17,-0.08483391661774786,-0.2796292042897277,-0.7747826122242598,0.0,optimal,-0.49999984330725633,32.42453961329319,0.44556462420235776,6,vel_lower,1.4245081336738963e-08,2,u_lower,0,5,7.933300442036978e-19,1.895412133557954e-17,1.916975849151752e-18,1.2758199422573552e-17,True,1.895412133557954e-17,far,mid
49,pos_plus,1.0,0.0,0.005,optimal,True,-0.5000003784604617,3.799435550622121e-07,779.3623585695251,32.91418813847565,False,0.0,0.08497957649158416,0.08497960497976464,0.0,False,746.4498028571136,-32.91255571241152,6.661338147750939e-16,0.06615168790892101,-0.073306247633944,-2.20058443255048,0.0,optimal,-0.4999999985169067,746.4481704310494,0.08998432572115755,17,vel_lower,-1.3793552966490097e-09,15,u_lower,0,16,7.933300442036978e-19,6.661338147750939e-16,1.916975849151752e-18,4.440892098500626e-16,True,6.661338147750939e-16,mid,near
49,pos_plus,1.0,0.0,0.015,optimal,True,-0.5000014697863935,1.4712694867968779e-06,848.8298895119348,102.38171908088532,False,0.0,0.07668240360646628,0.07668252367692785,0.0,False,746.4602561148257,-102.36963339710906,4.440892098500626e-16,0.06615168790892101,-0.073306247633944,-2.20058443255048,0.0,optimal,-0.4999999985169067,746.4481704310494,0.08998432572115755,17,vel_lower,-1.3793552966490097e-09,15,u_lower,0,16,7.933300442036978e-19,6.661338147750939e-16,1.916975849151752e-18,4.440892098500626e-16,True,6.661338147750939e-16,mid,near
49,pos_plus,1.0,0.0,0.03,optimal,True,-0.5000026702706342,2.671753727478965e-06,962.1463437068685,215.69817327581904,False,0.0,0.07195049469431869,0.07195071412174148,0.0,False,746.4637744901717,-215.68256921669683,4.440892098500626e-16,0.06615168790892101,-0.073306247633944,-2.20058443255048,0.0,optimal,-0.4999999985169067,746.4481704310494,0.08998432572115755,17,vel_lower,-1.3793552966490097e-09,15,u_lower,0,16,7.933300442036978e-19,6.661338147750939e-16,1.916975849151752e-18,4.440892098500626e-16,True,6.661338147750939e-16,mid,near
49,pos_minus,-1.0,0.0,0.005,optimal,True,-0.4999969033217505,3.0951951561775104e-06,714.7478704114669,-31.700300019582528,False,0.0,0.09498494529692592,0.09498470675755888,0.0,False,746.4506711586912,31.702800747224273,1.965282060798842e-16,0.06615168790892101,-0.073306247633944,-2.20058443255048,0.0,optimal,-0.4999999985169067,746.4481704310494,0.08998432572115755,17,vel_lower,-1.3793552966490097e-09,15,u_lower,0,16,7.933300442036978e-19,6.661338147750939e-16,1.916975849151752e-18,4.440892098500626e-16,True,6.661338147750939e-16,mid,near
49,pos_minus,-1.0,0.0,0.015,optimal,True,-0.4999992431665449,7.553503617585555e-07,654.9836854943475,-91.46448493670198,False,0.0,0.10499832533597997,0.10499826836750425,0.0,False,746.4639104181579,91.4802249238104,1.965282060798842e-16,0.06615168790892101,-0.073306247633944,-2.20058443255048,0.0,optimal,-0.4999999985169067,746.4481704310494,0.08998432572115755,17,vel_lower,-1.3793552966490097e-09,15,u_lower,0,16,7.933300442036978e-19,6.661338147750939e-16,1.916975849151752e-18,4.440892098500626e-16,True,6.661338147750939e-16,mid,near
49,pos_minus,-1.0,0.0,0.03,optimal,True,-0.5000005349288514,5.364119447515137e-07,574.4342284893903,-172.01394194165914,False,0.0,0.12532368754509327,0.12532374652688294,0.0,False,746.5472630472544,172.11303455786413,1.965282060798842e-16,0.06615168790892101,-0.073306247633944,-2.20058443255048,0.0,optimal,-0.4999999985169067,746.4481704310494,0.08998432572115755,17,vel_lower,-1.3793552966490097e-09,15,u_lower,0,16,7.933300442036978e-19,6.661338147750939e-16,1.916975849151752e-18,4.440892098500626e-16,True,6.661338147750939e-16,mid,near
49,vel_plus,0.0,1.0,0.005,optimal,True,-0.5000025563264949,2.55780958824392e-06,763.4415916092281,16.993421178178664,False,0.0,0.1664436846938524,0.0814438715775182,0.0,False,746.4533062833002,-16.988285325927905,2.7755575615628914e-16,0.06615168790892101,-0.073306247633944,-2.20058443255048,0.0,optimal,-0.4999999985169067,746.4481704310494,0.08998432572115755,17,vel_lower,-1.3793552966490097e-09,15,u_lower,0,16,7.933300442036978e-19,6.661338147750939e-16,1.916975849151752e-18,4.440892098500626e-16,True,6.661338147750939e-16,mid,near
49,vel_plus,0.0,1.0,0.015,optimal,True,-0.5000010952556682,1.096738761474647e-06,799.5315756157574,53.083405184708,False,0.0,0.3316928064902651,0.06792687057173363,0.0,False,746.4694509836029,-53.062124632154564,2.7755575615628914e-16,0.06615168790892101,-0.073306247633944,-2.20058443255048,0.0,optimal,-0.4999999985169067,746.4481704310494,0.08998432572115755,17,vel_lower,-1.3793552966490097e-09,15,u_lower,0,16,7.933300442036978e-19,6.661338147750939e-16,1.916975849151752e-18,4.440892098500626e-16,True,6.661338147750939e-16,mid,near
49,vel_plus,0.0,1.0,0.03,optimal,True,-0.5000016519121031,1.6533951964214921e-06,858.9611177576965,112.51294732664701,False,0.0,0.5866923250280013,0.054438872715675934,0.0,False,746.5004411710377,-112.46067658665879,2.198054281545495e-16,0.06615168790892101,-0.073306247633944,-2.20058443255048,0.0,optimal,-0.4999999985169067,746.4481704310494,0.08998432572115755,17,vel_lower,-1.3793552966490097e-09,15,u_lower,0,16,7.933300442036978e-19,6.661338147750939e-16,1.916975849151752e-18,4.440892098500626e-16,True,6.661338147750939e-16,mid,near
49,vel_minus,0.0,-1.0,0.005,optimal,True,-0.4999979821344106,2.016382496083935e-06,730.1516289043981,-16.296541526651367,False,0.0,0.013527431338171358,0.09852727895363456,0.0,False,746.4544453863793,16.302816481981267,2.220446049250313e-16,0.06615168790892101,-0.073306247633944,-2.20058443255048,0.0,optimal,-0.4999999985169067,746.4481704310494,0.08998432572115755,17,vel_lower,-1.3793552966490097e-09,15,u_lower,0,16,7.933300442036978e-19,6.661338147750939e-16,1.916975849151752e-18,4.440892098500626e-16,True,6.661338147750939e-16,mid,near
49,vel_minus,0.0,-1.0,0.015,optimal,True,-0.49999918515013625,8.133667704357528e-07,700.7683020075987,-45.679868423450785,True,3.0,-2.3254644903270005e-05,0.22497661727845442,0.0,False,748.3932923919506,47.62499038435192,15.273809316269093,0.06615168790892101,-0.073306247633944,-2.20058443255048,0.0,optimal,-0.4999999985169067,746.4481704310494,0.08998432572115755,17,vel_lower,-1.3793552966490097e-09,15,u_lower,0,16,7.933300442036978e-19,6.661338147750939e-16,1.916975849151752e-18,4.440892098500626e-16,True,6.661338147750939e-16,mid,near
49,vel_minus,0.0,-1.0,0.03,optimal,True,-0.499999523046417,4.7547048970253414e-07,666.3280366598804,-80.1201337711691,True,7.0,-2.6018596729571186e-05,0.3599841351159716,0.0,False,760.6596318284146,94.33159516853425,28.69987463147285,0.06615168790892101,-0.073306247633944,-2.20058443255048,0.0,optimal,-0.4999999985169067,746.4481704310494,0.08998432572115755,17,vel_lower,-1.3793552966490097e-09,15,u_lower,0,16,7.933300442036978e-19,6.661338147750939e-16,1.916975849151752e-18,4.440892098500626e-16,True,6.661338147750939e-16,mid,near
49,random_0,0.9909289106818766,-0.13438710494251077,0.005,optimal,True,-0.5000224738528531,2.247533594645912e-05,776.7122284330607,30.26405800201121,False,0.0,0.07476151474794857,0.08618620592779258,0.0,False,746.4434175591264,-30.268810873934285,4.440892098500626e-16,0.06615168790892101,-0.073306247633944,-2.20058443255048,0.0,optimal,-0.4999999985169067,746.4481704310494,0.08998432572115755,17,vel_lower,-1.3793552966490097e-09,15,u_lower,0,16,7.933300442036978e-19,6.661338147750939e-16,1.916975849151752e-18,4.440892098500626e-16,True,6.661338147750939e-16,mid,near
49,random_0,0.9909289106818766,-0.13438710494251077,0.015,optimal,True,-0.5000005257782326,5.272613259332815e-07,840.2274972594987,93.77932682844926,False,0.0,0.044207477161234965,0.07855258705511892,0.0,False,746.4567902260613,-93.77070703343736,2.7755575615628914e-16,0.06615168790892101,-0.073306247633944,-2.20058443255048,0.0,optimal,-0.4999999985169067,746.4481704310494,0.08998432572115755,17,vel_lower,-1.3793552966490097e-09,15,u_lower,0,16,7.933300442036978e-19,6.661338147750939e-16,1.916975849151752e-18,4.440892098500626e-16,True,6.661338147750939e-16,mid,near
49,random_0,0.9909289106818766,-0.13438710494251077,0.03,optimal,True,-0.5000012617054324,1.263188525668646e-06,942.9049517702696,196.45678133922013,False,0.0,0.0030909601750643834,0.07566010581871896,0.0,False,746.4609073090267,-196.44404446124292,4.163336342344337e-16,0.06615168790892101,-0.073306247633944,-2.20058443255048,0.0,optimal,-0.4999999985169067,746.4481704310494,0.08998432572115755,17,vel_lower,-1.3793552966490097e-09,15,u_lower,0,16,7.933300442036978e-19,6.661338147750939e-16,1.916975849151752e-18,4.440892098500626e-16,True,6.661338147750939e-16,mid,near
49,random_1,0.9085874070339034,-0.41769477346431794,0.005,optimal,True,-0.4999978847539511,2.113762955557874e-06,769.1047011095435,22.65653067849405,False,0.0,0.05349946191444921,0.08900335478933907,0.0,False,746.4487727514387,-22.655928358104802,4.163336342344337e-16,0.06615168790892101,-0.073306247633944,-2.20058443255048,0.0,optimal,-0.4999999985169067,746.4481704310494,0.08998432572115755,17,vel_lower,-1.3793552966490097e-09,15,u_lower,0,16,7.933300442036978e-19,6.661338147750939e-16,1.916975849151752e-18,4.440892098500626e-16,True,6.661338147750939e-16,mid,near
49,random_1,0.9085874070339034,-0.41769477346431794,0.015,optimal,True,-0.4999990939660286,9.045508780891609e-07,815.9651295838177,69.51695915276821,True,1.0,-7.292773114286888e-06,0.10650473330574428,0.0,False,746.4658560815808,-69.49927350223686,4.928459296076667,0.06615168790892101,-0.073306247633944,-2.20058443255048,0.0,optimal,-0.4999999985169067,746.4481704310494,0.08998432572115755,17,vel_lower,-1.3793552966490097e-09,15,u_lower,0,16,7.933300442036978e-19,6.661338147750939e-16,1.916975849151752e-18,4.440892098500626e-16,True,6.661338147750939e-16,mid,near
49,random_1,0.9085874070339034,-0.41769477346431794,0.03,optimal,True,-0.4999990310951647,9.674217419930464e-07,891.2973342506953,144.8491638196458,True,4.0,-2.2885218802670693e-05,0.1879396127855082,0.0,False,747.4944287351466,-143.80290551554867,20.799295456838436,0.06615168790892101,-0.073306247633944,-2.20058443255048,0.0,optimal,-0.4999999985169067,746.4481704310494,0.08998432572115755,17,vel_lower,-1.3793552966490097e-09,15,u_lower,0,16,7.933300442036978e-19,6.661338147750939e-16,1.916975849151752e-18,4.440892098500626e-16,True,6.661338147750939e-16,mid,near
49,random_2,-0.42606089900253974,-0.9046944845311856,0.005,optimal,True,-0.4999990711135791,9.274033275774585e-07,718.3315832531075,-28.116587177941938,False,0.0,0.022950004763831466,0.09984896026099521,0.0,False,746.45585274881,28.124269495702492,1.965282060798842e-16,0.06615168790892101,-0.073306247633944,-2.20058443255048,0.0,optimal,-0.4999999985169067,746.4481704310494,0.08998432572115755,17,vel_lower,-1.3793552966490097e-09,15,u_lower,0,16,7.933300442036978e-19,6.661338147750939e-16,1.916975849151752e-18,4.440892098500626e-16,True,6.661338147750939e-16,mid,near
49,random_2,-0.42606089900253974,-0.9046944845311856,0.015,optimal,True,-0.49999854033728186,1.4581796248247514e-06,666.9641082458387,-79.48406218521075,True,3.0,-3.136294767491776e-05,0.2035246714908917,0.0,False,747.8550094966733,80.89090125083464,12.263421273336416,0.06615168790892101,-0.073306247633944,-2.20058443255048,0.0,optimal,-0.4999999985169067,746.4481704310494,0.08998432572115755,17,vel_lower,-1.3793552966490097e-09,15,u_lower,0,16,7.933300442036978e-19,6.661338147750939e-16,1.916975849151752e-18,4.440892098500626e-16,True,6.661338147750939e-16,mid,near
49,random_2,-0.42606089900253974,-0.9046944845311856,0.03,optimal,True,-0.4999991981203744,8.003965322744833e-07,602.6362591753135,-143.81191125573594,True,6.0,-2.6828850134830162e-05,0.3266947163258931,0.0,False,757.2831906329099,154.64693145759634,24.09509876700573,0.06615168790892101,-0.073306247633944,-2.20058443255048,0.0,optimal,-0.4999999985169067,746.4481704310494,0.08998432572115755,17,vel_lower,-1.3793552966490097e-09,15,u_lower,0,16,7.933300442036978e-19,6.661338147750939e-16,1.916975849151752e-18,4.440892098500626e-16,True,6.661338147750939e-16,mid,near
49,random_3,0.8847938231067735,0.46598271490700144,0.005,optimal,True,-0.5000117420024672,1.174348556054472e-05,783.6707964364889,37.22262600543945,False,0.0,0.12119189390932228,0.08158428879533919,0.0,False,746.4503327037078,-37.22046373278113,4.440892098500626e-16,0.06615168790892101,-0.073306247633944,-2.20058443255048,0.0,optimal,-0.4999999985169067,746.4481704310494,0.08998432572115755,17,vel_lower,-1.3793552966490097e-09,15,u_lower,0,16,7.933300442036978e-19,6.661338147750939e-16,1.916975849151752e-18,4.440892098500626e-16,True,6.661338147750939e-16,mid,near
49,random_3,0.8847938231067735,0.46598271490700144,0.015,optimal,True,-0.500001849289343,1.8507724363070466e-06,863.4429346450099,116.99476421396048,False,0.0,0.19551774479734285,0.07094236400384679,0.0,False,746.4651343263489,-116.97780031866102,4.440892098500626e-16,0.06615168790892101,-0.073306247633944,-2.20058443255048,0.0,optimal,-0.4999999985169067,746.4481704310494,0.08998432572115755,17,vel_lower,-1.3793552966490097e-09,15,u_lower,0,16,7.933300442036978e-19,6.661338147750939e-16,1.916975849151752e-18,4.440892098500626e-16,True,6.661338147750939e-16,mid,near
49,random_3,0.8847938231067735,0.46598271490700144,0.03,optimal,True,-0.5000027910972111,2.792580304444847e-06,996.4260895169973,249.97791908594786,False,0.0,0.31210026381574263,0.06046982747634577,0.0,False,746.483658842027,-249.9424306749703,4.440892098500626e-16,0.06615168790892101,-0.073306247633944,-2.20058443255048,0.0,optimal,-0.4999999985169067,746.4481704310494,0.08998432572115755,17,vel_lower,-1.3793552966490097e-09,15,u_lower,0,16,7.933300442036978e-19,6.661338147750939e-16,1.916975849151752e-18,4.440892098500626e-16,True,6.661338147750939e-16,mid,near
