scenario_id,init_pos,init_vel,ref_pos,ref_vel,oracle_status,oracle_u0,oracle_objective,oracle_min_state_margin,oracle_min_state_margin_step,oracle_min_state_margin_kind,oracle_min_input_margin,oracle_min_input_margin_step,oracle_min_input_margin_kind,oracle_n_active_state,oracle_n_active_input,oracle_x_traj,oracle_u_traj,oracle_state_active,oracle_input_active,oracle_pos_upper_dual_norm_max,oracle_pos_lower_dual_norm_max,oracle_vel_upper_dual_norm_max,oracle_vel_lower_dual_norm_max,oracle_u0_saturated,oracle_max_state_dual_norm,group_fixed,group_quantile
0,0.8766593553790827,-0.0733458722975372,1.6495504315923593,0.0,optimal,0.5000000000018908,74.5826144847008,0.4298068728041311,14,vel_upper,-1.890820833239104e-12,0,u_upper,0,12,"[[0.8766593553951212, -0.07334587227782594], [0.8718247681833221, -0.023345872259530845], [0.871990180973215, 0.026654127757149332], [0.8771555937645598, 0.0766541277722296], [0.8873210065571117, 0.1266541277857342], [0.9024864193506239, 0.17665412779769696], [0.922651832144849, 0.22665412780816183], [0.9478172449395414, 0.27665412781718296], [0.9779826577344592, 0.32665412782482495], [1.013148070529366, 0.37665412783116303], [1.053313483324033, 0.42665412783628265], [1.098478896118241, 0.47665412784027983], [1.1486443089117826, 0.5266541278432627], [1.2029790611745477, 0.5600409172470276], [1.2594907634037535, 0.5701931271958689], [1.31621463116986, 0.5642842280094684], [1.3718950269013617, 0.5493236865281917], [1.4259159046057779, 0.5310938674917264], [1.4781639314186115, 0.5138666687197857]]","[0.5000000000018908, 0.5000000000017303, 0.5000000000015707, 0.5000000000014132, 0.5000000000012585, 0.5000000000011079, 0.500000000000962, 0.5000000000008221, 0.5000000000006891, 0.5000000000005642, 0.5000000000004482, 0.5000000000003643, 0.33386789401709677, 0.10152209947511312, -0.05908899187162871, -0.14960541481617082, -0.18229819036516437, -0.17227198771824387]","[[false, false, false, false], [false, false, false, false], [false, false, false, false], [false, false, false, false], [false, false, false, false], [false, false, false, false], [false, false, false, false], [false, false, false, false], [false, false, false, false], [false, false, false, false], [false, false, false, false], [false, false, false, false], [false, false, false, false], [false, false, false, false], [false, false, false, false], [false, false, false, false], [false, false, false, false], [false, false, false, false]]","[[true, false], [true, false], [true, false], [true, false], [true, false], [true, false], [true, false], [true, false], [true, false], [true, false], [true, false], [true, false], [false, false], [false, false], [false, false], [false, false], [false, false], [false, false]]",0.0,0.0,0.0,0.0,True,0.0,far,mid
1,0.6315776929899646,-0.48698718253482054,2.1878628175290773,0.0,optimal,0.5000181656827776,591.2617522134783,0.5630149874882149,1,vel_lower,-1.8165682777571135e-05,0,u_upper,0,17,"[[0.6315778167648881, -0.4869869996167937], [0.5853793313267808, -0.4369850125117852], [0.5441810379416293, -0.3869831665008512], [0.5079829222193593, -0.33698146186051425], [0.47678496962896405, -0.28697989883528097], [0.4505871655378374, -0.2369784770879806], [0.4293894952842357, -0.1869771955904634], [0.4131919442602322, -0.1369760525237701], [0.4019944980040983, -0.08697504518925954], [0.39579714230110685, -0.03697416993064356], [0.3945998632912743, 0.0130265779331539], [0.3984026475832706, 0.06302720416448748], [0.40720548237317533, 0.11302771565309772], [0.4210083555669612, 0.16302812045219495], [0.4398112559057422, 0.2130284278049516], [0.46361417309273334, 0.26302864816200944], [0.4924170979202052, 0.31302879317597654], [0.5262200226138892, 0.36302888006843587], [0.5635301821074874, 0.3831737458828839]]","[0.5000181656827776, 0.5000168793804096, 0.500015590812209, 0.5000142998400643, 0.500013011719227, 0.5000117327038482, 0.5000104699620951, 0.5000092314763245, 0.5000080259435693, 0.5000068626768167, 0.5000057515078744, 0.5000047026926233, 0.5000037268194606, 0.5000028347217326, 0.5000020373955816, 0.5000013457771186, 0.5000008144739507, 0.20144864063244972]","[[false, false, false, false], [false, false, false, false], [false, false, false, false], [false, false, false, false], [false, false, false, false], [false, false, false, false], [false, false, false, false], [false, false, false, false], [false, false, false, false], [false, false, false, false], [false, false, false, false], [false, false, false, false], [false, false, false, false], [false, false, false, false], [false, false, false, false], [false, false, false, false], [false, false, false, false], [false, false, false, false]]","[[true, false], [true, false], [true, false], [true, false], [true, false], [true, false], [true, false], [true, false], [true, false], [true, false], [true, false], [true, false], [true, false], [true, false], [true, false], [true, false], [true, false], [false, false]]",4.996003610813204e-16,0.0,2.7755575615628914e-17,0.0,True,4.996003610813204e-16,far,far
2,0.8356470463691297,0.3432771663323445,-1.710677289692489,0.0,optimal,-0.5000026493889845,1323.6272767084392,0.46534726726252007,18,vel_lower,-2.649388984532486e-06,0,u_lower,0,17,"[[0.8356470283170747, 0.3432771396545139], [0.8674747109951747, 0.29327684984353586], [0.8943023656631292, 0.24327658061054583], [0.916129994419685, 0.19327633199587185], [0.9329575993841754, 0.1432761040351666], [0.9447851826906444, 0.09327589667925973], [0.9516127464774634, 0.04327570977819604], [0.9534402928751512, -0.006724456933307396], [0.9502678239928977, -0.056724603848841385], [0.9420953419038276, -0.10672473150165815], [0.9289228486293927, -0.15672484057447042], [0.9107503461226336, -0.20672493190769597], [0.8875778362509711, -0.25672500650617464], [0.8594053207782671, -0.3067250655444329], [0.8262328013465762, -0.3567251103705489], [0.7880602794576475, -0.40672514250870595], [0.7448877564543834, -0.4567251636583874], [0.6967152334706319, -0.5067251763312899], [0.6446463339049217, -0.5346527327374799]]","[-0.5000026493889845, -0.5000024617871602, -0.5000022738548763, -0.5000020855719718, -0.500001897704917, -0.500001711165867, -0.5000015270002597, -0.5000013463722821, -0.5000011705503645, -0.5000010008927611, -0.5000008388334132, -0.500000685868087, -0.5000005435410595, -0.500000413432331, -0.500000297145641, -0.5000001962759746, -0.5000001187876253, -0.2792755615078443]","[[false, false, false, false], [false, false, false, false], [false, false, false, false], [false, false, false, false], [false, false, false, false], [false, false, false, false], [false, false, false, false], [false, false, false, false], [false, false, false, false], [false, false, false, false], [false, false, false, false], [false, false, false, false], [false, false, false, false], [false, false, false, false], [false, false, false, false], [false, false, false, false], [false, false, false, false], [false, false, false, false]]","[[false, true], [false, true], [false, true], [false, true], [false, true], [false, true], [false, true], [false, true], [false, true], [false, true], [false, true], [false, true], [false, true], [false, true], [false, true], [false, true], [false, true], [false, false]]",1.0334545973988063e-16,5.167272986994022e-17,5.477355101626295e-20,1.1102230246251565e-16,True,1.1102230246251565e-16,far,mid
3,-0.15876499873418526,-0.1550423709209025,1.9631189487035678,0.0,optimal,0.4999872314656996,784.7352065557707,0.2971030476614327,18,vel_upper,5.791068382610121e-07,16,u_upper,0,17,"[[-0.15876508460678534, -0.15504249899337363], [-0.17176948416731352, -0.10504389532942873], [-0.1797740187217296, -0.05504519332819579], [-0.18277867823652344, -0.0050463926762768455], [-0.18078345256873468, 0.044952506903568876], [-0.1737883314944335, 0.09495150527578056], [-0.16179330475993406, 0.14495060181558328], [-0.14479836214023167, 0.19494979533916856], [-0.12280349350417827, 0.24494908404153395], [-0.09580868888543034, 0.29494846544194275], [-0.06381393855840017, 0.3449479363369765], [-0.026819233118416257, 0.39494749276116214], [0.015175436434670063, 0.44494712995492364], [0.06217007861025025, 0.49494684233973935], [0.11416470133884399, 0.5449466235001716], [0.17115931188293354, 0.5949464661722084], [0.23315391674771638, 0.644946362244893], [0.30014852147332627, 0.6949463003757856], [0.37004066462543295, 0.7028969523385673]]","[0.4999872314656996, 0.4999881282461291, 0.49998902771186754, 0.499989929825822, 0.4999908308565093, 0.49999172637389944, 0.4999926113091887, 0.4999934800243262, 0.4999943263816576, 0.499995143813158, 0.499995925388782, 0.4999966638828583, 0.49999735183863825, 0.49999798163043596, 0.4999985455213497, 0.49999903579398003, 0.49999942089316174, 0.07950653275559902]","[[false, false, false, false], [false, false, false, false], [false, false, false, false], [false, false, false, false], [false, false, false, false], [false, false, false, false], [false, false, false, false], [false, false, false, false], [false, false, false, false], [false, false, false, false], [false, false, false, false], [false, false, false, false], [false, false, false, false], [false, false, false, false], [false, false, false, false], [false, false, false, false], [false, false, false, false], [false, false, false, false]]","[[true, false], [true, false], [true, false], [true, false], [true, false], [true, false], [true, false], [true, false], [true, false], [true, false], [true, false], [true, false], [true, false], [true, false], [true, false], [true, false], [true, false], [false, false]]",1.2918182467485079e-17,0.0,0.0,3.2609306826188384e-17,True,3.2609306826188384e-17,mid,mid
4,0.46036838425812654,0.38731393592499597,-0.2602946853942769,0.0,optimal,-0.49999944292035825,127.6713778178141,0.5686244102582987,17,vel_lower,-1.2095559120961497e-07,15,u_lower,0,16,"[[0.46036838690777904, 0.38731394108814404], [0.4965997864513898, 0.33731400169421166], [0.5278311918551613, 0.28731405806025456], [0.5540626026654902, 0.2373141096657912], [0.5752940183866888, 0.18731415623305442], [0.5915254385039743, 0.13731419769507153], [0.6027568625064913, 0.08731423422646518], [0.6089882899134182, 0.03731426627106757], [0.6102197203019948, -0.012685705447117883], [0.6064511533354227, -0.06268567993915071], [0.5976825887874821, -0.11268565600063567], [0.5839140265599958, -0.16268563230199448], [0.5651454666887108, -0.2126856075256425], [0.541376909330787, -0.26268558058878644], [0.5126083547002815, -0.3126855514507543], [0.47883980273360593, -0.3626855256939256], [0.4400712514265505, -0.4126855364920773], [0.39786819681409813, -0.43137558974170126], [0.3548664856557755, -0.42865866213180953]]","[-0.49999944292035825, -0.4999994825601363, -0.4999995273249969, -0.4999995748270654, -0.4999996230040066, -0.499999669488071, -0.4999997116335448, -0.4999997466782975, -0.49999977200033513, -0.49999978545499707, -0.4999997857784104, -0.49999977305369087, -0.49999974956703924, -0.4999997256574447, -0.4999997574728931, -0.5000001209555912, -0.1869005437327665, 0.027169267606023735]","[[false, false, false, false], [false, false, false, false], [false, false, false, false], [false, false, false, false], [false, false, false, false], [false, false, false, false], [false, false, false, false], [false, false, false, false], [false, false, false, false], [false, false, false, false], [false, false, false, false], [false, false, false, false], [false, false, false, false], [false, false, false, false], [false, false, false, false], [false, false, false, false], [false, false, false, false], [false, false, false, false]]","[[false, true], [false, true], [false, true], [false, true], [false, true], [false, true], [false, true], [false, true], [false, true], [false, true], [false, true], [false, true], [false, true], [false, true], [false, true], [false, true], [false, false], [false, false]]",1.437705759334358e-18,7.564929237983113e-18,5.126914417876794e-18,1.652813830256217e-17,True,1.652813830256217e-17,far,far
5,-0.872836090288714,0.0655017444190018,-2.0064406219207935,0.0,optimal,-0.50000099540119,176.9704475718888,0.30527273294878743,16,vel_lower,-9.95401190029277e-07,0,u_lower,0,14,"[[-0.8728360970838828, 0.0655017342400785], [-0.8687859354279792, 0.015501625200763125], [-0.8697357843189034, -0.03449847623665386], [-0.875685642984428, -0.08449857009590744], [-0.8866355106491405, -0.13449865640304554], [-0.9025853865359148, -0.18449873520308185], [-0.9235352698684767, -0.23449880656550343], [-0.9494851598747007, -0.28449887059254975], [-0.9804350557906445, -0.3344989274267679], [-1.016384956865335, -0.3844989772568469], [-1.0573348623659562, -0.4344990203215711], [-1.1032847715833953, -0.48449905691218026], [-1.1542346838379554, -0.5344990873737361], [-1.2101845984852408, -0.5844991121077993], [-1.2711345149453728, -0.6344991320368149], [-1.3368580821412133, -0.6799721363194459], [-1.4055930555614107, -0.6947272670512126], [-1.4747458277459695, -0.688328123643319], [-1.542749768191044, -0.6717506469995277]]","[-0.50000099540119, -0.5000009261894438, -0.5000008572136849, -0.5000007884765341, -0.500000720142182, -0.5000006524252958, -0.5000005856190399, -0.5000005200881996, -0.5000004562524094, -0.5000003945678342, -0.5000003355116626, -0.5000002795726426, -0.5000002272645636, -0.5000001837437236, -0.4547300313190373, -0.1475512991721955, 0.06399143929267426, 0.16577476922948212]","[[false, false, false, false], [false, false, false, false], [false, false, false, false], [false, false, false, false], [false, false, false, false], [false, false, false, false], [false, false, false, false], [false, false, false, false], [false, false, false, false], [false, false, false, false], [false, false, false, false], [false, false, false, false], [false, false, false, false], [false, false, false, false], [false, false, false, false], [false, false, false, false], [false, false, false, false], [false, false, false, false]]","[[false, true], [false, true], [false, true], [false, true], [false, true], [false, true], [false, true], [false, true], [false, true], [false, true], [false, true], [false, true], [false, true], [false, true], [false, false], [false, false], [false, false], [false, false]]",0.0,0.0,5.114801869772964e-20,5.717087001489718e-19,True,5.717087001489718e-19,far,mid
6,1.048419750376263,0.15799727894647786,1.1872036043927197,0.0,optimal,0.04329443441432798,0.9657772241808896,0.8025794317340162,18,pos_upper,0.35669439555928284,6,u_lower,0,0,"[[1.048419729884127, 0.15799727122271562], [1.0644359093325613, 0.16232670894501183], [1.0805478858860773, 0.15991319071929722], [1.0961541895579154, 0.1522132199296494], [1.1108142435481119, 0.14098815968282613], [1.1242480059338185, 0.12768734687705016], [1.136304492339457, 0.1134425977259099], [1.1469322154170167, 0.09911203842721852], [1.1561540529836094, 0.08532484763244921], [1.1640463957711042, 0.07252210621773063], [1.170722145371731, 0.060992951437965424], [1.1763170821841689, 0.05090582279608662], [1.1809791136536174, 0.042334822075667224], [1.1848599228137124, 0.03528135937486952], [1.1881085591393508, 0.02969135332674525], [1.1908665425007006, 0.025468292943245027], [1.1932640711416798, 0.022482256303267514], [1.1954167896932966, 0.020572092604281843], [1.1974205682659838, 0.019503461729843845]]","[0.04329443441432798, -0.024135142722454317, -0.07699968347143733, -0.11225059059172472, -0.13300812624345382, -0.14244749741124468, -0.14330560444071716, -0.13787192302326476, -0.12802743116959175, -0.1152915653654256, -0.10087130340812608, -0.08571002276330261, -0.07053464054336814, -0.055900071637892575, -0.042230612472848726, -0.029860372568708445, -0.01910164090456238, -0.010686310758618808]","[[false, false, false, false], [false, false, false, false], [false, false, false, false], [false, false, false, false], [false, false, false, false], [false, false, false, false], [false, false, false, false], [false, false, false, false], [false, false, false, false], [false, false, false, false], [false, false, false, false], [false, false, false, false], [false, false, false, false], [false, false, false, false], [false, false, false, false], [false, false, false, false], [false, false, false, false], [false, false, false, false]]","[[false, false], [false, false], [false, false], [false, false], [false, false], [false, false], [false, false], [false, false], [false, false], [false, false], [false, false], [false, false], [false, false], [false, false], [false, false], [false, false], [false, false], [false, false]]",1.3492758748612684e-17,6.096069895665782e-18,5.114801869772964e-20,1.091225113929578e-19,False,1.3492758748612684e-17,far,far
7,-0.4655169019844212,0.5648376292738838,1.8083571580821092,0.0,optimal,0.4999997061586461,514.5415580977229,-2.7195602785523576e-05,9,vel_upper,2.4861402414533273e-07,6,u_upper,8,8,"[[-0.465516902874076, 0.564837626070804], [-0.4065331426263801, 0.614837593572394], [-0.34254938558901415, 0.6648375619949232], [-0.27356563167643555, 0.7148375312919409], [-0.19958188081009992, 0.7648375014207387], [-0.120598132917767, 0.8148374723479391], [-0.03661438793239323, 0.8648374440522124], [0.052369354209706044, 0.9148374165357652], [0.1463530931685264, 0.964837381770221], [0.24459632099276035, 1.0000271956027855], [0.34459642972207283, 0.9999750306609324], [0.44459566438404435, 1.0000096927503943], [0.5445953577249549, 0.9999842137943694], [0.6445935934572529, 0.9999805212865888], [0.744592575684988, 0.9999991164869259], [0.844593583329239, 1.0000210194442658], [0.9445949039241811, 1.0000053903809127], [1.0440477428046169, 0.9890513880343286], [1.1417544228559056, 0.9650822126749882]]","[0.4999997061586461, 0.4999997145280887, 0.49999972247458196, 0.4999997300285771, 0.4999997372739668, 0.4999997443193792, 0.49999975138597585, 0.49999967815141555, 0.35189816335305935, -0.000521896251869071, 0.0003466197356786811, -0.00025489100533179017, -3.6872907679810886e-05, 0.00018619554581375864, 0.00021928211028837832, -0.00015624533889046333, -0.10954003011621201, -0.23969175712639723]","[[false, false, false, false], [false, false, false, false], [false, false, false, false], [false, false, false, false], [false, false, false, false], [false, false, false, false], [false, false, false, false], [false, false, false, false], [false, false, true, false], [false, false, true, false], [false, false, true, false], [false, false, true, false], [false, false, true, false], [false, false, true, false], [false, false, true, false], [false, false, true, false], [false, false, false, false], [false, false, false, false]]","[[true, false], [true, false], [true, false], [true, false], [true, false], [true, false], [true, false], [true, false], [false, false], [false, false], [false, false], [false, false], [false, false], [false, false], [false, false], [false, false], [false, false], [false, false]]",2.220446049250313e-16,6.096069895665782e-18,34.769076811286666,8.861206290900627e-21,True,34.769076811286666,near,near
8,0.8908271906360379,-0.36643355057763893,-0.15308338285564282,0.0,optimal,-0.499999468190878,81.96434462931101,0.24325851513313668,9,vel_lower,2.2267547811205546e-07,6,u_lower,0,7,"[[0.8908271955825492, -0.36643354554420915], [0.8516838486214964, -0.41643348782458245], [0.8075405071172213, -0.46643343627997147], [0.7583971704203363, -0.5164333908956595], [0.7042538378701226, -0.56643335167393], [0.6451105087991085, -0.6164333185404312], [0.5809671825410043, -0.666433291369448], [0.5118238585612239, -0.716433267507206], [0.43834045762533863, -0.7532348234838757], [0.362841645408147, -0.7567414848668633], [0.2882391220716389, -0.735309037044753], [0.21658031092513913, -0.6978672322488841], [0.14909799961071635, -0.6517790319923518], [0.08636605259930893, -0.6028599384465962], [0.028444750574774323, -0.5555661253398573], [-0.024992399420119896, -0.5131768918480643], [-0.07454867554277306, -0.4779486428276378], [-0.12100585018490538, -0.4511948581011184], [-0.1652057908482925, -0.4328039600162831]]","[-0.499999468190878, -0.4999995249152421, -0.49999958145536577, -0.4999996380380607, -0.4999996939633499, -0.49999974879198067, -0.4999997773245219, -0.36801557148266595, -0.03506662204129028, 0.214324472804047, 0.3744180447033335, 0.46088200092501963, 0.48919093496903937, 0.4729381313446869, 0.4238923356452863, 0.3522824911293453, 0.2675378481934323, 0.18390898163988698]","[[false, false, false, false], [false, false, false, false], [false, false, false, false], [false, false, false, false], [false, false, false, false], [false, false, false, false], [false, false, false, false], [false, false, false, false], [false, false, false, false], [false, false, false, false], [false, false, false, false], [false, false, false, false], [false, false, false, false], [false, false, false, false], [false, false, false, false], [false, false, false, false], [false, false, false, false], [false, false, false, false]]","[[false, true], [false, true], [false, true], [false, true], [false, true], [false, true], [false, true], [false, false], [false, false], [false, false], [false, false], [false, false], [false, false], [false, false], [false, false], [false, false], [false, false], [false, false]]",2.0816681711721685e-17,6.096069895665782e-18,1.2284512062538443e-16,0.0,True,1.2284512062538443e-16,mid,mid
9,-1.459827949480868,-0.4148526095189426,0.8420251849152911,0.0,optimal,0.5000074763147134,1147.256633135581,0.36829266558486706,8,pos_lower,-7.476314713428245e-06,0,u_upper,0,17,"[[-1.4598278974177883, -0.41485253374871], [-1.4988130613829673, -0.3648517155549025], [-1.5327981463088638, -0.3148509562657051], [-1.5617831581990753, -0.26485025587999655], [-1.585768103105449, -0.21484961439687236], [-1.6047529871122252, -0.16484903157941122], [-1.618737816306734, -0.11484850690938544], [-1.6277225967452296, -0.06484803954576714], [-1.631707334415133, -0.014847628287785459], [-1.6306920351936407, 0.035152728457085225], [-1.6246767048035338, 0.08515303270063551], [-1.6136613487664366, 0.13515328689718706], [-1.5976459723541332, 0.18515349396344255], [-1.5766305805381138, 0.2351536572953901], [-1.5506151779378223, 0.28515378078126363], [-1.5195997687681597, 0.33515386880723647], [-1.4835843567876559, 0.3851539262449286], [-1.4425689450724515, 0.43515396195140216], [-1.3976330840885791, 0.4635630193129024]]","[0.5000074763147134, 0.5000069395785247, 0.5000064029645781, 0.5000058662847132, 0.5000053316697101, 0.5000048016641139, 0.5000042791920911, 0.5000037675161217, 0.5000032701915953, 0.5000027910258993, 0.5000023340397277, 0.500001903436768, 0.5000015035775589, 0.5000011389441477, 0.5000008140695629, 0.5000005333603668, 0.5000003362226448, 0.28409056750427586]","[[false, false, false, false], [false, false, false, false], [false, false, false, false], [false, false, false, false], [false, false, false, false], [false, false, false, false], [false, false, false, false], [false, false, false, false], [false, false, false, false], [false, false, false, false], [false, false, false, false], [false, false, false, false], [false, false, false, false], [false, false, false, false], [false, false, false, false], [false, false, false, false], [false, false, false, false], [false, false, false, false]]","[[true, false], [true, false], [true, false], [true, false], [true, false], [true, false], [true, false], [true, false], [true, false], [true, false], [true, false], [true, false], [true, false], [true, false], [true, false], [true, false], [true, false], [false, false]]",4.141591335219444e-17,8.881784197001252e-16,1.4645051169690957e-16,5.334274688628682e-17,True,8.881784197001252e-16,far,mid
10,0.7832388989050147,0.5610116789210521,-0.801203352564501,0.0,optimal,-0.5000040102744486,661.10870089477,0.48898880059874195,1,vel_upper,-4.010274448629225e-06,0,u_lower,0,17,"[[0.7832388709785036, 0.5610116382781245], [0.8368399868471911, 0.511011199401258], [0.8854410603194066, 0.46101079212059226], [0.9290420946154894, 0.4110104164353824], [0.9676430929815873, 0.36101007234513693], [1.0012440586812545, 0.31100975972289], [1.0298449949797055, 0.2610094782908829], [1.0534459051255687, 0.21100922759852986], [1.072046792330557, 0.16100900700266557], [1.0856476597473992, 0.111008815649556], [1.09424851044592, 0.06100865245925056], [1.0978493473879571, 0.011008516113253937], [1.0964501734010859, -0.03899159495501666], [1.0900509911516907, -0.08899168256776693], [1.078651803117352, -0.1389917488091286], [1.0622526115588409, -0.18899179602988525], [1.0408534184922673, -0.23899182684227324], [1.014454225567748, -0.2889918459971592], [0.9842765451779781, -0.31456163391448577]]","[-0.5000040102744486, -0.5000037223714018, -0.5000034345353009, -0.5000031466639048, -0.5000028598989645, -0.5000025756043518, -0.5000022953453471, -0.5000020208680819, -0.5000017540839417, -0.5000014970483971, -0.5000012519298241, -0.5000010209837658, -0.5000008065346448, -0.5000006109654551, -0.5000004367035049, -0.500000286122855, -0.500000180369469, -0.2556978758958086]","[[false, false, false, false], [false, false, false, false], [false, false, false, false], [false, false, false, false], [false, false, false, false], [false, false, false, false], [false, false, false, false], [false, false, false, false], [false, false, false, false], [false, false, false, false], [false, false, false, false], [false, false, false, false], [false, false, false, false], [false, false, false, false], [false, false, false, false], [false, false, false, false], [false, false, false, false], [false, false, false, false]]","[[false, true], [false, true], [false, true], [false, true], [false, true], [false, true], [false, true], [false, true], [false, true], [false, true], [false, true], [false, true], [false, true], [false, true], [false, true], [false, true], [false, true], [false, false]]",3.0237637291248694e-16,1.5118818645624347e-16,1.6529685927363484e-17,7.322525584845479e-17,True,3.0237637291248694e-16,far,mid
11,-0.4145289406884196,-0.03653302646903045,-1.4284317482122857,0.0,optimal,-0.5000000225937775,116.21431667846696,0.3093828471586709,14,vel_lower,-2.2593777515567126e-08,0,u_lower,0,12,"[[-0.4145289409823074, -0.03653302670423081], [-0.42068224405895915, -0.08653302916941737], [-0.4318355473651863, -0.1365330312978996], [-0.44798885086618495, -0.1865330330994952], [-0.4691421545271953, -0.2365330345776752], [-0.49529545831326366, -0.2865330357355799], [-0.5264487621896723, -0.33653303658411304], [-0.5626020661227482, -0.38653303714097165], [-0.6037553700804099, -0.436533037427196], [-0.649908674032561, -0.4865330374665851], [-0.7010619779514808, -0.5365330372868613], [-0.7572152818121778, -0.5865330369178414], [-0.8183685856143852, -0.6365330368259581], [-0.8840647469272409, -0.6773901879339127], [-0.9524651139996869, -0.6906171528413291], [-1.0212012102582972, -0.6841047723621485], [-1.0887240270155463, -0.6663515633053654], [-1.1542631946355915, -0.6444317898470006], [-1.2176645353563487, -0.6235950252617726]]","[-0.5000000225937775, -0.5000000195196674, -0.5000000165414078, -0.5000000135932339, -0.500000010668953, -0.5000000078428137, -0.5000000051789966, -0.5000000027069392, -0.5000000004500337, -0.49999999844315673, -0.4999999967027801, -0.4999999995905091, -0.4085715116646871, -0.1322696496635348, 0.06512380425877654, 0.1775320901271692, 0.21919773425006978, 0.2083676456230502]","[[false, false, false, false], [false, false, false, false], [false, false, false, false], [false, false, false, false], [false, false, false, false], [false, false, false, false], [false, false, false, false], [false, false, false, false], [false, false, false, false], [false, false, false, false], [false, false, false, false], [false, false, false, false], [false, false, false, false], [false, false, false, false], [false, false, false, false], [false, false, false, false], [false, false, false, false], [false, false, false, false]]","[[false, true], [false, true], [false, true], [false, true], [false, true], [false, true], [false, true], [false, true], [false, true], [false, true], [false, true], [false, true], [false, false], [false, false], [false, false], [false, false], [false, false], [false, false]]",0.0,1.3002517723015666e-17,1.1844186898334749e-18,1.4870453285799891e-18,True,1.3002517723015666e-17,far,mid
12,-1.1842511829264908,-0.029154088528879463,-1.256216994365933,0.0,optimal,-0.1779543426583252,0.32885945759688145,0.7390441522182383,18,pos_lower,0.3220456573416748,0,u_lower,0,0,"[[-1.1842511832351077, -0.02915408841113212], [-1.1880563630508683, -0.04694952267364108], [-1.193327925484029, -0.058481729490150854], [-1.1994829334279828, -0.06461843338347156], [-1.2060450235762619, -0.06662337389281806], [-1.2126563290008403, -0.06560273772821895], [-1.219060214616099, -0.06247497604213819], [-1.2250832978002268, -0.0579866874315069], [-1.2306192816081225, -0.052732987183280046], [-1.2356148305810017, -0.047177989928711875], [-1.2400574489506726, -0.041674374923989], [-1.2439652345335412, -0.036481334549769], [-1.247378330157825, -0.03178057649015047], [-1.2503518698480462, -0.027690216746191654], [-1.2529502041445588, -0.024276469386580908], [-1.2552421823992466, -0.021563096391527967], [-1.2572972611095512, -0.019538478637099135], [-1.2591820946695154, -0.018158193284552225], [-1.2609558477817617, -0.017316869564396604]]","[-0.1779543426583252, -0.11532206857047027, -0.06136703901313708, -0.020049404798218935, 0.010206362051839293, 0.03127761741240623, 0.044882886684423265, 0.05253700296860603, 0.05554997285022112, 0.05503615009756617, 0.05193040353809025, 0.04700758021114893, 0.04090359696122932, 0.034137473131077525, 0.027133729585990887, 0.020246177307494145, 0.013802853368799505, 0.008413237118620132]","[[false, false, false, false], [false, false, false, false], [false, false, false, false], [false, false, false, false], [false, false, false, false], [false, false, false, false], [false, false, false, false], [false, false, false, false], [false, false, false, false], [false, false, false, false], [false, false, false, false], [false, false, false, false], [false, false, false, false], [false, false, false, false], [false, false, false, false], [false, false, false, false], [false, false, false, false], [false, false, false, false]]","[[false, false], [false, false], [false, false], [false, false], [false, false], [false, false], [false, false], [false, false], [false, false], [false, false], [false, false], [false, false], [false, false], [false, false], [false, false], [false, false], [false, false], [false, false]]",0.0,5.948181314319562e-18,1.6253147153769429e-18,9.449261653515217e-18,False,9.449261653515217e-18,far,far
13,0.5434047829840329,-0.07541769735320314,1.530319701866052,0.0,optimal,0.5000126533861516,130.9320393761879,0.3485592685030733,16,vel_upper,-1.26533861516398e-05,0,u_upper,0,14,"[[0.5434048807245004, -0.07541756841795877], [0.5383632808287426, -0.025416183474500004], [0.5383218162865322, 0.02458509485279203], [0.5432804743859254, 0.07458626801531228], [0.5532392441048166, 0.12458733636489326], [0.5681981146577207, 0.1745883003520457], [0.588157075211279, 0.22458916132052537], [0.6131161149456268, 0.2745899210502647], [0.64307522304596, 0.3245905796520876], [0.6780343885263478, 0.3745911346341583], [0.7179936002177227, 0.4245915855333874], [0.7629528473088314, 0.4745919405626138], [0.8129121200818981, 0.5245922139387335], [0.8678714099756408, 0.5745924151693038], [0.9278307117040645, 0.6245926010120286], [0.991539961456254, 0.649591544317051], [1.0565916087156264, 0.6514407314969267], [1.1211368345253971, 0.6394632955912383], [1.1842123431401452, 0.6220465555966845]]","[0.5000126533861516, 0.5000116844792983, 0.5000107286468815, 0.500009775852053, 0.5000088270756678, 0.5000078906578185, 0.5000069702066652, 0.5000060483010891, 0.500005098185113, 0.5000041392977117, 0.500003257416157, 0.5000025115979265, 0.5000018538873977, 0.5000017559099051, 0.24998937809000663, 0.018491851140530664, -0.11977435786008643, -0.17416738709694313]","[[false, false, false, false], [false, false, false, false], [false, false, false, false], [false, false, false, false], [false, false, false, false], [false, false, false, false], [false, false, false, false], [false, false, false, false], [false, false, false, false], [false, false, false, false], [false, false, false, false], [false, false, false, false], [false, false, false, false], [false, false, false, false], [false, false, false, false], [false, false, false, false], [false, false, false, false], [false, false, false, false]]","[[true, false], [true, false], [true, false], [true, false], [true, false], [true, false], [true, false], [true, false], [true, false], [true, false], [true, false], [true, false], [true, false], [true, false], [false, false], [false, false], [false, false], [false, false]]",8.881784197001252e-16,5.948181314319932e-18,1.8588066607248631e-19,6.26776691615979e-19,True,8.881784197001252e-16,far,mid
14,0.6408483264071974,-0.2251600303415507,1.5283950864179245,0.0,optimal,0.5000003441110136,136.2757219184559,0.44343926047463844,17,vel_upper,-3.441110135726788e-07,0,u_upper,0,15,"[[0.6408483288719289, -0.22516002685297207], [0.6208323303701271, -0.1751599891998413], [0.6058163355015911, -0.12515995433754049], [0.595800343981632, -0.07515992226471682], [0.590784355523291, -0.025159892980261434], [0.5907683698381204, 0.024840133528698162], [0.5957523866376548, 0.07484015728899764], [0.6057364056351038, 0.12484017834342274], [0.6207204265472119, 0.17484019675247836], [0.6407044490963372, 0.22484021259605438], [0.6656884730126114, 0.27484022597496294], [0.6956724980363048, 0.32484023701183184], [0.7306565239201738, 0.37484024585141307], [0.7706405504319072, 0.424840252661793], [0.8156245773565689, 0.4748402576333155], [0.8656086045280104, 0.5248402615592412], [0.9195024780788252, 0.5530371896268188], [0.9749823752903036, 0.5565607395253616], [1.0301145677497772, 0.5460830994989943]]","[0.5000003441110136, 0.5000003186786952, 0.500000293264534, 0.5000002678568087, 0.5000002425617679, 0.5000002175057298, 0.5000001928331438, 0.5000001687046429, 0.5000001452962183, 0.5000001227981128, 0.5000001014085974, 0.5000000813283134, 0.5000000627694554, 0.5000000459330857, 0.5000000368266275, 0.28196927936842675, 0.03523549849579981, -0.10477640023231655]","[[false, false, false, false], [false, false, false, false], [false, false, false, false], [false, false, false, false], [false, false, false, false], [false, false, false, false], [false, false, false, false], [false, false, false, false], [false, false, false, false], [false, false, false, false], [false, false, false, false], [false, false, false, false], [false, false, false, false], [false, false, false, false], [false, false, false, false], [false, false, false, false], [false, false, false, false], [false, false, false, false]]","[[true, false], [true, false], [true, false], [true, false], [true, false], [true, false], [true, false], [true, false], [true, false], [true, false], [true, false], [true, false], [true, false], [true, false], [true, false], [false, false], [false, false], [false, false]]",3.0237637291248694e-16,5.948181314319932e-18,1.7854229728324706e-20,6.26776691615979e-19,True,3.0237637291248694e-16,far,mid
15,0.975245943989766,-0.13502594516379063,-0.973690721920877,0.0,optimal,-0.5000033327987662,495.71537116399645,0.05527525921048182,17,vel_lower,-3.332798766186862e-06,0,u_lower,0,16,"[[0.9752459205966245, -0.1350259789454592], [0.9592432826609532, -0.18502634366698195], [0.9382406095030187, -0.23502668192151807], [0.9122379038207746, -0.28502699371506346], [0.8812351683335737, -0.33502727905163887], [0.8452324057752102, -0.3850275380410565], [0.8042296188806929, -0.43502777091885303], [0.7582268103709944, -0.48502797806467873], [0.7072239829360515, -0.53502816001955], [0.6512211392162135, -0.5850283175013797], [0.5902182817820686, -0.6350284514188738], [0.5242154131131824, -0.6850285628845412], [0.4532125355753921, -0.7350286532266768], [0.37720965139729645, -0.7850287239989642], [0.29620676264550916, -0.8350287769944126], [0.2102038711989094, -0.8850288142543026], [0.11920097856679733, -0.9350288411840314], [0.025213291839685417, -0.9447247407895182], [-0.06843836320986132, -0.9283082558885971]]","[-0.5000033327987662, -0.500003091631684, -0.5000028505727637, -0.5000026095178634, -0.5000023694208701, -0.5000021314171942, -0.5000018968101958, -0.5000016670615504, -0.5000014437759035, -0.5000012286862389, -0.5000010236468351, -0.5000008306247966, -0.5000006516780642, -0.500000488999801, -0.500000344872701, -0.5000002527360888, -0.09695898839587805, 0.16416485058320426]","[[false, false, false, false], [false, false, false, false], [false, false, false, false], [false, false, false, false], [false, false, false, false], [false, false, false, false], [false, false, false, false], [false, false, false, false], [false, false, false, false], [false, false, false, false], [false, false, false, false], [false, false, false, false], [false, false, false, false], [false, false, false, false], [false, false, false, false], [false, false, false, false], [false, false, false, false], [false, false, false, false]]","[[false, true], [false, true], [false, true], [false, true], [false, true], [false, true], [false, true], [false, true], [false, true], [false, true], [false, true], [false, true], [false, true], [false, true], [false, true], [false, true], [false, false], [false, false]]",5.2010070892062566e-17,1.1896362628639913e-17,1.7854229728324706e-20,2.220446049250313e-16,True,2.220446049250313e-16,near,near
16,0.5839856127199217,-0.4322970196688282,-1.3804222686145016,0.0,optimal,-0.49999937577895687,386.89151668881243,-1.7596867015745588e-05,12,vel_lower,6.161867585063874e-07,9,u_lower,4,11,"[[0.5839856128055445, -0.43229701343804994], [0.5382559146684657, -0.48229694479376317], [0.4875262233911545, -0.5322968762476525], [0.4317965389630838, -0.5822968078029896], [0.37106686137306866, -0.6322967394621994], [0.30533719060936393, -0.6822966712264599], [0.2346075266598174, -0.7322966030953024], [0.15887786951205785, -0.7822965350662066], [0.07814821915371312, -0.8322964671341966], [-0.007581424427344693, -0.8822963992914388], [-0.09831106124273914, -0.932296331528185], [-0.19404069106206445, -0.982296259006226], [-0.29315638417048995, -1.0000175968670157], [-0.3931562402346266, -0.9999795360539362], [-0.4931558584658527, -1.0000128202351448], [-0.5931563068185366, -0.9999961511652689], [-0.6929252475383139, -0.9953826640118727], [-0.7914174291465825, -0.9744609690255984], [-0.887494576544607, -0.9470819796664536]]","[-0.49999937577895687, -0.49999937667151173, -0.4999993775940838, -0.4999993785391202, -0.4999993794954672, -0.4999993804483053, -0.4999993813791456, -0.4999993822658306, -0.4999993830825324, -0.4999993838132415, -0.4999993361768298, -0.17721343997353645, 0.0003807218567624414, -0.0003329317705193234, 0.0001667285267867073, 0.04613487099741623, 0.20921694949054426, 0.2737898933720725]","[[false, false, false, false], [false, false, false, false], [false, false, false, false], [false, false, false, false], [false, false, false, false], [false, false, false, false], [false, false, false, false], [false, false, false, false], [false, false, false, false], [false, false, false, false], [false, false, false, false], [false, false, false, true], [false, false, false, true], [false, false, false, true], [false, false, false, true], [false, false, false, false], [false, false, false, false], [false, false, false, false]]","[[false, true], [false, true], [false, true], [false, true], [false, true], [false, true], [false, true], [false, true], [false, true], [false, true], [false, true], [false, false], [false, false], [false, false], [false, false], [false, false], [false, false], [false, false]]",1.3922326316546683e-19,5.948181314319932e-18,1.7854229728324706e-20,14.254118741736296,True,14.254118741736296,near,near
17,-1.5764407367967825,0.3443092530025661,0.7583139403233479,0.0,optimal,0.5000034584148568,643.4043068678565,-8.611797163382562e-06,15,vel_upper,-3.4584148568272965e-06,0,u_upper,4,13,"[[-1.5764407302292485, 0.34430928690602836], [-1.5395097776770648, 0.3943096659931789], [-1.4975787875676976, 0.4443100374278455], [-1.4506477606931156, 0.49431040096429607], [-1.3987166978790242, 0.5443107563979908], [-1.3417855999809674, 0.5943111035669659], [-1.2798544678795882, 0.6443114423644327], [-1.212923302474729, 0.6943117727511308], [-1.1409921046782694, 0.7443120947674959], [-1.0640608754056686, 0.7943124085458272], [-0.9821296155664107, 0.8443127143227565], [-0.8951983260529944, 0.8943130124524518], [-0.8032670077279914, 0.9443133034346413], [-0.706335660997176, 0.9943135961620319], [-0.6066205102006466, 0.9999894033130812], [-0.5066206091083025, 1.0000086117971634], [-0.4066209389366091, 0.9999848139155237], [-0.3066222208106947, 0.9999895726154194], [-0.20753045980566182, 0.981845666845813]]","[0.5000034584148568, 0.5000033886978834, 0.5000033167230565, 0.5000032428718083, 0.5000031675280373, 0.5000030911901393, 0.5000030144684307, 0.5000029380832434, 0.500002862864807, 0.5000027897561716, 0.5000027198204466, 0.5000026543889681, 0.5000026772551365, 0.05675782613288934, 0.0001919461929574717, -0.00023820438200110663, 4.750758221766616e-05, -0.18143904172865874]","[[false, false, false, false], [false, false, false, false], [false, false, false, false], [false, false, false, false], [false, false, false, false], [false, false, false, false], [false, false, false, false], [false, false, false, false], [false, false, false, false], [false, false, false, false], [false, false, false, false], [false, false, false, false], [false, false, false, false], [false, false, true, false], [false, false, true, false], [false, false, true, false], [false, false, true, false], [false, false, false, false]]","[[true, false], [true, false], [true, false], [true, false], [true, false], [true, false], [true, false], [true, false], [true, false], [true, false], [true, false], [true, false], [true, false], [false, false], [false, false], [false, false], [false, false], [false, false]]",1.3922326316546683e-19,3.552713678800501e-15,19.96301234193177,1.1010359152655757e-16,True,19.96301234193177,near,near
18,0.6565292116042722,0.33687483722636147,-0.18898743252363603,0.0,optimal,-0.5000000283103114,153.9219173179752,0.5186942258193934,17,vel_lower,-2.831031142846996e-08,0,u_lower,0,16,"[[0.6565292115523003, 0.33687483703077115], [0.6877166950618739, 0.28687483400935004], [0.7139041782937088, 0.23687483147320762], [0.7350916612966902, 0.18687482941229674], [0.7512791441068847, 0.13687482757078134], [0.762466626745604, 0.08687482590708048], [0.7686541092388512, 0.03687482456121007], [0.769841591622369, -0.013125176401718652], [0.766029073913135, -0.06312517741196376], [0.7572165560905048, -0.11312517878282363], [0.7434040381116849, -0.163125180639133], [0.7245915199210946, -0.2131251831116792], [0.7007790014852098, -0.2631251856317689], [0.6719664828176133, -0.313125187834082], [0.6381539639830334, -0.3631251890725574], [0.5993414451833086, -0.4131251872636776], [0.5555289266913348, -0.46312518307571476], [0.508307378861619, -0.48130577418060666], [0.4603710048652172, -0.4774217058513461]]","[-0.5000000283103114, -0.500000023528376, -0.5000000188555783, -0.5000000167404982, -0.5000000150367705, -0.5000000119254808, -0.5000000081499814, -0.5000000086572346, -0.500000012279578, -0.5000000171404164, -0.5000000233096266, -0.5000000238053317, -0.5000000206623861, -0.5000000110668719, -0.49999998062433515, -0.49999995678981224, -0.18180590948357234, 0.03884068526644274]","[[false, false, false, false], [false, false, false, false], [false, false, false, false], [false, false, false, false], [false, false, false, false], [false, false, false, false], [false, false, false, false], [false, false, false, false], [false, false, false, false], [false, false, false, false], [false, false, false, false], [false, false, false, false], [false, false, false, false], [false, false, false, false], [false, false, false, false], [false, false, false, false], [false, false, false, false], [false, false, false, false]]","[[false, true], [false, true], [false, true], [false, true], [false, true], [false, true], [false, true], [false, true], [false, true], [false, true], [false, true], [false, true], [false, true], [false, true], [false, true], [false, true], [false, false], [false, false]]",1.3922326316546683e-19,4.295732324572195e-19,6.938893903907228e-17,0.0,True,6.938893903907228e-17,far,far
19,0.21997182704925988,-0.432243602246811,-1.773161661734522,0.0,optimal,-0.4999994772507561,401.7037534556771,-1.4607256346943487e-05,12,vel_lower,5.179355641593553e-07,9,u_lower,4,11,"[[0.21997182709712726, -0.4322435970314507], [0.17424747005561134, -0.48224353954598165], [0.12352311875999422, -0.5322434821164673], [0.06779877320409407, -0.582243424746173], [0.007074433381167733, -0.6322433674376411], [-0.058649900716018645, -0.6822433101924787], [-0.12937422909510385, -0.7322432530110405], [-0.20509855176398872, -0.7822431958921072], [-0.2858228687306564, -0.8322431388325651], [-0.37154718000297926, -0.8822430818270801], [-0.4622714855885483, -0.9322430248692372], [-0.5579957852590747, -0.9822429632415435], [-0.6571086640663466, -1.000014607256347], [-0.7571085199253944, -0.999982519308427], [-0.8571082446903798, -1.0000119684290052], [-0.9571086447165985, -0.9999960363652873], [-1.0570320925738237, -0.9984729213437197], [-1.155916571069346, -0.9792166492319606], [-1.2524925811328682, -0.9523035526120633]]","[-0.4999994772507561, -0.4999994777590514, -0.4999994782973148, -0.49999947885902013, -0.49999947943579914, -0.4999994800164013, -0.49999948058666865, -0.49999948112951337, -0.49999948162488417, -0.49999948206443584, -0.499999435340171, -0.17771649175333373, 0.0003209731162640678, -0.00029457146451873943, 0.00015935966265259662, 0.015231149710943047, 0.19256272076250117, 0.2691309659873906]","[[false, false, false, false], [false, false, false, false], [false, false, false, false], [false, false, false, false], [false, false, false, false], [false, false, false, false], [false, false, false, false], [false, false, false, false], [false, false, false, false], [false, false, false, false], [false, false, false, false], [false, false, false, true], [false, false, false, true], [false, false, false, true], [false, false, false, true], [false, false, false, false], [false, false, false, false], [false, false, false, false]]","[[false, true], [false, true], [false, true], [false, true], [false, true], [false, true], [false, true], [false, true], [false, true], [false, true], [false, true], [false, false], [false, false], [false, false], [false, false], [false, false], [false, false], [false, false]]",1.3922326316546683e-19,4.295732324572195e-19,5.56913200135592e-19,15.096640341095366,True,15.096640341095366,near,near
20,0.5388894777295095,-0.034684552628240994,0.3000860898134685,0.0,optimal,-0.4999994705586246,4.208562022549828,0.78843511526345,5,vel_lower,5.040323335925301e-07,1,u_lower,0,2,"[[0.5388894825320107, -0.03468454918745807], [0.532921035023508, -0.08468449328183761], [0.5219525928752149, -0.1346844404303083], [0.5063840142758933, -0.17668721860655417], [0.4874874056494161, -0.20124503500923185], [0.466846913342723, -0.21156488473654997], [0.4457038212784717, -0.21129702184914118], [0.42496110720995384, -0.2035573162014], [0.4052381603833537, -0.19090166848471363], [0.3869238948227154, -0.1753836827458069], [0.3702237559604237, -0.15861912697505065], [0.35520038979412083, -0.14184822200931374], [0.3418083190060367, -0.12599321339744604], [0.32992316852045145, -0.11170981078540602], [0.31936609685025447, -0.09943163276209212], [0.30992415843813625, -0.08940714213192048], [0.3013673914946558, -0.08172820071073938], [0.2934638926712929, -0.07634177783166274], [0.2859996290866954, -0.07294349477933279]]","[-0.4999994705586246, -0.4999994959676664, -0.42002780091283104, -0.2455781785218372, -0.10319850784033835, 0.0026786215506114474, 0.07739705176924622, 0.12655647451038793, 0.15517985629257044, 0.16764555775142434, 0.16770905048936102, 0.1585500874475566, 0.14283402770733217, 0.1227817818824185, 0.10024490785429012, 0.07678941554311722, 0.05386422981327682, 0.03398283120193413]","[[false, false, false, false], [false, false, false, false], [false, false, false, false], [false, false, false, false], [false, false, false, false], [false, false, false, false], [false, false, false, false], [false, false, false, false], [false, false, false, false], [false, false, false, false], [false, false, false, false], [false, false, false, false], [false, false, false, false], [false, false, false, false], [false, false, false, false], [false, false, false, false], [false, false, false, false], [false, false, false, false]]","[[false, true], [false, true], [false, false], [false, false], [false, false], [false, false], [false, false], [false, false], [false, false], [false, false], [false, false], [false, false], [false, false], [false, false], [false, false], [false, false], [false, false], [false, false]]",2.866048645254523e-17,4.295732324572195e-19,5.56913200135592e-19,7.30942116521566e-18,True,2.866048645254523e-17,far,far
21,0.8479963437312819,0.16166198400070897,0.24646524302678063,0.0,optimal,-0.5000024181490104,52.087215952663186,0.5165029345250625,14,vel_lower,-2.418149010363635e-06,0,u_lower,0,12,"[[0.8479963260105642, 0.16166195984811121], [0.8616624921990044, 0.11166169565322985], [0.8703286329440943, 0.06166145192865089], [0.8739947503433381, 0.011661228722557912], [0.8726608465190171, -0.038338973918972105], [0.8663269236110573, -0.08833915605655679], [0.8549929837636973, -0.1383393178763146], [0.8386590291103498, -0.18833945970688382], [0.8173250617568789, -0.23833958203426986], [0.7909910837635052, -0.28833968551452327], [0.7596570971255796, -0.3383397709843651], [0.7233231037543943, -0.38833983945068123], [0.6819891052458473, -0.4383398963451318], [0.6364943787881687, -0.47155442449354507], [0.5887417953171035, -0.4834970654749376], [0.5405362331409835, -0.48061402886999366], [0.4930491797244816, -0.4691269209321972], [0.44688329178100944, -0.4541907497697492], [0.40218994899821847, -0.4396760474218881]]","[-0.5000024181490104, -0.5000022313262158, -0.5000020441141326, -0.5000018564502381, -0.500001669299986, -0.5000014838008882, -0.5000013012465304, -0.5000011230667414, -0.5000009508078185, -0.5000007861138366, -0.5000006305171865, -0.5000005280914315, -0.33214525260382777, -0.11942639074013985, 0.028830377405902007, 0.11487108493077193, 0.14936171311346996, 0.14514702249180672]","[[false, false, false, false], [false, false, false, false], [false, false, false, false], [false, false, false, false], [false, false, false, false], [false, false, false, false], [false, false, false, false], [false, false, false, false], [false, false, false, false], [false, false, false, false], [false, false, false, false], [false, false, false, false], [false, false, false, false], [false, false, false, false], [false, false, false, false], [false, false, false, false], [false, false, false, false], [false, false, false, false]]","[[false, true], [false, true], [false, true], [false, true], [false, true], [false, true], [false, true], [false, true], [false, true], [false, true], [false, true], [false, true], [false, false], [false, false], [false, false], [false, false], [false, false], [false, false]]",2.866048645254523e-17,4.295732324572195e-19,1.0897578619188833e-18,2.679680952994926e-18,True,2.866048645254523e-17,far,far
22,0.18946291438532326,-0.23525988232486533,-2.1582379609874787,0.0,optimal,-0.5000022784064664,710.0422021884784,-1.0710396875168726e-05,17,vel_lower,-2.2784064663827763e-06,0,u_lower,2,15,"[[0.18946290970079419, -0.2352599051080502], [0.1634369031140414, -0.2852601552629528], [0.132410871756104, -0.3352604001490528], [0.09638481616547251, -0.38526063972404656], [0.05535873689013792, -0.43526087395823637], [0.009332634485737436, -0.48526110284389257], [-0.04169349048699243, -0.5352613264015482], [-0.09771963746542053, -0.5852615446861895], [-0.15874580588877274, -0.635261757793337], [-0.2247719952026017, -0.6852619658650232], [-0.2957982048637696, -0.7352621690956622], [-0.37182443434603324, -0.7852623677378094], [-0.4528506831461911, -0.835262562107812], [-0.5388769507908238, -0.8852627525913611], [-0.6299032368425459, -0.9352629396295784], [-0.7259295418834643, -0.9852631432755569], [-0.8251913178473569, -0.9999723706172609], [-0.9251904730084135, -1.0000107103968752], [-1.0244318904200402, -0.984817632387639]]","[-0.5000022784064664, -0.5000022304541604, -0.5000021821150524, -0.5000021334984884, -0.5000020848017988, -0.5000020362796516, -0.5000019882430606, -0.5000019410584473, -0.500001895146676, -0.5000018509820662, -0.500001809091401, -0.5000017700529482, -0.5000017344955114, -0.5000017029039554, -0.5000018713237528, -0.14709211002847228, -0.00038350855473393616, 0.15193077761085205]","[[false, false, false, false], [false, false, false, false], [false, false, false, false], [false, false, false, false], [false, false, false, false], [false, false, false, false], [false, false, false, false], [false, false, false, false], [false, false, false, false], [false, false, false, false], [false, false, false, false], [false, false, false, false], [false, false, false, false], [false, false, false, false], [false, false, false, false], [false, false, false, true], [false, false, false, true], [false, false, false, false]]","[[false, true], [false, true], [false, true], [false, true], [false, true], [false, true], [false, true], [false, true], [false, true], [false, true], [false, true], [false, true], [false, true], [false, true], [false, true], [false, false], [false, false], [false, false]]",2.5911904038645303e-17,4.440892098500626e-16,1.0897578619188833e-18,10.156420052920385,True,10.156420052920385,near,near
23,-0.20250435445644044,-0.34249839261656495,-0.4207682388666736,0.0,optimal,0.2089236763932438,2.4236973803969057,0.678393973288534,1,vel_lower,0.18403304531677822,3,u_upper,0,0,"[[-0.20250435723685545, -0.34249839371079405], [-0.23570958119801524, -0.321606026711466], [-0.26654174582664414, -0.29503720845837506], [-0.29453767638190026, -0.2648813512790385], [-0.31944597882822967, -0.23328465542096227], [-0.34120503763738774, -0.20189649048317146], [-0.3598951999164002, -0.17190673758890446], [-0.3756968916520068, -0.14412709207661278], [-0.3888566022821422, -0.1190671269206864], [-0.3996600057198581, -0.09700095824338416], [-0.40841117812345284, -0.07802251385127618], [-0.4154168712099488, -0.06209137618018529], [-0.42097487968260183, -0.049068821668807924], [-0.42536569833136156, -0.03874757635951229], [-0.42884680089607313, -0.03087449430360344], [-0.43164884570187334, -0.025166414196335595], [-0.43397315846572776, -0.02131984608011865], [-0.4359897289687722, -0.019011562496511678], [-0.43783251040803195, -0.017844062557450593]]","[0.2089236763932438, 0.26568818513936576, 0.30155857231181965, 0.3159669546832218, 0.31388164467165014, 0.2998975221595871, 0.2777964494413013, 0.2505996465938017, 0.2206616829692154, 0.18978444194628352, 0.15931137703039217, 0.13022554767626646, 0.10321245745031468, 0.0787308261102776, 0.05708080734763187, 0.03846568752197617, 0.023082841611725892, 0.011675003959242048]","[[false, false, false, false], [false, false, false, false], [false, false, false, false], [false, false, false, false], [false, false, false, false], [false, false, false, false], [false, false, false, false], [false, false, false, false], [false, false, false, false], [false, false, false, false], [false, false, false, false], [false, false, false, false], [false, false, false, false], [false, false, false, false], [false, false, false, false], [false, false, false, false], [false, false, false, false], [false, false, false, false]]","[[false, false], [false, false], [false, false], [false, false], [false, false], [false, false], [false, false], [false, false], [false, false], [false, false], [false, false], [false, false], [false, false], [false, false], [false, false], [false, false], [false, false], [false, false]]",0.0,2.2500809195074902e-17,7.696931691723716e-18,2.2192258629789554e-18,False,2.2500809195074902e-17,far,far
24,1.1308898344581317,-0.3192726169615911,-2.031807388230296,0.0,optimal,-0.49999929449313507,1368.0270575375055,-8.02540081235037e-06,15,vel_lower,6.4398829707768e-07,11,u_lower,4,13,"[[1.1308898349307892, -0.319272609985715], [1.0964625779324169, -0.3692725325064815], [1.057035328656086, -0.41927245558504894], [1.012608087043576, -0.4692723792451882], [0.9631808530335725, -0.5192723035083021], [0.9087536265618862, -0.5692722283925218], [0.8493264075618906, -0.6192721539117426], [0.7848991959649161, -0.6692720800746632], [0.7154719917008918, -0.7192720068838339], [0.641044794698947, -0.7692719343347099], [0.5616176048881877, -0.8192718624147135], [0.477190422198582, -0.8692717911023019], [0.3877632465618641, -0.9192717203655991], [0.2933360779750538, -0.9692716489135853], [0.19487243618470276, -1.0000011830292], [0.0948719755590456, -1.0000080254008124], [-0.00512879271776302, -1.0000073432284589], [-0.10512864849807255, -0.9999897825868992], [-0.20497573242085643, -0.9969518958474857]]","[-0.49999929449313507, -0.4999992995743522, -0.49999930487276556, -0.4999993103671441, -0.49999931602807346, -0.49999932181735424, -0.49999932768805755, -0.499999333584569, -0.49999933944265446, -0.4999993451895261, -0.4999993507439223, -0.4999993560117029, -0.499999348411461, -0.3072954036933056, -6.84746743032939e-05, 6.850335694598494e-06, 0.00017570806503089701, 0.030378867056680487]","[[false, false, false, false], [false, false, false, false], [false, false, false, false], [false, false, false, false], [false, false, false, false], [false, false, false, false], [false, false, false, false], [false, false, false, false], [false, false, false, false], [false, false, false, false], [false, false, false, false], [false, false, false, false], [false, false, false, false], [false, false, false, true], [false, false, false, true], [false, false, false, true], [false, false, false, true], [false, false, false, false]]","[[false, true], [false, true], [false, true], [false, true], [false, true], [false, true], [false, true], [false, true], [false, true], [false, true], [false, true], [false, true], [false, true], [false, false], [false, false], [false, false], [false, false], [false, false]]",2.219225862978954e-18,1.539386338344732e-17,1.1096129314895332e-18,32.40076926047779,True,32.40076926047779,near,near
25,-0.6995715455296111,-0.24768749067997964,0.7448159677437172,0.0,optimal,0.4999998574764652,386.5861285222746,0.40758111950113696,18,vel_upper,-6.3178922093953815e-09,15,u_upper,0,16,"[[-0.6995715461715303, -0.24768749216643893], [-0.7218402967426337, -0.19768750784105193], [-0.7391090488500853, -0.14768752283181763], [-0.7513778024277142, -0.097687537186019], [-0.7586465574139936, -0.047687550950102256], [-0.7609153137507907, 0.002312435852551212], [-0.758184071381083, 0.052312423221420164], [-0.7504528302469018, 0.10231241117325726], [-0.737721590287936, 0.15231239973525693], [-0.7199903514407622, 0.2023123889387435], [-0.6972591136386981, 0.2523123788143111], [-0.669527876812002, 0.30231236938871564], [-0.6367966408883499, 0.35231236068330807], [-0.5990654057934047, 0.4023123527134285], [-0.5563341714514518, 0.45231234548778787], [-0.5086029377864163, 0.5023123390020114], [-0.45587170442756064, 0.5523123391506493], [-0.3987180483352844, 0.5907607934147683], [-0.3395590651073328, 0.592418880498863]]","[0.4999998574764652, 0.4999998636793758, 0.49999986941532165, 0.4999998746916471, 0.499999879737277, 0.499999884778784, 0.49999988998700534, 0.4999998954649608, 0.4999999012532033, 0.49999990734442973, 0.499999913700996, 0.4999999202702377, 0.49999992699402773, 0.49999993380851515, 0.4999999405856981, 0.5000000063178922, 0.384484546873444, 0.01658087406944332]","[[false, false, false, false], [false, false, false, false], [false, false, false, false], [false, false, false, false], [false, false, false, false], [false, false, false, false], [false, false, false, false], [false, false, false, false], [false, false, false, false], [false, false, false, false], [false, false, false, false], [false, false, false, false], [false, false, false, false], [false, false, false, false], [false, false, false, false], [false, false, false, false], [false, false, false, false], [false, false, false, false]]","[[true, false], [true, false], [true, false], [true, false], [true, false], [true, false], [true, false], [true, false], [true, false], [true, false], [true, false], [true, false], [true, false], [true, false], [true, false], [true, false], [false, false], [false, false]]",0.0,4.4349576813517116e-17,1.1102230246251565e-16,8.653675113326507e-17,True,1.1102230246251565e-16,far,mid
26,0.18250288749209065,0.3406778509276962,0.7558422855059828,0.0,optimal,0.499999999635675,19.51211329275962,0.4877772952787228,4,vel_upper,1.8025475556626702e-10,1,u_upper,0,3,"[[0.18250288808977594, 0.34067785139732853], [0.2190706725469785, 0.3906778508694022], [0.26063845766233185, 0.44067785084798583], [0.30720624275564046, 0.49067785080981696], [0.3573512705054702, 0.5122227047212772], [0.40841820170347165, 0.5091159195983366], [0.4582909876103592, 0.48833979851957743], [0.5055033934666481, 0.4559083183903788], [0.5491320386692055, 0.41666458550603525], [0.5886857266960223, 0.3744091749968228], [0.6240086712032475, 0.3320497152272741], [0.6551982356121743, 0.29174157308511245], [0.6825360341224029, 0.2550143972373134], [0.7064308773255021, 0.22288246690064362], [0.7273718951179108, 0.19593788897725967], [0.7458901039245855, 0.1744262871546788], [0.7625266070096847, 0.1583037745264294], [0.7778047031229887, 0.1472581476768085], [0.7921918389614963, 0.1404845690294987]]","[0.499999999635675, 0.49999999981974524, 0.49999999952201485, 0.2154485394447327, -0.031067851098051203, -0.20776121095654704, -0.3243148009774573, -0.39243732907408807, -0.4225541052414039, -0.42359459760757234, -0.4030814214712194, -0.36727175846677773, -0.32131930336624703, -0.26944577926202956, -0.21511601824540147, -0.1612251263166597, -0.11045626854291124, -0.06773578651241563]","[[false, false, false, false], [false, false, false, false], [false, false, false, false], [false, false, false, false], [false, false, false, false], [false, false, false, false], [false, false, false, false], [false, false, false, false], [false, false, false, false], [false, false, false, false], [false, false, false, false], [false, false, false, false], [false, false, false, false], [false, false, false, false], [false, false, false, false], [false, false, false, false], [false, false, false, false], [false, false, false, false]]","[[true, false], [true, false], [true, false], [false, false], [false, false], [false, false], [false, false], [false, false], [false, false], [false, false], [false, false], [false, false], [false, false], [false, false], [false, false], [false, false], [false, false], [false, false]]",0.0,4.128886013299995e-18,6.166688760298585e-20,1.775126774183307e-18,True,4.128886013299995e-18,far,mid
27,-0.2995620433917743,0.37682446159924154,-1.531924568424562,0.0,optimal,-0.4999997225898422,335.3569686771365,0.524097776772491,18,vel_lower,-3.3290366019400608e-09,15,u_lower,0,16,"[[-0.29956204201653247, 0.37682446445343565], [-0.26437959280920664, 0.32682449491109433], [-0.2341971406263855, 0.27682452384263706], [-0.20901468561932762, 0.2268245512964662], [-0.18883222793469315, 0.1768245773263269], [-0.17364976771547058, 0.12682460196103895], [-0.16346730510351348, 0.07682462520481431], [-0.1582848402415234, 0.026824647045751233], [-0.1581023732741897, -0.023175332534574412], [-0.1629199043483986, -0.07317531355293863], [-0.1727374336127957, -0.12317529601881437], [-0.18755496121684478, -0.1731752799314109], [-0.20737248730973018, -0.22317526527890302], [-0.2321900120392782, -0.273175252038835], [-0.2620075355508207, -0.3231752401780126], [-0.29682505798545844, -0.3731752296393062], [-0.3366425799199303, -0.42317522918766504], [-0.3812508336157, -0.4689898637498656], [-0.4284954371550372, -0.4759022232275089]]","[-0.4999997225898422, -0.4999997364790352, -0.4999997498885785, -0.49999976276600483, -0.49999977536103846, -0.49999978792024313, -0.4999998006057259, -0.49999981348451933, -0.4999998265429199, -0.4999998397116584, -0.4999998528927355, -0.49999986598115376, -0.49999987887656255, -0.499999891478, -0.4999999035529029, -0.5000000033290366, -0.45814635243216195, -0.06912359998294143]","[[false, false, false, false], [false, false, false, false], [false, false, false, false], [false, false, false, false], [false, false, false, false], [false, false, false, false], [false, false, false, false], [false, false, false, false], [false, false, false, false], [false, false, false, false], [false, false, false, false], [false, false, false, false], [false, false, false, false], [false, false, false, false], [false, false, false, false], [false, false, false, false], [false, false, false, false], [false, false, false, false]]","[[false, true], [false, true], [false, true], [false, true], [false, true], [false, true], [false, true], [false, true], [false, true], [false, true], [false, true], [false, true], [false, true], [false, true], [false, true], [false, true], [false, false], [false, false]]",0.0,1.2232368344832565e-16,6.166688760298585e-20,1.2846583233185026e-19,True,1.2232368344832565e-16,far,far
28,-1.5273213659716465,-0.4919425670692299,1.0228530127436715,0.0,optimal,0.49999451038967063,1474.7282449652241,0.2307332428210478,10,pos_lower,2.4905084883286577e-07,16,u_upper,0,17,"[[-1.5273214028805273, -0.49194262212696455], [-1.5740157294269026, -0.44194322245373685], [-1.6157101140116357, -0.39194378050995604], [-1.6524045523216713, -0.34194429615977023], [-1.6840990399968772, -0.29194476928300334], [-1.7107935726422656, -0.24194519993699037], [-1.7324881458499144, -0.19194558838943537], [-1.749182755224149, -0.14194593514839465], [-1.7608773964095943, -0.0919462409890264], [-1.767572065121574, -0.041946506977034836], [-1.7692667571789522, 0.00805326551117743], [-1.7659614685383895, 0.05805307477155983], [-1.7576561953304382, 0.10805291875862566], [-1.7443509338965635, 0.15805279507478903], [-1.7260456808270055, 0.20805270096259612], [-1.7027404329991294, 0.25805263329970374], [-1.6744351876158219, 0.3080525885996003], [-1.6411299422945613, 0.3580525619914325], [-1.6034298012693315, 0.3959504259824859]]","[0.49999451038967063, 0.4999948958759469, 0.4999952825269617, 0.49999567032545583, 0.49999605766685057, 0.49999644264628473, 0.4999968230842303, 0.4999971965564495, 0.49999756042394095, 0.4999979118627168, 0.4999982478931172, 0.49999856540841875, 0.4999988612026122, 0.499999131996893, 0.4999993744645801, 0.49999958528766136, 0.49999975094915117, 0.3789786455628297]","[[false, false, false, false], [false, false, false, false], [false, false, false, false], [false, false, false, false], [false, false, false, false], [false, false, false, false], [false, false, false, false], [false, false, false, false], [false, false, false, false], [false, false, false, false], [false, false, false, false], [false, false, false, false], [false, false, false, false], [false, false, false, false], [false, false, false, false], [false, false, false, false], [false, false, false, false], [false, false, false, false]]","[[true, false], [true, false], [true, false], [true, false], [true, false], [true, false], [true, false], [true, false], [true, false], [true, false], [true, false], [true, false], [true, false], [true, false], [true, false], [true, false], [true, false], [false, false]]",0.0,9.25175536422785e-17,3.2889286451005267e-18,1.2846583233185026e-19,True,9.25175536422785e-17,mid,mid
29,-0.12199286319556046,-0.40647386515967787,0.004805965475472185,0.0,optimal,0.5000000147833765,12.787828558056372,0.6435261366053846,1,vel_lower,-1.4783376522942149e-08,0,u_upper,0,12,"[[-0.121992863087873, -0.4064738650109293], [-0.16014024940743926, -0.3564738633946154], [-0.19328763557120932, -0.3064738619014501], [-0.22143502159176934, -0.25647386053162474], [-0.24458240748182639, -0.2064738592852864], [-0.26272979325419243, -0.15647385816203035], [-0.27587717892169206, -0.10647385716079148], [-0.28402456449709124, -0.056473856279731297], [-0.2871719499930091, -0.006473855516142822], [-0.28531933542181354, 0.04352614513362303], [-0.27846672079552026, 0.0935261456742209], [-0.2666141061256752, 0.1435261461114153], [-0.24976149142252846, 0.1935261464662288], [-0.2287682449924989, 0.22633878079495132], [-0.20528630755629068, 0.24329996675364354], [-0.1806794169618295, 0.24883784413824064], [-0.15588775930376353, 0.2469953082162425], [-0.1314783125043738, 0.24119362716366743], [-0.10770884536979439, 0.23419571512168363]]","[0.5000000147833765, 0.5000000136603449, 0.5000000125358065, 0.500000011409773, 0.5000000102872076, 0.5000000091740744, 0.5000000080773946, 0.5000000070050509, 0.5000000059656127, 0.5000000049682206, 0.500000004023018, 0.5000000032815978, 0.32812634309562055, 0.1696118594584523, 0.055378773769443904, -0.018425359255956175, -0.05801681053307163, -0.06997912041049648]","[[false, false, false, false], [false, false, false, false], [false, false, false, false], [false, false, false, false], [false, false, false, false], [false, false, false, false], [false, false, false, false], [false, false, false, false], [false, false, false, false], [false, false, false, false], [false, false, false, false], [false, false, false, false], [false, false, false, false], [false, false, false, false], [false, false, false, false], [false, false, false, false], [false, false, false, false], [false, false, false, false]]","[[true, false], [true, false], [true, false], [true, false], [true, false], [true, false], [true, false], [true, false], [true, false], [true, false], [true, false], [true, false], [false, false], [false, false], [false, false], [false, false], [false, false], [false, false]]",0.0,1.1102230246251565e-16,6.233880737539919e-18,2.787109338403247e-17,True,1.1102230246251565e-16,far,far
30,-1.1126012713178612,0.23558445009328322,-0.24768113235945854,0.0,optimal,0.49999994408824905,59.44715534265573,0.3605272857702829,9,vel_upper,2.7912051447920305e-08,4,u_upper,0,7,"[[-1.1126012725810812, 0.23558445016972604], [-1.086542827540704, 0.28558444348506346], [-1.0554843839407746, 0.33558443767204815], [-1.0194259408718342, 0.38558443240419926], [-0.9783674982285483, 0.43558442824657967], [-0.9323090559532896, 0.4855844251189485], [-0.881250614006832, 0.5355844220501532], [-0.8251921723905787, 0.5855844183655967], [-0.7645232256887803, 0.6277945233297595], [-0.7011598641652925, 0.6394727142297171], [-0.6378027797438299, 0.6276689806709042], [-0.5764014595231225, 0.6003574295717797], [-0.5181746842469067, 0.5641780811110344], [-0.4637450189808042, 0.5244152286794763], [-0.41326651353513855, 0.4851548840165882], [-0.36653668318783394, 0.4494417260382417], [-0.3230939457768745, 0.41941302458204865], [-0.28230480133025726, 0.39636986595474566], [-0.2434679626385016, 0.38036690895419856]]","[0.49999994408824905, 0.49999994585999497, 0.49999995115874746, 0.49999996233768484, 0.49999997208794855, 0.4999999719117412, 0.49999996518631784, 0.4221010513300255, 0.11678191048272055, -0.11803733429532931, -0.2731155099460789, -0.3617934838658542, -0.39762852390915904, -0.39260344653012713, -0.35713157988663913, -0.30028701478500774, -0.23043158653697302, -0.16002957020273156]","[[false, false, false, false], [false, false, false, false], [false, false, false, false], [false, false, false, false], [false, false, false, false], [false, false, false, false], [false, false, false, false], [false, false, false, false], [false, false, false, false], [false, false, false, false], [false, false, false, false], [false, false, false, false], [false, false, false, false], [false, false, false, false], [false, false, false, false], [false, false, false, false], [false, false, false, false], [false, false, false, false]]","[[true, false], [true, false], [true, false], [true, false], [true, false], [true, false], [true, false], [false, false], [false, false], [false, false], [false, false], [false, false], [false, false], [false, false], [false, false], [false, false], [false, false], [false, false]]",0.0,3.9237617382456863e-16,1.3877787807814457e-16,5.065967833247453e-19,True,3.9237617382456863e-16,far,mid
31,-0.38073207649125607,-0.23818549302254816,0.5992999283468867,0.0,optimal,0.5000052052494555,171.40532288458184,0.4359293254979867,17,vel_upper,-5.205249455464411e-06,0,u_upper,0,15,"[[-0.38073203995626687, -0.23818544043853643], [-0.4020505214642286, -0.1881848709841933], [-0.4183689479894017, -0.13818434305104024], [-0.4296873237675328, -0.08818385666792072], [-0.4360056530720761, -0.038183411861695465], [-0.437323940202591, 0.011816991515110335], [-0.433642189462949, 0.061817353817219645], [-0.42496040513630634, 0.11181767563662794], [-0.41127859145730034, 0.1618179578292381], [-0.3925967525817159, 0.2118182015381065], [-0.3689148925540521, 0.26181840821332125], [-0.34023301527335703, 0.311818579628653], [-0.30655112445758514, 0.3618187178951359], [-0.2678692236068742, 0.4118188254716293], [-0.22418731596714148, 0.4618189051509871], [-0.17550540420064212, 0.5118189659372363], [-0.12225437414994465, 0.5532013353076491], [-0.06639076217363937, 0.5640706745020133], [-0.010390808004403193, 0.5559282529519405]]","[0.5000052052494555, 0.5000048267838917, 0.5000044481374222, 0.5000040691924156, 0.5000036915234438, 0.50000331700587, 0.5000029477899399, 0.5000025862699091, 0.5000022350531248, 0.5000018969293336, 0.5000015748411897, 0.5000012718564701, 0.5000009911404417, 0.5000007357145458, 0.5000005673688106, 0.41382367051564234, 0.10869338171152713, -0.0814242170395593]","[[false, false, false, false], [false, false, false, false], [false, false, false, false], [false, false, false, false], [false, false, false, false], [false, false, false, false], [false, false, false, false], [false, false, false, false], [false, false, false, false], [false, false, false, false], [false, false, false, false], [false, false, false, false], [false, false, false, false], [false, false, false, false], [false, false, false, false], [false, false, false, false], [false, false, false, false], [false, false, false, false]]","[[true, false], [true, false], [true, false], [true, false], [true, false], [true, false], [true, false], [true, false], [true, false], [true, false], [true, false], [true, false], [true, false], [true, false], [true, false], [false, false], [false, false], [false, false]]",0.0,1.795351596491864e-18,0.0,5.065967833247453e-19,True,1.795351596491864e-18,far,mid
32,-0.44219964622915064,-0.4948200968206788,-1.7571728502456294,0.0,optimal,-0.49999988041134924,130.4313245578604,0.08285225049123579,9,vel_lower,7.947661584406518e-09,6,u_lower,0,12,"[[-0.4421996451295981, -0.4948200958487327], [-0.4941816517268582, -0.5448200827410011], [-0.5511636577167378, -0.5948200720019512], [-0.6131456628909752, -0.6448200639612927], [-0.680127667416436, -0.6948200592112366], [-0.7521096716225859, -0.7448200566126011], [-0.8290916757304851, -0.7948200548295078], [-0.9110736798588449, -0.8448200540479427], [-0.9980556840094469, -0.894820051777444], [-1.088654073143209, -0.9171477495087642], [-1.1797591180312919, -0.9049531622174115], [-1.2684419591873977, -0.8687036704777172], [-1.3528123259967006, -0.8187036717747002], [-1.4321826932630974, -0.7687036752290868], [-1.5065530610224083, -0.7187036785332312], [-1.5759234291633106, -0.6687036812376157], [-1.6405955408863897, -0.6247385512509556], [-1.701368111782806, -0.5907128617824491], [-1.759252001827227, -0.56696493508178]]","[-0.49999988041134924, -0.49999990025677377, -0.49999992588221376, -0.49999995702665395, -0.4999999768233672, -0.499999983386158, -0.4999999920523384, -0.49999997621026504, -0.223276975204756, 0.12194587568150372, 0.36249492036143705, 0.4999999899875403, 0.49999996835014776, 0.4999999696172426, 0.4999999751662847, 0.4396513015474873, 0.34025689587609315, 0.23747926785029772]","[[false, false, false, false], [false, false, false, false], [false, false, false, false], [false, false, false, false], [false, false, false, false], [false, false, false, false], [false, false, false, false], [false, false, false, false], [false, false, false, false], [false, false, false, false], [false, false, false, false], [false, false, false, false], [false, false, false, false], [false, false, false, false], [false, false, false, false], [false, false, false, false], [false, false, false, false], [false, false, false, false]]","[[false, true], [false, true], [false, true], [false, true], [false, true], [false, true], [false, true], [false, true], [false, false], [false, false], [false, false], [true, false], [true, false], [true, false], [true, false], [false, false], [false, false], [false, false]]",0.0,1.2288415574991999e-15,0.0,1.9618808691228432e-16,True,1.2288415574991999e-15,mid,near
33,1.4780725265584467,0.4902968288491284,0.9186528155294478,0.0,optimal,-0.5000032900315351,108.01103653465998,0.2816323370543874,10,pos_upper,-3.2900315350969933e-06,0,u_lower,0,16,"[[1.478072504241628, 0.4902967958033686], [1.5246021450692786, 0.44029643598682455], [1.5661317511195874, 0.39029610168818274], [1.6026613249960322, 0.34029579297623], [1.6341908693294365, 0.2902955099119269], [1.6607203867706355, 0.24029525244921357], [1.6822498799771972, 0.19029502041513371], [1.6987793515982006, 0.1402948134916889], [1.7103088042573162, 0.0902946311996887], [1.7168382405343672, 0.04029447288460884], [1.7183676629456126, -0.009705662295579596], [1.7148970739229217, -0.059705775380623195], [1.70642647579206, -0.10970586761629876], [1.692955870750343, -0.15970594046088282], [1.6744852608437557, -0.2097059955898802], [1.6510146479440144, -0.2597060348943426], [1.6225440336544938, -0.3097060619079115], [1.5903226310688603, -0.3347218433283694], [1.5567682057907564, -0.33636656203147475]]","[-0.5000032900315351, -0.5000030573444774, -0.5000028240758688, -0.500002590219778, -0.5000023567433756, -0.5000021247955805, -0.5000018956914788, -0.5000016708941069, -0.5000014519962075, -0.5000012407021742, -0.5000010388102415, -0.5000008481951032, -0.5000006707911135, -0.5000005085763644, -0.5000003635100378, -0.5000002518209485, -0.25015780495460704, -0.016447184259543803]","[[false, false, false, false], [false, false, false, false], [false, false, false, false], [false, false, false, false], [false, false, false, false], [false, false, false, false], [false, false, false, false], [false, false, false, false], [false, false, false, false], [false, false, false, false], [false, false, false, false], [false, false, false, false], [false, false, false, false], [false, false, false, false], [false, false, false, false], [false, false, false, false], [false, false, false, false], [false, false, false, false]]","[[false, true], [false, true], [false, true], [false, true], [false, true], [false, true], [false, true], [false, true], [false, true], [false, true], [false, true], [false, true], [false, true], [false, true], [false, true], [false, true], [false, false], [false, false]]",4.440892098500626e-16,0.0,0.0,1.0561568336227436e-17,True,4.440892098500626e-16,mid,mid
34,-0.7492161233295374,0.5630116528172687,1.282254158242655,0.0,optimal,0.5000003407213081,382.6224545543755,-1.1014041655599272e-05,11,vel_upper,-4.2789609056015365e-07,7,u_upper,7,8,"[[-0.7492161241648387, 0.5630116561922262], [-0.6904149576772944, 0.6130116937227542], [-0.6266137873949714, 0.6630117321800009], [-0.5578126132263536, 0.713011771567327], [-0.48401143508037464, 0.7630118118900309], [-0.4052102528661769, 0.8130118531562232], [-0.321409066492792, 0.8630118953777914], [-0.23260787586871343, 0.9130119385714901], [-0.1388066807681694, 0.9630119854240383], [-0.040656624424287156, 0.9999891640886375], [0.05934270545307725, 0.9999974455712959], [0.15934312800042105, 1.0000110140416556], [0.2593439657333902, 1.0000057582460804], [0.3593441933470707, 0.9999988151973837], [0.45934402442421396, 0.9999978249675233], [0.5593436551550153, 0.9999948058068304], [0.6587670578400232, 0.9884732585282805], [0.7563821453092558, 0.9638285001250245], [0.8513439699231431, 0.9354079989824204]]","[0.5000003407213081, 0.5000003491505388, 0.500000357609702, 0.5000003661161048, 0.500000374694955, 0.5000003833802127, 0.5000003922158884, 0.5000004278960906, 0.36977174507969585, 8.288014311869732e-05, 0.00013577421160662444, -5.257916142562081e-05, -6.950937653638522e-05, -9.969402068980027e-06, -3.0237464212850697e-05, -0.11521546807458759, -0.24644758097719208, -0.28420500985961406]","[[false, false, false, false], [false, false, false, false], [false, false, false, false], [false, false, false, false], [false, false, false, false], [false, false, false, false], [false, false, false, false], [false, false, false, false], [false, false, true, false], [false, false, true, false], [false, false, true, false], [false, false, true, false], [false, false, true, false], [false, false, true, false], [false, false, true, false], [false, false, false, false], [false, false, false, false], [false, false, false, false]]","[[true, false], [true, false], [true, false], [true, false], [true, false], [true, false], [true, false], [true, false], [false, false], [false, false], [false, false], [false, false], [false, false], [false, false], [false, false], [false, false], [false, false], [false, false]]",0.0,0.0,25.68426180158947,0.0,True,25.68426180158947,near,near
35,0.6940486053087858,-0.060766197427453594,-1.0476888155122683,0.0,optimal,-0.49999961407961135,409.1996639667433,0.13175151796128204,17,vel_lower,1.776215113880042e-08,14,u_lower,0,15,"[[0.6940486074607038, -0.060766193539402845], [0.6854719921878432, -0.11076615127454753], [0.6718953810206809, -0.1607661116152564], [0.6533187736884299, -0.2107660747321198], [0.6297421699182514, -0.26076604047894425], [0.6011655694485087, -0.31076600876202404], [0.5675889720223727, -0.3607659795639566], [0.5290123773847, -0.41076595285660644], [0.4854357852856113, -0.4607659285516151], [0.43685919549398244, -0.5107659063531358], [0.3832826077964805, -0.5607658861933166], [0.3247060219834085, -0.6107658680603922], [0.261129437856118, -0.6607658517393113], [0.19255285524653618, -0.7107658368283407], [0.11897627401785081, -0.7607658230987173], [0.040399693547031115, -0.8107658204955147], [-0.043094990140331316, -0.8591278860940569], [-0.1294638070572155, -0.868248482038718], [-0.21553559916717005, -0.8531873828884808]]","[-0.49999961407961135, -0.499999637968696, -0.49999966355496395, -0.499999687681011, -0.49999971087982964, -0.4999997339214386, -0.4999997567060781, -0.49999977863955014, -0.49999979765438446, -0.49999981603307925, -0.4999998343388959, -0.49999985054228024, -0.49999986277672126, -0.4999998727656425, -0.49999998223784886, -0.4836206625143687, -0.09120596375308773, 0.15061098932086514]","[[false, false, false, false], [false, false, false, false], [false, false, false, false], [false, false, false, false], [false, false, false, false], [false, false, false, false], [false, false, false, false], [false, false, false, false], [false, false, false, false], [false, false, false, false], [false, false, false, false], [false, false, false, false], [false, false, false, false], [false, false, false, false], [false, false, false, false], [false, false, false, false], [false, false, false, false], [false, false, false, false]]","[[false, true], [false, true], [false, true], [false, true], [false, true], [false, true], [false, true], [false, true], [false, true], [false, true], [false, true], [false, true], [false, true], [false, true], [false, true], [false, false], [false, false], [false, false]]",0.0,0.0,3.962123889184052e-16,4.440892098500626e-16,True,4.440892098500626e-16,mid,near
36,-1.2915489211088023,0.48312287585260993,-0.20342906676538908,0.0,optimal,0.4999998907444829,81.70871590719975,0.18712279148486866,7,vel_upper,-1.501552371330206e-08,10,u_lower,0,10,"[[-1.2915489220235297, 0.4831228749563562], [-1.2407366359872385, 0.5331228632260813], [-1.1849243509825989, 0.5831228543155509], [-1.1241120667579934, 0.6331228474911021], [-1.058299783135486, 0.6831228419740032], [-0.9874875000000137, 0.7331228372543768], [-0.9116752172893322, 0.7831228327539306], [-0.8318752159662519, 0.8128772085151313], [-0.7508698191628513, 0.8072307411106341], [-0.671735780712667, 0.7754500400124997], [-0.5965917599521556, 0.7274303858113197], [-0.526348721907621, 0.6774303842452074], [-0.4611056839161514, 0.6274303834126977], [-0.4008626459297753, 0.5774303829064065], [-0.34561960791845403, 0.5274303827717784], [-0.2951536223780643, 0.48188933244575105], [-0.24879392390278995, 0.4453046405242074], [-0.20560256739485244, 0.4185224922365894], [-0.16463606362271435, 0.4008075850035168]]","[0.4999998907444829, 0.4999999179831535, 0.49999993788241676, 0.49999995002010644, 0.4999999571000494, 0.4999999584461806, 0.29754376026762197, -0.05646467207583896, -0.3178070095764357, -0.4801965410428468, -0.5000000150155237, -0.5000000079408347, -0.5000000048814008, -0.5000000013126429, -0.4554105033215015, -0.3658469193257702, -0.26782148299925845, -0.1771490724346309]","[[false, false, false, false], [false, false, false, false], [false, false, false, false], [false, false, false, false], [false, false, false, false], [false, false, false, false], [false, false, false, false], [false, false, false, false], [false, false, false, false], [false, false, false, false], [false, false, false, false], [false, false, false, false], [false, false, false, false], [false, false, false, false], [false, false, false, false], [false, false, false, false], [false, false, false, false], [false, false, false, false]]","[[true, false], [true, false], [true, false], [true, false], [true, false], [true, false], [false, false], [false, false], [false, false], [false, false], [false, true], [false, true], [false, true], [false, true], [false, false], [false, false], [false, false], [false, false]]",0.0,0.0,5.551115123125783e-17,6.237154218642541e-17,True,6.237154218642541e-17,mid,near
37,-0.952437232655263,-0.23285205101921697,0.36441001713272136,0.0,optimal,0.5000004773490261,313.3093973796924,0.4037524428325501,17,vel_upper,-4.773490260845392e-07,0,u_upper,0,16,"[[-0.9524372292664532, -0.2328520461698241], [-0.9732224281102495, -0.1828519939245185], [-0.9890076219102228, -0.13285194550414203], [-0.9997928110562276, -0.08285190090516703], [-1.005577995940993, -0.032851860124784554], [-1.0063631769591128, 0.017148176855479966], [-1.0021483545050973, 0.06714821007228669], [-0.9929335289712093, 0.11714823958271244], [-0.9787187007450063, 0.1671482654670418], [-0.9595038702066342, 0.21714828783165704], [-0.9352890377258839, 0.26714830681108803], [-0.9060742036590678, 0.3171483225686372], [-0.8718593683459155, 0.3671483352970284], [-0.8326445321062923, 0.4171483452202228], [-0.7884296952366985, 0.4671483525967768], [-0.7392148580067257, 0.517148357717809], [-0.6850000206231048, 0.5671483615570174], [-0.6268302235914839, 0.5962475571674499], [-0.5673065976027496, 0.5942249476794103]]","[0.5000004773490261, 0.5000004425018121, 0.5000004076946647, 0.5000003729082063, 0.5000003382840682, 0.5000003039865168, 0.5000002701998147, 0.5000002371340998, 0.5000002050265869, 0.500000174133494, 0.5000001447160198, 0.5000001170408878, 0.5000000913921632, 0.5000000680869567, 0.5000000474217642, 0.500000036193185, 0.2909919551658181, -0.02022609498134538]","[[false, false, false, false], [false, false, false, false], [false, false, false, false], [false, false, false, false], [false, false, false, false], [false, false, false, false], [false, false, false, false], [false, false, false, false], [false, false, false, false], [false, false, false, false], [false, false, false, false], [false, false, false, false], [false, false, false, false], [false, false, false, false], [false, false, false, false], [false, false, false, false], [false, false, false, false], [false, false, false, false]]","[[true, false], [true, false], [true, false], [true, false], [true, false], [true, false], [true, false], [true, false], [true, false], [true, false], [true, false], [true, false], [true, false], [true, false], [true, false], [true, false], [false, false], [false, false]]",0.0,0.0,8.693023677056268e-17,2.017360354214889e-17,True,8.693023677056268e-17,far,mid
38,-1.0343270945944587,0.42793714091085067,1.1891898372419663,0.0,optimal,0.5000001069116355,534.0004116315461,-8.331151782448032e-06,16,vel_upper,-1.071748525482974e-07,10,u_upper,5,11,"[[-1.0343270945047054, 0.42793714196863175], [-0.9890333796835311, 0.47793715370856404], [-0.9387396636933351, 0.5279371653444861], [-0.8834459465452987, 0.5779371768732873], [-0.8231522282512937, 0.6279371882928428], [-0.7578585088237475, 0.6779371996024848], [-0.6875647882754776, 0.7279372108034577], [-0.6122710666194856, 0.7779372218993772], [-0.5319773438686894, 0.8279372328966792], [-0.4466836200356194, 0.8779372438050727], [-0.3563898951320845, 0.9279372546379869], [-0.26109616912336, 0.9779372663208664], [-0.16219916456607408, 1.0000028261099252], [-0.06219918841749097, 0.9999967014077965], [0.0378003301570041, 0.9999936713444708], [0.13779989846170632, 0.9999976891438364], [0.23780019991213472, 1.0000083311517824], [0.3374990402072172, 0.9939684738215022], [0.4357864824636091, 0.9717803703648837]]","[0.5000001069116355, 0.5000001059648627, 0.5000001049895677, 0.5000001039945281, 0.5000001029928154, 0.5000001020016626, 0.5000001010424467, 0.5000001001406678, 0.5000000993259288, 0.5000000986319117, 0.5000001071748525, 0.22065558825830586, -6.12850845047031e-05, -3.03061836915624e-05, 4.023533216036243e-05, 0.00010650059981378195, -0.06039857544659718, -0.22188103570805554]","[[false, false, false, false], [false, false, false, false], [false, false, false, false], [false, false, false, false], [false, false, false, false], [false, false, false, false], [false, false, false, false], [false, false, false, false], [false, false, false, false], [false, false, false, false], [false, false, false, false], [false, false, true, false], [false, false, true, false], [false, false, true, false], [false, false, true, false], [false, false, true, false], [false, false, false, false], [false, false, false, false]]","[[true, false], [true, false], [true, false], [true, false], [true, false], [true, false], [true, false], [true, false], [true, false], [true, false], [true, false], [false, false], [false, false], [false, false], [false, false], [false, false], [false, false], [false, false]]",0.0,0.0,21.02015268093293,7.240576710675162e-19,True,21.02015268093293,near,near
39,0.7022814590429975,-0.0814883522698755,0.5856206672312387,0.0,optimal,-0.18760914803662354,0.7613800376521827,0.8859698331807462,3,vel_lower,0.31239085196337646,0,u_lower,0,0,"[[0.7022810398298236, -0.08148852258358327], [0.6931937348034942, -0.10024956652276211], [0.6826482651310231, -0.11065223905111193], [0.6714137947141949, -0.11403016681925383], [0.6601017433148124, -0.11220455345633869], [0.6491543124893329, -0.10673851428931425], [0.6388718540363858, -0.09890589115238166], [0.6294402918504037, -0.0897213690196799], [0.620955295038077, -0.07997533356237621], [0.6134430256040079, -0.07026752158225073], [0.6068776473601645, -0.06103814544064257], [0.6011958802786685, -0.05259585909425692], [0.5963089333333271, -0.04514222163233916], [0.5921121733742262, -0.038792512461968486], [0.5884928950397739, -0.033592894808819204], [0.585336552969971, -0.029534005690681195], [0.5825318186787944, -0.026560872334293006], [0.5799749797090163, -0.024576149764427423], [0.5775762531661166, -0.023398595379945153]]","[-0.18760914803662354, -0.10402579701183724, -0.03377866173370475, 0.0182564876004433, 0.054660532108771406, 0.07832620372609739, 0.09184506728352379, 0.09746011152677547, 0.097077820569055, 0.09229343411342422, 0.08442253152155747, 0.07453605690251164, 0.06349680270303087, 0.05199592659763397, 0.040588686783370215, 0.02973117755098606, 0.019847117552728433, 0.01177547990972476]","[[false, false, false, false], [false, false, false, false], [false, false, false, false], [false, false, false, false], [false, false, false, false], [false, false, false, false], [false, false, false, false], [false, false, false, false], [false, false, false, false], [false, false, false, false], [false, false, false, false], [false, false, false, false], [false, false, false, false], [false, false, false, false], [false, false, false, false], [false, false, false, false], [false, false, false, false], [false, false, false, false]]","[[false, false], [false, false], [false, false], [false, false], [false, false], [false, false], [false, false], [false, false], [false, false], [false, false], [false, false], [false, false], [false, false], [false, false], [false, false], [false, false], [false, false], [false, false]]",0.0,0.0,1.2466594337581501e-19,3.926981277071609e-21,False,1.2466594337581501e-19,far,far
40,0.2691135005207539,0.179815921865784,-1.91155612275651,0.0,optimal,-0.49999996660618157,849.4147621437241,0.31919120447123217,18,vel_lower,-2.9157725345285712e-08,16,u_lower,0,17,"[[0.26911350065580664, 0.17981592223393195], [0.2845950931811615, 0.12981592592795577], [0.2950766860693417, 0.07981592947818222], [0.30055827930854995, 0.029815932936540827], [0.30103987289226464, -0.02018406364279174], [0.2965214668180651, -0.07018406023278029], [0.28700306108480733, -0.12018405683365158], [0.27248465569030184, -0.1701840534655812], [0.2529662506296817, -0.22018405016000236], [0.22844784589469264, -0.2701840469518832], [0.19892944147360536, -0.32018404387410826], [0.16441103735157167, -0.37018404095426555], [0.12489263351122225, -0.4201840382135479], [0.08037422993331018, -0.4701840356670338], [0.03085582659727218, -0.5201840333244567], [-0.02366257651823267, -0.5701840311903938], [-0.08318097943453964, -0.6201840292587137], [-0.147699382397677, -0.6701840320284802], [-0.2152490236800982, -0.6808087955287678]]","[-0.49999996660618157, -0.49999996791504475, -0.4999999687102983, -0.4999999689685649, -0.499999968959345, -0.49999996895293897, -0.4999999691465564, -0.4999999696509792, -0.49999997050039785, -0.4999999716734814, -0.4999999731174551, -0.4999999747690272, -0.49999997656816986, -0.499999978462815, -0.4999999804030032, -0.4999999822834017, -0.5000000291577253, -0.10624763632796606]","[[false, false, false, false], [false, false, false, false], [false, false, false, false], [false, false, false, false], [false, false, false, false], [false, false, false, false], [false, false, false, false], [false, false, false, false], [false, false, false, false], [false, false, false, false], [false, false, false, false], [false, false, false, false], [false, false, false, false], [false, false, false, false], [false, false, false, false], [false, false, false, false], [false, false, false, false], [false, false, false, false]]","[[false, true], [false, true], [false, true], [false, true], [false, true], [false, true], [false, true], [false, true], [false, true], [false, true], [false, true], [false, true], [false, true], [false, true], [false, true], [false, true], [false, true], [false, false]]",2.7929445698662062e-18,5.23161084032947e-17,6.804817684889425e-20,1.046322168065894e-16,True,1.046322168065894e-16,far,mid
41,-0.26941631305404923,-0.550062991365729,-0.02764223147521294,0.0,optimal,0.4999999741247935,47.05896944628373,0.4999370055461587,1,vel_lower,-1.6423005178012318e-09,13,u_upper,0,15,"[[-0.2694163132956776, -0.5500629916281072], [-0.3219226128292012, -0.5000629944538413], [-0.3694289126301899, -0.45006299696761914], [-0.41193521266637034, -0.40006299916395], [-0.4494415129070048, -0.3500630010850392], [-0.48194781332508463, -0.300063002769169], [-0.5094541138957289, -0.25006300422520633], [-0.5319604145937957, -0.20006300544335504], [-0.5494667153931012, -0.15006300641628167], [-0.5619730162671268, -0.10006300714807745], [-0.5694793171901176, -0.050063007652521176], [-0.5719856181378458, -6.300794857644934e-05], [-0.5694919190881179, 0.049936991940416786], [-0.5619982200211393, 0.09993699198904374], [-0.5495045209195284, 0.14993699217376436], [-0.5320108217894033, 0.1999369920482064], [-0.5100097065400536, 0.2400853139953843], [-0.485203455345726, 0.25603971040681506], [-0.4595997876603749, 0.2560336434511414]]","[0.4999999741247935, 0.4999999770018879, 0.49999997993459, 0.49999998244803323, 0.4999999845830327, 0.4999999866348818, 0.4999999887915072, 0.499999991030063, 0.4999999932385601, 0.4999999953226386, 0.49999999723306815, 0.4999999989286937, 0.5000000003913501, 0.5000000016423005, 0.49999999845571463, 0.4014832191278115, 0.15954396377547525, -6.066983666490363e-05]","[[false, false, false, false], [false, false, false, false], [false, false, false, false], [false, false, false, false], [false, false, false, false], [false, false, false, false], [false, false, false, false], [false, false, false, false], [false, false, false, false], [false, false, false, false], [false, false, false, false], [false, false, false, false], [false, false, false, false], [false, false, false, false], [false, false, false, false], [false, false, false, false], [false, false, false, false], [false, false, false, false]]","[[true, false], [true, false], [true, false], [true, false], [true, false], [true, false], [true, false], [true, false], [true, false], [true, false], [true, false], [true, false], [true, false], [true, false], [true, false], [false, false], [false, false], [false, false]]",1.3635552350938197e-16,2.615805420164735e-17,3.408888087734549e-17,1.205732206192395e-18,True,1.3635552350938197e-16,far,far
42,-0.544444120535087,-0.4265709733607437,-1.8243463484762623,0.0,optimal,-0.5000000152507074,129.32726537722033,0.11549593004274039,10,vel_lower,-1.4460575226138417e-07,5,u_lower,0,9,"[[-0.544444121757496, -0.4265709734617078], [-0.5896012192356388, -0.47657097532532455], [-0.6397583171962918, -0.5265709722773844], [-0.6949154147697993, -0.5765709669711708], [-0.7550725120171213, -0.6265709666738715], [-0.8202296096493684, -0.6765709756172924], [-0.8903867084049405, -0.7265709900756079], [-0.9655438079543928, -0.7765709928880712], [-1.0457009070242897, -0.8265709825681375], [-1.1307573732562992, -0.8745583388640401], [-1.2187104937144513, -0.8845040699572596], [-1.3061994551723974, -0.8652751610190473], [-1.3908326521864969, -0.827388782018986], [-1.4711847061308982, -0.7796522994337852], [-1.5466499355336785, -0.7296522905144225], [-1.6171969701434639, -0.6812884025376018], [-1.683216761645903, -0.6391074264968728], [-1.7454594361381421, -0.6057460625440705], [-1.804842133794926, -0.5819078884199707]]","[-0.5000000152507074, -0.4999999683375298, -0.4999999461600744, -0.4999999963848388, -0.5000000890331388, -0.5000001446057523, -0.5000000287513525, -0.4999998979419656, -0.4798735642428047, -0.09945731202964012, 0.1922890887155349, 0.3788637898079222, 0.4773648260142556, 0.5000000895727816, 0.4836388804654205, 0.421809761273282, 0.33361364041867403, 0.23838174207583435]","[[false, false, false, false], [false, false, false, false], [false, false, false, false], [false, false, false, false], [false, false, false, false], [false, false, false, false], [false, false, false, false], [false, false, false, false], [false, false, false, false], [false, false, false, false], [false, false, false, false], [false, false, false, false], [false, false, false, false], [false, false, false, false], [false, false, false, false], [false, false, false, false], [false, false, false, false], [false, false, false, false]]","[[false, true], [false, true], [false, true], [false, true], [false, true], [false, true], [false, true], [false, true], [false, false], [false, false], [false, false], [false, false], [false, false], [true, false], [false, false], [false, false], [false, false], [false, false]]",1.3964722849331031e-18,8.881784197001252e-16,8.522220219336373e-18,3.630041335403295e-19,True,8.881784197001252e-16,mid,near
43,0.28046263096867863,-0.39528843775573663,1.9555525445332673,0.0,optimal,0.5000003725999133,613.9010049545229,0.5291675496810017,18,vel_upper,-3.725999132564439e-07,0,u_upper,0,17,"[[0.28046263361117607, -0.39528843396184066], [0.24343379471866222, -0.3452883931722822], [0.21140495976455054, -0.29528835535966624], [0.18437612844554616, -0.24528832051972785], [0.16234730045636903, -0.19528828864759884], [0.1453184754905806, -0.14528825972649972], [0.13328965324204906, -0.09528823372533621], [0.12626083340673977, -0.045288210596747126], [0.12423201568449642, 0.00471180972396915], [0.12720319978110659, 0.05471182731958971], [0.1351743854103244, 0.10471184229312738], [0.148145572296192, 0.15471185476950966], [0.16611676017541338, 0.20471186489548793], [0.18908794879970392, 0.2547118728400911], [0.21705913793847995, 0.30471187880013856], [0.2500303273819642, 0.35471188300434275], [0.2880015169442012, 0.40471188570624883], [0.3309727064891382, 0.45471188765460274], [0.3772499239915431, 0.47083245031899834]]","[0.5000003725999133, 0.5000003454814071, 0.5000003184075159, 0.5000002913750757, 0.5000002644916985, 0.5000002378871035, 0.5000002117088039, 0.5000001861134831, 0.5000001612638043, 0.5000001373429206, 0.5000001145497343, 0.5000000930814438, 0.500000073139155, 0.500000054978554, 0.5000000388960976, 0.5000000251176062, 0.5000000185727682, 0.16120562644787492]","[[false, false, false, false], [false, false, false, false], [false, false, false, false], [false, false, false, false], [false, false, false, false], [false, false, false, false], [false, false, false, false], [false, false, false, false], [false, false, false, false], [false, false, false, false], [false, false, false, false], [false, false, false, false], [false, false, false, false], [false, false, false, false], [false, false, false, false], [false, false, false, false], [false, false, false, false], [false, false, false, false]]","[[true, false], [true, false], [true, false], [true, false], [true, false], [true, false], [true, false], [true, false], [true, false], [true, false], [true, false], [true, false], [true, false], [true, false], [true, false], [true, false], [true, false], [false, false]]",1.3635552350938197e-16,5.9188662313069e-17,1.1102230246251565e-16,1.6653345369377348e-16,True,1.6653345369377348e-16,far,far
44,0.25939564704126394,-0.1837562345581955,0.418211260814517,0.0,optimal,0.5000000345426265,4.58902473237312,0.8251778300726995,10,vel_upper,-3.454262653690421e-08,0,u_upper,0,5,"[[0.25939564204578247, -0.18375623714048017], [0.24352001417962144, -0.13375623623157176], [0.23264438526291, -0.08375625258179042], [0.22676875465326457, -0.03375626976522317], [0.22589312206546233, 0.01624370636506653], [0.23001748618253184, 0.06624366207357091], [0.2391060406355473, 0.11552751002396876], [0.25229640819383053, 0.1482799194920969], [0.2680547657756358, 0.16688730302883775], [0.28513617640489175, 0.17474096948534026], [0.30261433108954217, 0.17482216992730043], [0.31983658199440035, 0.1696228775990476], [0.33637690196931314, 0.16118353435046712], [0.35199317652569895, 0.15114195358005802], [0.36658936773845807, 0.14078185507736923], [0.3801823741677068, 0.13107825001194506], [0.3928730878015712, 0.12273599601284492], [0.4048204247480668, 0.1162107175489514], [0.4162107166755161, 0.11159510240580305]]","[0.5000000345426265, 0.4999998557121391, 0.49999984366014244, 0.4999997733445853, 0.4999995654026923, 0.49283848354357346, 0.32752409437218344, 0.18607383108712222, 0.0785366568073042, 0.0008119940245521518, -0.05199293522358738, -0.08439344481290562, -0.10041581928953489, -0.10360099488561125, -0.09703605828072406, -0.08342254534843409, -0.06525278798461456, -0.04615615323288069]","[[false, false, false, false], [false, false, false, false], [false, false, false, false], [false, false, false, false], [false, false, false, false], [false, false, false, false], [false, false, false, false], [false, false, false, false], [false, false, false, false], [false, false, false, false], [false, false, false, false], [false, false, false, false], [false, false, false, false], [false, false, false, false], [false, false, false, false], [false, false, false, false], [false, false, false, false], [false, false, false, false]]","[[true, false], [true, false], [true, false], [true, false], [true, false], [false, false], [false, false], [false, false], [false, false], [false, false], [false, false], [false, false], [false, false], [false, false], [false, false], [false, false], [false, false], [false, false]]",8.522220219336373e-18,6.817776175469099e-17,1.4520165341611578e-18,3.7166039093576913e-19,True,6.817776175469099e-17,far,far
45,-1.527027612704968,0.5502710558897345,-0.08140419006265898,0.0,optimal,0.4999995303377182,158.72008163648812,0.013612463952704656,9,vel_upper,-7.760386389055185e-08,12,u_lower,0,11,"[[-1.5270276183341962, 0.5502710530330482], [-1.469500518085273, 0.6002710021760024], [-1.4069734234856122, 0.6502709686394812], [-1.3394463317193477, 0.7002709455982121], [-1.2669192418768673, 0.7502709273634753], [-1.1893921535554646, 0.8002709134229729], [-1.1068650663493242, 0.850270903502362], [-1.0193379799187776, 0.90027089492697], [-0.9268108938724114, 0.9502708907334148], [-0.8299779754585743, 0.9863875360472953], [-0.7315083254822257, 0.9830055147706965], [-0.6348295063629075, 0.9505709100599999], [-0.542258056922383, 0.9008581114660228], [-0.4546722473114365, 0.8508581040698837], [-0.37208643784747036, 0.8008581005166389], [-0.29450062828187623, 0.7508580995180898], [-0.22180823180154993, 0.702989833583087], [-0.15339142411438972, 0.6653463198845818], [-0.08818320151798381, 0.6388181304537235]]","[0.4999995303377182, 0.4999996914666405, 0.499999792829407, 0.4999998382032178, 0.4999998755315346, 0.4999999123333071, 0.4999999223586857, 0.49999996513125355, 0.36116645532906005, -0.03382021495356823, -0.3243460489685378, -0.49712798852006834, -0.5000000776038639, -0.5000000396765256, -0.5000000141077238, -0.4786826632309272, -0.3764351403101224, -0.26528189674587693]","[[false, false, false, false], [false, false, false, false], [false, false, false, false], [false, false, false, false], [false, false, false, false], [false, false, false, false], [false, false, false, false], [false, false, false, false], [false, false, false, false], [false, false, false, false], [false, false, false, false], [false, false, false, false], [false, false, false, false], [false, false, false, false], [false, false, false, false], [false, false, false, false], [false, false, false, false], [false, false, false, false]]","[[true, false], [true, false], [true, false], [true, false], [true, false], [true, false], [true, false], [true, false], [false, false], [false, false], [false, false], [false, false], [false, true], [false, true], [false, true], [false, false], [false, false], [false, false]]",8.522220219336373e-18,4.440892098500626e-16,4.100003289727171e-16,1.8150206677016514e-19,True,4.440892098500626e-16,near,near
46,0.9047527272009162,-0.5007240000930737,-0.061371678144462205,0.0,optimal,-0.4999998504366242,59.954793254085644,0.2317932330336947,6,vel_lower,-2.2918877062849674e-07,2,u_lower,0,10,"[[0.9047527292437393, -0.5007240015762248], [0.8521803280672072, -0.5507239861249995], [0.7946079291146535, -0.6007239954484405], [0.7320355284658362, -0.6507240189265227], [0.6644631258533177, -0.7007240326461974], [0.5918907219258962, -0.7507240453171067], [0.5159441813496375, -0.7682067669663053], [0.4398824446188173, -0.7530279689533074], [0.3664888895318509, -0.7148431329343108], [0.29750457569878075, -0.6648431422047513], [0.2335202612641359, -0.6148431430444941], [0.17453594696968283, -0.5648431378526592], [0.1205516330667471, -0.5148431339761621], [0.07156731932841989, -0.4648431334228136], [0.027509190075876256, -0.4163194430765633], [-0.012101363341911617, -0.37589161553047257], [-0.04812535028924804, -0.34458811282087176], [-0.08147487690815972, -0.32240240913076723], [-0.11300692440143438, -0.30823853213570507]]","[-0.4999998504366242, -0.5000000874707313, -0.5000002291887706, -0.5000001327680739, -0.500000122410819, -0.1748272118387289, 0.1517879850746228, 0.3818483651408028, 0.4999999118036607, 0.49999999543802737, 0.5000000552263905, 0.5000000418575967, 0.5000000086510274, 0.48523690670056613, 0.4042782786584852, 0.313035030056597, 0.22185703934590492, 0.14163877172351452]","[[false, false, false, false], [false, false, false, false], [false, false, false, false], [false, false, false, false], [false, false, false, false], [false, false, false, false], [false, false, false, false], [false, false, false, false], [false, false, false, false], [false, false, false, false], [false, false, false, false], [false, false, false, false], [false, false, false, false], [false, false, false, false], [false, false, false, false], [false, false, false, false], [false, false, false, false], [false, false, false, false]]","[[false, true], [false, true], [false, true], [false, true], [false, true], [false, false], [false, false], [false, false], [true, false], [true, false], [true, false], [true, false], [true, false], [false, false], [false, false], [false, false], [false, false], [false, false]]",2.904033068322636e-18,2.384211188899704e-16,1.1102230246251565e-16,2.220446049250313e-16,True,2.384211188899704e-16,mid,mid
47,-0.0297376180655331,0.5253917459699794,0.3299490409299466,0.0,optimal,-0.22934270338388474,6.480745010226929,0.49754252464537774,1,vel_upper,0.02622775469676042,4,u_lower,0,0,"[[-0.029737619505030143, 0.5253917467309251], [0.021654841462694648, 0.5024574753546223], [0.07018394548948884, 0.46812462135763466], [0.1148862328245077, 0.4259211379831905], [0.1551644006444614, 0.37964222629324074], [0.19075976189190624, 0.33226500192006925], [0.22167272931831103, 0.28599434516803157], [0.24809202108284859, 0.2423914844682213], [0.2703364078560227, 0.20249624261673727], [0.2888079687454572, 0.1669349661707394], [0.30395530320668757, 0.13601171558897923], [0.3162451550013099, 0.10978531631870384], [0.32614107995702346, 0.088133183644593], [0.334087827198978, 0.07080176705392596], [0.3405001493978971, 0.057444686487306114], [0.34575488276464267, 0.04764999173999532], [0.3501852942709757, 0.0409582481336475], [0.3540764755525072, 0.036865384412552674], [0.35765615863639455, 0.03472828081843388]]","[-0.22934270338388474, -0.34332854029989524, -0.4220348348565084, -0.4627891180928869, -0.4737722453032396, -0.46270656920301273, -0.4360286082303053, -0.39895241879758137, -0.3556127635594524, -0.3092325038526022, -0.26226399011365326, -0.21652132409975205, -0.17331416387699772, -0.13357080481425193, -0.09794694794985728, -0.06691743761605351, -0.040928639329165586, -0.021371037983666245]","[[false, false, false, false], [false, false, false, false], [false, false, false, false], [false, false, false, false], [false, false, false, false], [false, false, false, false], [false, false, false, false], [false, false, false, false], [false, false, false, false], [false, false, false, false], [false, false, false, false], [false, false, false, false], [false, false, false, false], [false, false, false, false], [false, false, false, false], [false, false, false, false], [false, false, false, false], [false, false, false, false]]","[[false, false], [false, false], [false, false], [false, false], [false, false], [false, false], [false, false], [false, false], [false, false], [false, false], [false, false], [false, false], [false, false], [false, false], [false, false], [false, false], [false, false], [false, false]]",4.462123862135024e-18,1.895412133557954e-17,2.220446049250313e-16,1.2758199422573552e-17,False,2.220446049250313e-16,far,far
48,-0.08483391661774786,-0.2796292042897277,-0.7747826122242598,0.0,optimal,-0.49999984330725633,32.42453961329319,0.44556462420235776,6,vel_lower,1.4245081336738963e-08,2,u_lower,0,5,"[[-0.08483391584741765, -0.2796292040016902], [-0.1152968341937078, -0.32962918679548014], [-0.15075975162888383, -0.3796291814231215], [-0.19122266873221783, -0.4296291793630178], [-0.23668558546202137, -0.47962917421124884], [-0.2871485013061318, -0.5296291616704651], [-0.3413517272471126, -0.5544353757976422], [-0.39673405270122586, -0.5532111514112267], [-0.4510533755494835, -0.5331753231853602], [-0.5027564904664592, -0.5008869924236964], [-0.5508842543773429, -0.46166830280847215], [-0.5949531535326105, -0.41970969687373344], [-0.6348498474138411, -0.37822419617369396], [-0.6707406991275258, -0.3395928510642138], [-0.7029950325792713, -0.30549382721105434], [-0.7321203258592548, -0.2770120430312135], [-0.758707220603489, -0.25472585214814275], [-0.7833807928249641, -0.23874558979541147], [-0.8067383885836217, -0.22840632155528]]","[-0.49999984330725633, -0.4999999534161454, -0.49999998575491866, -0.4999999544582553, -0.49999987958236103, -0.24806214496207454, 0.012242241250795646, 0.20035828048836068, 0.32288330653239716, 0.39218689574532667, 0.4195860597475246, 0.41485500837066014, 0.38631345346882606, 0.3409902417331756, 0.2848178454306167, 0.2228619123544623, 0.15980262645890891, 0.10339268453920952]","[[false, false, false, false], [false, false, false, false], [false, false, false, false], [false, false, false, false], [false, false, false, false], [false, false, false, false], [false, false, false, false], [false, false, false, false], [false, false, false, false], [false, false, false, false], [false, false, false, false], [false, false, false, false], [false, false, false, false], [false, false, false, false], [false, false, false, false], [false, false, false, false], [false, false, false, false], [false, false, false, false]]","[[false, true], [false, true], [false, true], [false, true], [false, true], [false, false], [false, false], [false, false], [false, false], [false, false], [false, false], [false, false], [false, false], [false, false], [false, false], [false, false], [false, false], [false, false]]",7.933300442036978e-19,1.895412133557954e-17,1.916975849151752e-18,1.2758199422573552e-17,True,1.895412133557954e-17,far,mid
49,0.06615168790892101,-0.073306247633944,-2.20058443255048,0.0,optimal,-0.4999999985169067,746.4481704310494,0.08998432572115755,17,vel_lower,-1.3793552966490097e-09,15,u_lower,0,16,"[[0.06615168784581166, -0.07330624762357973], [0.05632106302791494, -0.12330624745859177], [0.04149043823017994, -0.17330624722179871], [0.02165981346002554, -0.22330624691513906], [-0.0031708112751615983, -0.2733062465414991], [-0.033001435968265644, -0.32330624610421127], [-0.06783206061233829, -0.3733062456067002], [-0.10766268520076587, -0.4233062450524608], [-0.15249330972717623, -0.47330624444554514], [-0.20232393418575226, -0.5233062437930378], [-0.257154558571562, -0.5733062431063202], [-0.3169851828805186, -0.6233062423920046], [-0.38181580710876095, -0.6733062416471358], [-0.4516464312523847, -0.7233062408745736], [-0.5264770553084251, -0.7733062400897142], [-0.6063076792758153, -0.8233062393142523], [-0.6911383031965161, -0.8733062393868112], [-0.780304398853015, -0.9100156742788424], [-0.8710367079029839, -0.9046305073790596]]","[-0.4999999985169067, -0.49999999786108185, -0.49999999722357735, -0.4999999966132957, -0.49999999603407164, -0.49999999548613927, -0.4999999949694146, -0.4999999944886265, -0.49999999407325796, -0.49999999376538673, -0.4999999935165283, -0.49999999323011785, -0.49999999296321096, -0.49999999284018287, -0.4999999929231907, -0.5000000013793553, -0.3670943495394846, 0.053851668486651204]","[[false, false, false, false], [false, false, false, false], [false, false, false, false], [false, false, false, false], [false, false, false, false], [false, false, false, false], [false, false, false, false], [false, false, false, false], [false, false, false, false], [false, false, false, false], [false, false, false, false], [false, false, false, false], [false, false, false, false], [false, false, false, false], [false, false, false, false], [false, false, false, false], [false, false, false, false], [false, false, false, false]]","[[false, true], [false, true], [false, true], [false, true], [false, true], [false, true], [false, true], [false, true], [false, true], [false, true], [false, true], [false, true], [false, true], [false, true], [false, true], [false, true], [false, false], [false, false]]",7.933300442036978e-19,6.661338147750939e-16,1.916975849151752e-18,4.440892098500626e-16,True,6.661338147750939e-16,mid,near
